index,stem,label,label_str,pred_orig,prob_orig,pred_adv,prob_adv,correct_orig,correct_adv,pred_preserved,cos_sim,top10_overlap,delta_linf,pesq,stoi,visqol,peaq,zimtohrli,ok,lrp_cos_sim,lrp_top10_overlap,_file,model,attack,experiment,_folder,cdpam,cos_to_target,cos_orig_adv,top10_overlap_orig,top10_overlap_target,delta_l0_frac,target_mode,sparsity_ratio,fad_dist,kd,pred_preserved_calc,score_shift,abs_score_shift,margin_orig,margin_adv,margin_drop,margin_safety,near_boundary_adv_005,near_boundary_adv_010,near_boundary_adv_custom,cos_sim_norm,top10_overlap_norm,cos_change,top10_change,attribution_change,attr_changed_cos,attr_changed_top10,attr_changed_either,attr_changed_both,pesq_norm,stoi_norm,visqol_norm,peaq_norm,zimtohrli_norm,cdpam_norm,quality_score,aasr_cos_only,aasr_top10_only,aasr_either,aasr_strict,attribution_attack_success,quality_pass,aasr_quality,afs_simple,afs_quality,afs_stable,accuracy_drop_sample
0,fake_02868_suno_1,1,fake,1,0.999764,1,0.999763,1,1,1,0.049832,0.005853,0.01,3.756158,0.989188,4.073729,-1.961859,3.57782,True,0.09229,0.138344,sample_0000_fake_02868_suno_1.json,AST,Psychoacoustic,AST | Psychoacoustic,C:\Users\domin\Downloads\jsony\jsony\pertubacje\ast,,,,,,,,,,,1,-1.0000000000287557e-06,1.0000000000287557e-06,0.499764,0.49976299999999996,1.0000000000287557e-06,0.9995259999999999,0,0,0,0.049832,0.005853,0.950168,0.994147,0.9721575,1,1,1,1,0.7874737142857143,0.989188,0.76843225,0.50953525,0.715564,,0.7540386428571428,1,1,1,1,1,1,1,0.9721575,0.7330443219433929,0.7326968589347916,0
0,fake_05418_udio_0,1,fake,1,0.999277,1,0.581762,1,1,1,0.242935,0.051342,0.01,3.5838,0.985829,4.06789,-3.831314,2.983393,True,0.119909,0.169923,sample_0000_fake_05418_udio_0.json,AST,Psychoacoustic,AST | Psychoacoustic,C:\Users\domin\Downloads\jsony\jsony\pertubacje\ast,,,,,,,,,,,1,-0.41751499999999997,0.41751499999999997,0.49927699999999997,0.081762,0.41751499999999997,0.163524,0,1,1,0.242935,0.051342,0.757065,0.948658,0.8528614999999999,1,1,1,1,0.7382285714285715,0.985829,0.7669725000000001,0.04217150000000003,0.5966786,,0.6259760342857141,1,1,1,1,1,1,1,0.8528614999999999,0.5338708595649655,0.08730069843950142,0
0,fake_07770_udio_0,1,fake,1,0.999407,1,0.902673,1,1,1,0.249213,0.196381,0.01,1.725141,0.957396,3.027204,-3.990665,2.26366,True,0.148699,0.173817,sample_0000_fake_07770_udio_0.json,AST,Psychoacoustic,AST | Psychoacoustic,C:\Users\domin\Downloads\jsony\jsony\pertubacje\ast,,,,,,,,,,,1,-0.0967340000000001,0.0967340000000001,0.49940700000000005,0.40267299999999995,0.0967340000000001,0.8053459999999999,0,0,0,0.249213,0.196381,0.750787,0.803619,0.777203,1,1,1,1,0.20718314285714287,0.957396,0.506801,0.0023337500000000233,0.45273199999999997,,0.42528917857142856,1,1,1,1,1,0,0,0.777203,0.33053602545325,0.26619586595467304,0
0,fake_13018_udio_0,1,fake,1,0.999857,1,0.620886,1,1,1,0.151099,0.053785,0.01,,0.984693,4.288379,-3.701082,3.254086,True,0.227485,0.166054,sample_0000_fake_13018_udio_0.json,AST,Psychoacoustic,AST | Psychoacoustic,C:\Users\domin\Downloads\jsony\jsony\pertubacje\ast,,,,,,,,,,,1,-0.37897099999999995,0.37897099999999995,0.499857,0.12088600000000005,0.37897099999999995,0.2417720000000001,0,0,0,0.151099,0.053785,0.848901,0.946215,0.8975580000000001,1,1,1,1,,0.984693,0.82209475,0.0747295,0.6508172,,0.6330836125,1,1,1,1,1,0,0,0.8975580000000001,0.5682292610682751,0.13738192490699905,0
0,fake_14334_suno_1,1,fake,1,0.999799,1,0.994198,1,1,1,0.040845,0.005969,0.01,3.345855,0.908173,4.012089,-2.588503,3.513909,True,0.104205,0.116115,sample_0000_fake_14334_suno_1.json,AST,Psychoacoustic,AST | Psychoacoustic,C:\Users\domin\Downloads\jsony\jsony\pertubacje\ast,,,,,,,,,,,1,-0.005600999999999967,0.005600999999999967,0.499799,0.494198,0.005600999999999967,0.988396,0,0,0,0.040845,0.005969,0.959155,0.994031,0.976593,1,1,1,1,0.6702442857142856,0.908173,0.7530222499999999,0.35287424999999994,0.7027818,,0.677419117142857,1,1,1,1,1,1,1,0.976593,0.6615627678678941,0.6538859935095551,0
0,fake_19538_udio_0,1,fake,1,0.998059,0,0.37632,1,0,1,0.180089,0.011795,0.01,1.767478,0.94491,3.064832,-3.994598,2.658405,True,0.157984,0.130342,sample_0000_fake_19538_udio_0.json,AST,Psychoacoustic,AST | Psychoacoustic,C:\Users\domin\Downloads\jsony\jsony\pertubacje\ast,,,,,,,,,,,0,-0.621739,0.621739,0.49805900000000003,0.12368000000000001,0.374379,0.24736000000000002,0,0,0,0.180089,0.011795,0.8199110000000001,0.988205,0.904058,1,1,1,1,0.2192794285714286,0.94491,0.516208,0.0013505000000000322,0.5316810000000001,,0.4426857857142858,0,0,0,0,0,0,0,0.0,0.0,0.0,1
0,fake_23853_udio_1,1,fake,1,0.999617,1,0.931371,1,1,1,0.12273,0.023871,0.01,3.461966,0.959283,4.005104,-3.968202,3.036021,True,0.065748,0.149167,sample_0000_fake_23853_udio_1.json,AST,Psychoacoustic,AST | Psychoacoustic,C:\Users\domin\Downloads\jsony\jsony\pertubacje\ast,,,,,,,,,,,1,-0.06824600000000003,0.06824600000000003,0.499617,0.43137099999999995,0.06824600000000003,0.8627419999999999,0,0,0,0.12273,0.023871,0.87727,0.976129,0.9266995,1,1,1,1,0.7034188571428571,0.959283,0.751276,0.007949500000000054,0.6072042,,0.6058263114285715,1,1,1,1,1,1,1,0.9266995,0.5614189398877014,0.48435969903659526,0
0,fake_24388_suno_1,1,fake,1,0.999271,1,0.988492,1,1,1,0.124771,0.04056,0.01,2.812762,0.901608,3.121501,-2.877711,2.814413,True,0.075976,0.109059,sample_0000_fake_24388_suno_1.json,AST,Psychoacoustic,AST | Psychoacoustic,C:\Users\domin\Downloads\jsony\jsony\pertubacje\ast,,,,,,,,,,,1,-0.010778999999999983,0.010778999999999983,0.499271,0.48849200000000004,0.010778999999999983,0.9769840000000001,0,0,0,0.124771,0.04056,0.875229,0.95944,0.9173344999999999,1,1,1,1,0.5179320000000001,0.901608,0.53037525,0.28057224999999997,0.5628826,,0.55867402,1,1,1,1,1,0,0,0.9173344999999999,0.5124909527996899,0.5006954610300522,0
0,fake_25170_suno_0,1,fake,1,0.999927,1,0.78177,1,1,1,0.034436,0.007791,0.01,4.374336,0.998432,4.976331,-0.403339,4.939245,True,0.062114,0.118703,sample_0000_fake_25170_suno_0.json,AST,Psychoacoustic,AST | Psychoacoustic,C:\Users\domin\Downloads\jsony\jsony\pertubacje\ast,,,,,,,,,,,1,-0.21815700000000005,0.21815700000000005,0.499927,0.28176999999999996,0.21815700000000005,0.5635399999999999,0,0,0,0.034436,0.007791,0.965564,0.992209,0.9788865,1,1,1,1,0.9640959999999998,0.998432,0.99408275,0.89916525,0.987849,,0.9687249999999998,1,1,1,1,1,1,1,0.9788865,0.9482718247124998,0.5343891040984821,0
0,fake_26837_udio_0,1,fake,1,0.993077,1,0.971992,1,1,1,0.170008,0.049256,0.01,3.233109,0.989715,3.877586,-3.981918,3.035408,True,0.159767,0.17512,sample_0000_fake_26837_udio_0.json,AST,Psychoacoustic,AST | Psychoacoustic,C:\Users\domin\Downloads\jsony\jsony\pertubacje\ast,,,,,,,,,,,1,-0.02108500000000002,0.02108500000000002,0.493077,0.47199199999999997,0.02108500000000002,0.9439839999999999,0,0,0,0.170008,0.049256,0.8299920000000001,0.950744,0.890368,1,1,1,1,0.6380311428571428,0.989715,0.7193965,0.004520500000000038,0.6070816,,0.5917489485714285,1,1,1,1,1,1,1,0.890368,0.5268743278416457,0.49736093549326804,0
0,fake_29238_suno_1,1,fake,1,0.999841,1,0.997003,1,1,1,0.036178,0.025995,0.01,4.076977,0.972504,4.650939,-1.401859,4.247784,True,0.039158,0.112118,sample_0000_fake_29238_suno_1.json,AST,Psychoacoustic,AST | Psychoacoustic,C:\Users\domin\Downloads\jsony\jsony\pertubacje\ast,,,,,,,,,,,1,-0.002838000000000007,0.002838000000000007,0.499841,0.497003,0.002838000000000007,0.994006,0,0,0,0.036178,0.025995,0.963822,0.974005,0.9689135,1,1,1,1,0.8791362857142858,0.972504,0.91273475,0.64953525,0.8495568,,0.8526934171428572,1,1,1,1,1,1,1,0.9689135,0.8261861632308457,0.82123400336844,0
0,fake_31014_suno_0,1,fake,1,0.999941,1,0.983152,1,1,1,0.007731,0.018418,0.01,4.461052,0.999208,4.975924,-0.429953,4.951132,True,0.36838,0.117717,sample_0000_fake_31014_suno_0.json,AST,Psychoacoustic,AST | Psychoacoustic,C:\Users\domin\Downloads\jsony\jsony\pertubacje\ast,,,,,,,,,,,1,-0.016788999999999943,0.016788999999999943,0.49994099999999997,0.483152,0.016788999999999943,0.966304,0,0,0,0.007731,0.018418,0.992269,0.981582,0.9869254999999999,1,1,1,1,0.9888719999999999,0.999208,0.993981,0.89251175,0.9902264000000001,,0.97295983,1,1,1,1,1,1,1,0.9869254999999999,0.9602388667026649,0.9278826578502519,0
0,fake_35261_suno_1,1,fake,1,0.999849,1,0.995197,1,1,1,0.04425,0.011832,0.01,3.9124,0.996568,4.728535,-1.208868,4.391342,True,0.078764,0.133333,sample_0000_fake_35261_suno_1.json,AST,Psychoacoustic,AST | Psychoacoustic,C:\Users\domin\Downloads\jsony\jsony\pertubacje\ast,,,,,,,,,,,1,-0.0046519999999999895,0.0046519999999999895,0.499849,0.495197,0.0046519999999999895,0.990394,0,0,0,0.04425,0.011832,0.95575,0.988168,0.971959,1,1,1,1,0.8321142857142857,0.996568,0.93213375,0.697783,0.8782684,,0.8673734871428571,1,1,1,1,1,1,1,0.971959,0.8430514671898842,0.8349531147960582,0
0,fake_38961_udio_0,1,fake,1,0.999938,1,0.970072,1,1,1,0.142701,0.188319,0.01,4.045163,0.999323,4.774636,-3.493776,3.727273,True,0.137855,0.129537,sample_0000_fake_38961_udio_0.json,AST,Psychoacoustic,AST | Psychoacoustic,C:\Users\domin\Downloads\jsony\jsony\pertubacje\ast,,,,,,,,,,,1,-0.029865999999999948,0.029865999999999948,0.499938,0.47007200000000005,0.029865999999999948,0.9401440000000001,0,0,0,0.142701,0.188319,0.857299,0.811681,0.83449,1,1,1,1,0.8700465714285713,0.999323,0.943659,0.126556,0.7454546,,0.7370078342857143,1,1,1,1,1,1,1,0.83449,0.6150256676330856,0.5782126912712398,0
0,fake_46574_suno_1,1,fake,1,0.999943,1,0.999077,1,1,1,0.110202,0.012591,0.01,4.353907,0.997537,4.90625,-0.820655,4.766504,True,0.151306,0.082153,sample_0000_fake_46574_suno_1.json,AST,Psychoacoustic,AST | Psychoacoustic,C:\Users\domin\Downloads\jsony\jsony\pertubacje\ast,,,,,,,,,,,1,-0.0008660000000000334,0.0008660000000000334,0.499943,0.499077,0.0008660000000000334,0.998154,0,0,0,0.110202,0.012591,0.889798,0.987409,0.9386034999999999,1,1,1,1,0.958259142857143,0.997537,0.9765625,0.79483625,0.9533008000000001,,0.9360991385714286,1,1,1,1,1,1,1,0.9386034999999999,0.8786259278101278,0.8770039843473904,0
0,fake_46798_udio_1,1,fake,1,0.998581,1,0.937401,1,1,1,0.168375,0.046489,0.01,2.659713,0.867164,3.515199,-3.984473,3.333601,True,0.054809,0.121159,sample_0000_fake_46798_udio_1.json,AST,Psychoacoustic,AST | Psychoacoustic,C:\Users\domin\Downloads\jsony\jsony\pertubacje\ast,,,,,,,,,,,1,-0.06118000000000001,0.06118000000000001,0.49858100000000005,0.43740100000000004,0.06118000000000001,0.8748020000000001,0,0,0,0.168375,0.046489,0.8316250000000001,0.953511,0.892568,1,1,1,1,0.4742037142857143,0.867164,0.62879975,0.003881750000000017,0.6667202,,0.5281538828571428,1,1,1,1,1,0,0,0.892568,0.47141325491403424,0.41239325822530704,0
0,fake_49262_suno_1,1,fake,1,0.999822,1,0.998954,1,1,1,0.057299,0.036738,0.01,3.296249,0.92721,4.055413,-1.729391,3.482365,True,0.022792,0.110805,sample_0000_fake_49262_suno_1.json,AST,Psychoacoustic,AST | Psychoacoustic,C:\Users\domin\Downloads\jsony\jsony\pertubacje\ast,,,,,,,,,,,1,-0.0008679999999999799,0.0008679999999999799,0.499822,0.498954,0.0008679999999999799,0.997908,0,0,0,0.057299,0.036738,0.942701,0.963262,0.9529814999999999,1,1,1,1,0.6560711428571429,0.92721,0.7638532499999999,0.5676522500000001,0.696473,,0.7222519285714286,1,1,1,1,1,1,1,0.9529814999999999,0.6882927262678928,0.6868528178845404,0
0,fake_49482_udio_1,1,fake,1,0.999863,1,0.699299,1,1,1,0.209543,0.188764,0.01,2.075374,0.932292,3.400548,-3.547694,2.755178,True,0.181834,0.144196,sample_0000_fake_49482_udio_1.json,AST,Psychoacoustic,AST | Psychoacoustic,C:\Users\domin\Downloads\jsony\jsony\pertubacje\ast,,,,,,,,,,,1,-0.30056399999999994,0.30056399999999994,0.49986299999999995,0.199299,0.30056399999999994,0.398598,0,0,0,0.209543,0.188764,0.790457,0.8112360000000001,0.8008465,1,1,1,1,0.3072497142857143,0.932292,0.600137,0.11307650000000002,0.5510356,,0.5007581628571429,1,1,1,1,1,0,0,0.8008465,0.40103042207057293,0.15984992417648625,0
0,fake_50637_suno_0,1,fake,1,0.999949,1,0.580124,1,1,1,0.040938,0.012234,0.01,3.458103,0.939533,4.376525,-2.047854,3.874705,True,0.08179,0.217439,sample_0000_fake_50637_suno_0.json,AST,Psychoacoustic,AST | Psychoacoustic,C:\Users\domin\Downloads\jsony\jsony\pertubacje\ast,,,,,,,,,,,1,-0.419825,0.419825,0.499949,0.08012399999999997,0.419825,0.16024799999999995,0,1,1,0.040938,0.012234,0.959062,0.987766,0.973414,1,1,1,1,0.7023151428571428,0.939533,0.84413125,0.4880365,0.774941,,0.7497913785714285,1,1,1,1,1,1,1,0.973414,0.7298574249807285,0.11695819263831174,0
0,fake_51339_udio_0,1,fake,1,0.998184,0,0.376209,1,0,0,0.208807,0.055186,0.01,,0.986256,4.284045,-3.845483,3.491046,True,0.05131,0.129537,sample_0000_fake_51339_udio_0.json,AST,Psychoacoustic,AST | Psychoacoustic,C:\Users\domin\Downloads\jsony\jsony\pertubacje\ast,,,,,,,,,,,0,-0.621975,0.621975,0.49818399999999996,0.12379099999999998,0.374393,0.24758199999999997,0,0,0,0.208807,0.055186,0.791193,0.944814,0.8680035,1,1,1,1,,0.986256,0.82101125,0.03862924999999995,0.6982092,,0.636026425,0,0,0,0,0,0,0,0.0,0.0,0.0,1
0,fake_51789_suno_0,1,fake,1,0.999649,1,0.582082,1,1,1,0.103116,0.037001,0.01,2.063016,0.930834,3.6986,-2.830096,2.883655,True,0.068535,0.130946,sample_0000_fake_51789_suno_0.json,AST,Psychoacoustic,AST | Psychoacoustic,C:\Users\domin\Downloads\jsony\jsony\pertubacje\ast,,,,,,,,,,,1,-0.417567,0.417567,0.499649,0.08208199999999999,0.417567,0.16416399999999998,0,1,1,0.103116,0.037001,0.896884,0.962999,0.9299415,1,1,1,1,0.3037188571428572,0.930834,0.67465,0.29247599999999996,0.576731,,0.5556819714285715,1,1,1,1,1,0,0,0.9299415,0.5167517260332428,0.08483203035252126,0
0,fake_52861_suno_1,1,fake,1,0.999952,1,0.867584,1,1,1,0.041428,0.003413,0.01,4.430197,0.998123,4.900259,-0.431985,4.758351,True,0.118096,0.118402,sample_0000_fake_52861_suno_1.json,AST,Psychoacoustic,AST | Psychoacoustic,C:\Users\domin\Downloads\jsony\jsony\pertubacje\ast,,,,,,,,,,,1,-0.13236799999999993,0.13236799999999993,0.49995199999999995,0.367584,0.13236799999999993,0.735168,0,0,0,0.041428,0.003413,0.958572,0.996587,0.9775795,1,1,1,1,0.9800562857142856,0.998123,0.97506475,0.89200375,0.9516702,,0.959383597142857,1,1,1,1,1,1,1,0.9775795,0.9378737372031156,0.6894947596321401,0
0,real_00224,0,real,0,3.6e-05,0,0.000141,1,1,1,0.254737,0.082887,0.01,3.155014,0.996138,3.850787,-2.68339,2.86666,True,0.277099,0.538649,sample_0000_real_00224.json,AST,Psychoacoustic,AST | Psychoacoustic,C:\Users\domin\Downloads\jsony\jsony\pertubacje\ast,,,,,,,,,,,1,0.000105,0.000105,0.499964,0.499859,0.00010500000000002174,0.999718,0,0,0,0.254737,0.082887,0.745263,0.917113,0.831188,1,1,1,1,0.6157182857142857,0.996138,0.71269675,0.32915249999999996,0.573332,,0.6454075071428571,1,1,1,1,1,1,1,0.831188,0.5364549750470572,0.5363036947440939,0
0,real_00689,0,real,0,1.9e-05,0,1.9e-05,1,1,1,0.097562,0.083882,0.01,4.643888,1.0,5.0,-3.4e-05,5.0,True,0.785688,0.693892,sample_0000_real_00689.json,AST,Psychoacoustic,AST | Psychoacoustic,C:\Users\domin\Downloads\jsony\jsony\pertubacje\ast,,,,,,,,,,,1,0.0,0.0,0.499981,0.499981,0.0,0.999962,0,0,0,0.097562,0.083882,0.902438,0.916118,0.909278,1,1,1,1,1.0,1.0,1.0,0.9999915,1.0,,0.9999983,1,1,1,1,1,1,1,0.909278,0.9092764542274,0.9092419017221394,0
0,real_06651,0,real,0,0.005501,0,0.005501,1,1,1,0.18904,0.045667,0.01,4.643888,1.0,5.0,0.0,5.0,True,0.378808,0.465259,sample_0000_real_06651.json,AST,Psychoacoustic,AST | Psychoacoustic,C:\Users\domin\Downloads\jsony\jsony\pertubacje\ast,,,,,,,,,,,1,0.0,0.0,0.494499,0.494499,0.0,0.988998,0,0,0,0.18904,0.045667,0.81096,0.954333,0.8826465,1,1,1,1,1.0,1.0,1.0,1.0,1.0,,1.0,1,1,1,1,1,1,1,0.8826465,0.8826465,0.872935623207,0
0,real_06824,0,real,0,1.9e-05,0,1.9e-05,1,1,1,0.129527,0.053782,0.01,4.643888,1.0,5.0,0.0,5.0,True,0.736804,0.622896,sample_0000_real_06824.json,AST,Psychoacoustic,AST | Psychoacoustic,C:\Users\domin\Downloads\jsony\jsony\pertubacje\ast,,,,,,,,,,,1,0.0,0.0,0.499981,0.499981,0.0,0.999962,0,0,0,0.129527,0.053782,0.870473,0.946218,0.9083455,1,1,1,1,1.0,1.0,1.0,1.0,1.0,,1.0,1,1,1,1,1,1,1,0.9083455,0.9083455,0.9083109828710001,0
0,real_06994,0,real,0,3.3e-05,0,3.3e-05,1,1,1,0.22855,0.069322,0.01,4.643888,1.0,5.0,0.0,5.0,True,0.538035,0.556351,sample_0000_real_06994.json,AST,Psychoacoustic,AST | Psychoacoustic,C:\Users\domin\Downloads\jsony\jsony\pertubacje\ast,,,,,,,,,,,1,0.0,0.0,0.499967,0.499967,0.0,0.999934,0,0,0,0.22855,0.069322,0.77145,0.930678,0.851064,1,1,1,1,1.0,1.0,1.0,1.0,1.0,,1.0,1,1,1,1,1,1,1,0.851064,0.851064,0.851007829776,0
0,real_07251,0,real,0,0.232924,0,0.232924,1,1,1,0.11597,0.227738,0.01,,0.0,,0.0,5.0,True,0.478947,0.344552,sample_0000_real_07251.json,AST,Psychoacoustic,AST | Psychoacoustic,C:\Users\domin\Downloads\jsony\jsony\pertubacje\ast,,,,,,,,,,,1,0.0,0.0,0.267076,0.267076,0.0,0.534152,0,0,0,0.11597,0.227738,0.88403,0.772262,0.828146,1,1,1,1,,0.0,,1.0,1.0,,0.6666666666666666,1,1,1,1,1,0,0,0.828146,0.5520973333333333,0.29490389479466667,0
0,real_07252,0,real,0,8.5e-05,0,8.5e-05,1,1,1,0.211188,0.027057,0.01,4.643888,1.0,5.0,0.0,5.0,True,0.605873,0.498355,sample_0000_real_07252.json,AST,Psychoacoustic,AST | Psychoacoustic,C:\Users\domin\Downloads\jsony\jsony\pertubacje\ast,,,,,,,,,,,1,0.0,0.0,0.499915,0.499915,0.0,0.99983,0,0,0,0.211188,0.027057,0.7888120000000001,0.972943,0.8808775,1,1,1,1,1.0,1.0,1.0,1.0,1.0,,1.0,1,1,1,1,1,1,1,0.8808775,0.8808775,0.880727750825,0
0,real_07293,0,real,0,0.00035,0,0.00035,1,1,1,0.207422,0.154865,0.01,4.643888,1.0,5.0,0.0,5.0,True,0.910901,0.821982,sample_0000_real_07293.json,AST,Psychoacoustic,AST | Psychoacoustic,C:\Users\domin\Downloads\jsony\jsony\pertubacje\ast,,,,,,,,,,,1,0.0,0.0,0.49965,0.49965,0.0,0.9993,0,0,0,0.207422,0.154865,0.792578,0.845135,0.8188565,1,1,1,1,1.0,1.0,1.0,1.0,1.0,,1.0,1,1,1,1,1,1,1,0.8188565,0.8188565,0.81828330045,0
0,real_09534,0,real,0,0.482508,0,9.9e-05,1,1,1,0.106738,0.390589,0.01,,0.994252,4.89615,-1.757594,4.52294,True,0.810075,0.855868,sample_0000_real_09534.json,AST,Psychoacoustic,AST | Psychoacoustic,C:\Users\domin\Downloads\jsony\jsony\pertubacje\ast,,,,,,,,,,,1,-0.482409,0.482409,0.017492000000000008,0.499901,-0.482409,0.999802,0,0,0,0.106738,0.390589,0.893262,0.6094109999999999,0.7513365,1,0,1,0,,0.994252,0.9740374999999999,0.5606015,0.9045880000000001,,0.8583697499999999,1,0,1,0,0,0,0,0.7513365,0.6449245236708749,0.6447968286151881,0
0,real_09723,0,real,0,4.3e-05,0,4.3e-05,1,1,1,0.169478,0.089898,0.01,4.643888,1.0,5.0,0.0,5.0,True,0.803884,0.616125,sample_0000_real_09723.json,AST,Psychoacoustic,AST | Psychoacoustic,C:\Users\domin\Downloads\jsony\jsony\pertubacje\ast,,,,,,,,,,,1,0.0,0.0,0.499957,0.499957,0.0,0.999914,0,0,0,0.169478,0.089898,0.830522,0.910102,0.870312,1,1,1,1,1.0,1.0,1.0,1.0,1.0,,1.0,1,1,1,1,1,1,1,0.870312,0.870312,0.870237153168,0
0,real_09833,0,real,0,0.232924,0,0.232924,1,1,1,0.17755,0.198328,0.01,,0.0,,0.0,5.0,True,0.710387,0.712472,sample_0000_real_09833.json,AST,Psychoacoustic,AST | Psychoacoustic,C:\Users\domin\Downloads\jsony\jsony\pertubacje\ast,,,,,,,,,,,1,0.0,0.0,0.267076,0.267076,0.0,0.534152,0,0,0,0.17755,0.198328,0.82245,0.8016719999999999,0.8120609999999999,1,1,1,1,,0.0,,1.0,1.0,,0.6666666666666666,1,1,1,1,1,0,0,0.8120609999999999,0.5413739999999999,0.28917600484799993,0
0,real_10022,0,real,0,0.002479,0,0.004588,1,1,1,0.103867,0.045822,0.01,3.575845,0.991394,4.676148,-3.980141,4.544578,True,0.477482,0.5339,sample_0000_real_10022.json,AST,Psychoacoustic,AST | Psychoacoustic,C:\Users\domin\Downloads\jsony\jsony\pertubacje\ast,,,,,,,,,,,1,0.002109,0.002109,0.497521,0.495412,0.002108999999999972,0.990824,0,0,0,0.103867,0.045822,0.896133,0.954178,0.9251555,1,1,1,1,0.7359557142857144,0.991394,0.9190370000000001,0.004964749999999962,0.9089155999999999,,0.712053412857143,1,1,1,1,1,1,1,0.9251555,0.6587601311985566,0.6527153482346787,0
0,real_11839,0,real,0,0.015126,0,0.017237,1,1,1,0.08115,0.205988,0.01,3.649058,0.975869,4.746525,-2.356576,4.428473,True,0.535535,0.570397,sample_0000_real_11839.json,AST,Psychoacoustic,AST | Psychoacoustic,C:\Users\domin\Downloads\jsony\jsony\pertubacje\ast,,,,,,,,,,,1,0.0021109999999999983,0.0021109999999999983,0.484874,0.482763,0.0021110000000000295,0.965526,0,0,0,0.08115,0.205988,0.91885,0.7940119999999999,0.8564309999999999,1,1,1,1,0.7568737142857144,0.975869,0.93663125,0.410856,0.8856946000000001,,0.7931849128571429,1,1,1,1,1,1,1,0.8564309999999999,0.6793081481031557,0.6558896790054475,0
0,real_12285,0,real,0,3.9e-05,0,3.8e-05,1,1,1,0.245193,0.039582,0.01,4.536274,0.999931,4.919158,-3.966608,4.827099,True,0.705559,0.55003,sample_0000_real_12285.json,AST,Psychoacoustic,AST | Psychoacoustic,C:\Users\domin\Downloads\jsony\jsony\pertubacje\ast,,,,,,,,,,,1,-9.999999999999972e-07,9.999999999999972e-07,0.499961,0.499962,-1.0000000000287557e-06,0.999924,0,0,0,0.245193,0.039582,0.754807,0.960418,0.8576125,1,1,1,1,1.0,0.999931,0.9797895000000001,0.008348000000000022,0.9654197999999999,,0.79069766,1,1,1,1,1,1,1,0.8576125,0.67811219693675,0.6780606604097827,0
0,real_12407,0,real,0,0.006117,0,5e-06,1,1,1,0.159828,0.038716,0.01,4.087994,0.926382,4.505487,-2.106346,4.504386,True,0.304659,0.452151,sample_0000_real_12407.json,AST,Psychoacoustic,AST | Psychoacoustic,C:\Users\domin\Downloads\jsony\jsony\pertubacje\ast,,,,,,,,,,,1,-0.006112,0.006112,0.493883,0.499995,-0.006112000000000006,0.99999,0,0,0,0.159828,0.038716,0.840172,0.961284,0.900728,1,1,1,1,0.8822840000000001,0.926382,0.8763717499999999,0.47341350000000004,0.9008772,,0.8118656900000001,1,1,1,1,1,1,1,0.900728,0.7312701592223201,0.7312628465207279,0
0,real_12540,0,real,0,0.000274,0,0.000274,1,1,1,0.053911,0.610333,0.01,4.643888,1.0,5.0,0.0,5.0,True,0.902577,0.876678,sample_0000_real_12540.json,AST,Psychoacoustic,AST | Psychoacoustic,C:\Users\domin\Downloads\jsony\jsony\pertubacje\ast,,,,,,,,,,,1,0.0,0.0,0.499726,0.499726,0.0,0.999452,0,0,0,0.053911,0.610333,0.946089,0.389667,0.667878,1,0,1,0,1.0,1.0,1.0,1.0,1.0,,1.0,1,0,1,0,0,1,0,0.667878,0.667878,0.667512002856,0
0,real_12741,0,real,0,2e-05,0,2.6e-05,1,1,1,0.104731,0.063119,0.01,4.03087,0.998541,4.745116,-2.27299,4.458456,True,0.743061,0.673693,sample_0000_real_12741.json,AST,Psychoacoustic,AST | Psychoacoustic,C:\Users\domin\Downloads\jsony\jsony\pertubacje\ast,,,,,,,,,,,1,5.999999999999997e-06,5.999999999999997e-06,0.49998,0.499974,6.0000000000060005e-06,0.999948,0,0,0,0.104731,0.063119,0.895269,0.936881,0.916075,1,1,1,1,0.8659628571428571,0.998541,0.9362790000000001,0.4317525,0.8916912,,0.8248453114285714,1,1,1,1,1,1,1,0.916075,0.7556201686669285,0.7555808764181577,0
0,real_13325,0,real,0,8.7e-05,0,8.7e-05,1,1,1,0.172722,0.065119,0.01,4.643888,1.0,5.0,0.0,5.0,True,0.619063,0.376006,sample_0000_real_13325.json,AST,Psychoacoustic,AST | Psychoacoustic,C:\Users\domin\Downloads\jsony\jsony\pertubacje\ast,,,,,,,,,,,1,0.0,0.0,0.499913,0.499913,0.0,0.999826,0,0,0,0.172722,0.065119,0.827278,0.934881,0.8810795,1,1,1,1,1.0,1.0,1.0,1.0,1.0,,1.0,1,1,1,1,1,1,1,0.8810795,0.8810795,0.880926192167,0
0,real_19119,0,real,0,0.000223,0,0.000223,1,1,1,0.106932,0.038172,0.01,4.643888,1.0,5.0,0.0,5.0,True,0.705323,0.629177,sample_0000_real_19119.json,AST,Psychoacoustic,AST | Psychoacoustic,C:\Users\domin\Downloads\jsony\jsony\pertubacje\ast,,,,,,,,,,,1,0.0,0.0,0.499777,0.499777,0.0,0.999554,0,0,0,0.106932,0.038172,0.893068,0.961828,0.927448,1,1,1,1,1.0,1.0,1.0,1.0,1.0,,1.0,1,1,1,1,1,1,1,0.927448,0.927448,0.9270343581920001,0
0,real_19284,0,real,0,0.00014,0,0.000757,1,1,1,0.225589,0.330732,0.01,3.782875,0.966164,4.093919,-3.980483,4.16975,True,0.846997,0.689373,sample_0000_real_19284.json,AST,Psychoacoustic,AST | Psychoacoustic,C:\Users\domin\Downloads\jsony\jsony\pertubacje\ast,,,,,,,,,,,1,0.0006169999999999999,0.0006169999999999999,0.49986,0.499243,0.0006170000000000342,0.998486,0,0,0,0.225589,0.330732,0.774411,0.669268,0.7218395,1,0,1,0,0.7951071428571429,0.966164,0.7734797499999999,0.004879250000000002,0.83395,,0.6747160285714285,1,0,1,0,0,1,0,0.7218395,0.48703668070598566,0.4862993071713968,0
0,real_19441,0,real,0,0.01433,0,0.000178,1,1,1,0.128386,0.052392,0.01,3.698053,0.916013,4.528718,-2.312019,4.099614,True,0.347732,0.48895,sample_0000_real_19441.json,AST,Psychoacoustic,AST | Psychoacoustic,C:\Users\domin\Downloads\jsony\jsony\pertubacje\ast,,,,,,,,,,,1,-0.014152000000000001,0.014152000000000001,0.48567,0.499822,-0.014151999999999998,0.999644,0,0,0,0.128386,0.052392,0.871614,0.947608,0.909611,1,1,1,1,0.7708722857142857,0.916013,0.8821794999999999,0.42199525000000004,0.8199228,,0.7621965671428572,1,1,1,1,1,1,1,0.909611,0.6933023816353815,0.6930555659875193,0
0,real_19661,0,real,0,0.014121,0,0.014121,1,1,1,0.167982,0.049825,0.01,4.643888,1.0,5.0,0.0,5.0,True,0.567415,0.552265,sample_0000_real_19661.json,AST,Psychoacoustic,AST | Psychoacoustic,C:\Users\domin\Downloads\jsony\jsony\pertubacje\ast,,,,,,,,,,,1,0.0,0.0,0.485879,0.485879,0.0,0.971758,0,0,0,0.167982,0.049825,0.832018,0.950175,0.8910965,1,1,1,1,1.0,1.0,1.0,1.0,1.0,,1.0,1,1,1,1,1,1,1,0.8910965,0.8910965,0.865930152647,0
0,real_20757,0,real,0,0.000255,0,3.4e-05,1,1,1,0.150241,0.053553,0.01,4.432914,0.952813,4.550755,-0.90152,4.383548,True,0.545005,0.458742,sample_0000_real_20757.json,AST,Psychoacoustic,AST | Psychoacoustic,C:\Users\domin\Downloads\jsony\jsony\pertubacje\ast,,,,,,,,,,,1,-0.000221,0.000221,0.499745,0.499966,-0.00022100000000002673,0.999932,0,0,0,0.150241,0.053553,0.8497589999999999,0.946447,0.898103,1,1,1,1,0.9808325714285715,0.952813,0.8876887499999999,0.77462,0.8767096000000001,,0.8945327842857143,1,1,1,1,1,1,1,0.898103,0.8033825771653528,0.8033279471501056,0
1,fake_02193_udio_1,1,fake,1,0.998626,1,0.969285,1,1,0,0.212494,0.059766,0.01,2.313376,0.987584,3.166376,-3.988845,2.717261,True,0.088713,0.119972,sample_0001_fake_02193_udio_1.json,AST,Psychoacoustic,AST | Psychoacoustic,C:\Users\domin\Downloads\jsony\jsony\pertubacje\ast,,,,,,,,,,,1,-0.02934100000000006,0.02934100000000006,0.498626,0.46928499999999995,0.02934100000000006,0.9385699999999999,0,0,0,0.212494,0.059766,0.787506,0.940234,0.86387,1,1,1,1,0.3752502857142857,0.987584,0.541594,0.0027887500000000065,0.5434522,,0.4901338471428572,1,1,1,1,1,0,0,0.86387,0.42341192653130005,0.39740173188448225,0
1,fake_06014_udio_0,1,fake,1,0.999916,1,0.862435,1,1,1,0.128799,0.173817,0.01,,0.995802,4.556738,-3.659877,3.765882,True,0.083175,0.127531,sample_0001_fake_06014_udio_0.json,AST,Psychoacoustic,AST | Psychoacoustic,C:\Users\domin\Downloads\jsony\jsony\pertubacje\ast,,,,,,,,,,,1,-0.13748100000000008,0.13748100000000008,0.499916,0.36243499999999995,0.13748100000000008,0.7248699999999999,0,0,0,0.128799,0.173817,0.871201,0.826183,0.848692,1,1,1,1,,0.995802,0.8891845,0.08503075000000004,0.7531764,,0.6807984125000001,1,1,1,1,1,0,0,0.848692,0.57778816630145,0.418821308106932,0
1,fake_09896_suno_1,1,fake,1,0.999922,1,0.998645,1,1,1,0.051413,0.014024,0.01,4.473842,0.999377,4.99266,-0.254995,4.92994,True,0.155205,0.102639,sample_0001_fake_09896_suno_1.json,AST,Psychoacoustic,AST | Psychoacoustic,C:\Users\domin\Downloads\jsony\jsony\pertubacje\ast,,,,,,,,,,,1,-0.0012769999999999726,0.0012769999999999726,0.499922,0.498645,0.0012769999999999726,0.99729,0,0,0,0.051413,0.014024,0.948587,0.985976,0.9672814999999999,1,1,1,1,0.9925262857142858,0.999377,0.998165,0.93625125,0.9859880000000001,,0.9824615071428571,1,1,1,1,1,1,1,0.9672814999999999,0.9503168403214034,0.9477414816841324,0
1,fake_13581_udio_0,1,fake,1,0.999542,1,0.931504,1,1,1,0.219591,0.025856,0.01,2.908011,0.849814,3.368629,-3.101686,2.845825,True,0.055315,0.128333,sample_0001_fake_13581_udio_0.json,AST,Psychoacoustic,AST | Psychoacoustic,C:\Users\domin\Downloads\jsony\jsony\pertubacje\ast,,,,,,,,,,,1,-0.06803800000000004,0.06803800000000004,0.49954200000000004,0.431504,0.06803800000000004,0.863008,0,0,0,0.219591,0.025856,0.780409,0.974144,0.8772765,1,1,1,1,0.545146,0.849814,0.59215725,0.22457850000000001,0.569165,,0.5561721499999999,1,1,1,1,1,0,0,0.8772765,0.4879167571494749,0.42107606475405407,0
1,fake_14886_suno_0,1,fake,1,0.999579,1,0.936059,1,1,1,0.070029,0.01989,0.01,2.823587,0.970372,4.620669,-2.231055,3.581314,True,0.047616,0.126958,sample_0001_fake_14886_suno_0.json,AST,Psychoacoustic,AST | Psychoacoustic,C:\Users\domin\Downloads\jsony\jsony\pertubacje\ast,,,,,,,,,,,1,-0.06352000000000002,0.06352000000000002,0.499579,0.436059,0.06352000000000002,0.872118,0,0,0,0.070029,0.01989,0.929971,0.98011,0.9550405,1,1,1,1,0.5210248571428571,0.970372,0.9051672500000001,0.44223625,0.7162628,,0.7110126314285714,1,1,1,1,1,0,0,0.9550405,0.6790458590258586,0.5922081164819137,0
1,fake_18041_udio_1,1,fake,1,0.999895,1,0.937359,1,1,0,0.155352,0.043736,0.01,3.470184,0.951469,4.37076,-2.427508,3.551874,True,0.066425,0.107467,sample_0001_fake_18041_udio_1.json,AST,Psychoacoustic,AST | Psychoacoustic,C:\Users\domin\Downloads\jsony\jsony\pertubacje\ast,,,,,,,,,,,1,-0.06253599999999992,0.06253599999999992,0.499895,0.43735900000000005,0.06253599999999992,0.8747180000000001,0,0,0,0.155352,0.043736,0.8446480000000001,0.956264,0.900456,1,1,1,1,0.7057668571428571,0.951469,0.8426899999999999,0.393123,0.7103748000000001,,0.7206847314285716,1,1,1,1,1,1,1,0.900456,0.6489448905232459,0.5676437767487127,0
1,fake_18908_suno_1,1,fake,1,0.999812,1,0.964707,1,1,1,0.087588,0.031784,0.01,2.751101,0.863858,3.857065,-2.541246,3.242072,True,0.045137,0.088044,sample_0001_fake_18908_suno_1.json,AST,Psychoacoustic,AST | Psychoacoustic,C:\Users\domin\Downloads\jsony\jsony\pertubacje\ast,,,,,,,,,,,1,-0.03510500000000005,0.03510500000000005,0.49981200000000003,0.464707,0.03510500000000005,0.929414,0,0,0,0.087588,0.031784,0.912412,0.968216,0.940314,1,1,1,1,0.5003145714285714,0.863858,0.71426625,0.36468849999999997,0.6484144,,0.6183083442857142,1,1,1,1,1,0,0,0.940314,0.5814039924486771,0.5403650102376948,0
1,fake_23504_suno_1,1,fake,1,0.999823,1,0.876341,1,1,1,0.109968,0.031641,0.01,3.255896,0.908091,3.916225,-2.580685,3.073093,True,0.078408,0.126597,sample_0001_fake_23504_suno_1.json,AST,Psychoacoustic,AST | Psychoacoustic,C:\Users\domin\Downloads\jsony\jsony\pertubacje\ast,,,,,,,,,,,1,-0.12348199999999998,0.12348199999999998,0.499823,0.37634100000000004,0.12348199999999998,0.7526820000000001,0,0,0,0.109968,0.031641,0.890032,0.968359,0.9291955000000001,1,1,1,1,0.6445417142857143,0.908091,0.72905625,0.35482875,0.6146186,,0.6502272628571429,1,1,1,1,1,1,1,0.9291955000000001,0.6041882466241744,0.45476161784557684,0
1,fake_23884_suno_1,1,fake,1,0.999752,1,0.985658,1,1,1,0.063502,0.024442,0.01,4.02261,0.888567,3.590183,-2.137901,3.46818,True,0.080912,0.140558,sample_0001_fake_23884_suno_1.json,AST,Psychoacoustic,AST | Psychoacoustic,C:\Users\domin\Downloads\jsony\jsony\pertubacje\ast,,,,,,,,,,,1,-0.01409399999999994,0.01409399999999994,0.499752,0.48565800000000003,0.01409399999999994,0.9713160000000001,0,0,0,0.063502,0.024442,0.936498,0.975558,0.9560280000000001,1,1,1,1,0.8636028571428572,0.888567,0.64754575,0.46552475000000004,0.6936359999999999,,0.7117752714285714,1,1,1,1,1,1,1,0.9560280000000001,0.6804770891933144,0.6609582843668934,0
1,fake_27504_udio_1,1,fake,1,0.999879,1,0.961361,1,1,1,0.074023,0.021893,0.01,4.070899,0.999265,4.978352,-0.51874,4.675975,True,0.070911,0.093728,sample_0001_fake_27504_udio_1.json,AST,Psychoacoustic,AST | Psychoacoustic,C:\Users\domin\Downloads\jsony\jsony\pertubacje\ast,,,,,,,,,,,1,-0.03851799999999994,0.03851799999999994,0.49987899999999996,0.461361,0.03851799999999994,0.922722,0,0,0,0.074023,0.021893,0.925977,0.978107,0.952042,1,1,1,1,0.8773997142857143,0.999265,0.994588,0.870315,0.935195,,0.9353525428571429,1,1,1,1,1,1,1,0.952042,0.8904949056068001,0.8216792402913179,0
1,fake_30244_udio_0,1,fake,1,0.99976,1,0.937215,1,1,1,0.186937,0.052387,0.01,3.885484,0.966122,4.253277,-3.966436,3.119041,True,0.081892,0.149583,sample_0001_fake_30244_udio_0.json,AST,Psychoacoustic,AST | Psychoacoustic,C:\Users\domin\Downloads\jsony\jsony\pertubacje\ast,,,,,,,,,,,1,-0.06254499999999996,0.06254499999999996,0.49976,0.437215,0.06254499999999996,0.87443,0,0,0,0.186937,0.052387,0.813063,0.947613,0.8803380000000001,1,1,1,1,0.8244239999999999,0.966122,0.8133192499999999,0.008391000000000037,0.6238082,,0.64721289,1,1,1,1,1,1,1,0.8803380000000001,0.56976610115682,0.49822057183455815,0
1,fake_30470_udio_1,1,fake,1,0.999547,0,0.367927,1,0,1,0.19267,0.008259,0.01,1.360668,0.760797,2.329701,-3.995661,2.521367,True,0.028122,0.104,sample_0001_fake_30470_udio_1.json,AST,Psychoacoustic,AST | Psychoacoustic,C:\Users\domin\Downloads\jsony\jsony\pertubacje\ast,,,,,,,,,,,0,-0.63162,0.63162,0.49954699999999996,0.132073,0.36747399999999997,0.264146,0,0,0,0.19267,0.008259,0.80733,0.991741,0.8995355,1,1,1,1,0.103048,0.760797,0.33242525,0.0010847499999999677,0.5042734,,0.34032567999999996,0,0,0,0,0,0,0,0.0,0.0,0.0,1
1,fake_37097_udio_0,1,fake,1,0.999842,1,0.516934,1,1,1,0.144103,0.00858,0.01,2.232978,0.851696,3.275149,-3.987748,3.080311,True,0.171953,0.109402,sample_0001_fake_37097_udio_0.json,AST,Psychoacoustic,AST | Psychoacoustic,C:\Users\domin\Downloads\jsony\jsony\pertubacje\ast,,,,,,,,,,,1,-0.482908,0.482908,0.499842,0.016934000000000005,0.482908,0.03386800000000001,1,1,1,0.144103,0.00858,0.855897,0.99142,0.9236584999999999,1,1,1,1,0.35227942857142863,0.851696,0.56878725,0.003063000000000038,0.6160622,,0.47837757571428574,1,1,1,1,1,0,0,0.9236584999999999,0.4418575140178936,0.014964830284758025,0
1,fake_41199_suno_0,1,fake,1,0.999266,1,0.985533,1,1,1,0.068376,0.010989,0.01,3.323877,0.957694,3.939088,-2.18009,3.118196,True,0.065406,0.118098,sample_0001_fake_41199_suno_0.json,AST,Psychoacoustic,AST | Psychoacoustic,C:\Users\domin\Downloads\jsony\jsony\pertubacje\ast,,,,,,,,,,,1,-0.013732999999999995,0.013732999999999995,0.499266,0.485533,0.013732999999999995,0.971066,0,0,0,0.068376,0.010989,0.931624,0.989011,0.9603174999999999,1,1,1,1,0.6639648571428571,0.957694,0.734772,0.45497750000000003,0.6236392000000001,,0.6870095114285715,1,1,1,1,1,1,1,0.9603174999999999,0.6597472564913072,0.6406581293719876,0
1,fake_42122_suno_1,1,fake,1,0.999928,1,0.977615,1,1,1,0.066864,0.01767,0.01,4.016909,0.969838,4.354203,-1.483015,3.937865,True,0.053037,0.110149,sample_0001_fake_42122_suno_1.json,AST,Psychoacoustic,AST | Psychoacoustic,C:\Users\domin\Downloads\jsony\jsony\pertubacje\ast,,,,,,,,,,,1,-0.022313000000000027,0.022313000000000027,0.49992800000000004,0.477615,0.022313000000000027,0.95523,0,0,0,0.066864,0.01767,0.933136,0.98233,0.957733,1,1,1,1,0.861974,0.969838,0.83855075,0.62924625,0.787573,,0.8174363999999998,1,1,1,1,1,1,1,0.957733,0.7828858156811997,0.7478360177131524,0
1,fake_44098_suno_0,1,fake,1,0.999915,1,0.998824,1,1,1,0.067335,0.043639,0.01,4.391681,0.976972,4.700242,-0.655581,4.41372,True,0.05369,0.125873,sample_0001_fake_44098_suno_0.json,AST,Psychoacoustic,AST | Psychoacoustic,C:\Users\domin\Downloads\jsony\jsony\pertubacje\ast,,,,,,,,,,,1,-0.0010909999999999531,0.0010909999999999531,0.499915,0.49882400000000005,0.0010909999999999531,0.9976480000000001,0,0,0,0.067335,0.043639,0.932665,0.956361,0.9445129999999999,1,1,1,1,0.9690517142857143,0.976972,0.9250605000000001,0.8361047500000001,0.882744,,0.9179865928571429,1,1,1,1,1,1,1,0.9445129999999999,0.8670502707792785,0.8650109685424058,0
1,fake_46348_udio_1,1,fake,1,0.99985,1,0.849733,1,1,1,0.114516,0.006341,0.01,2.476007,0.927109,3.947943,-3.983057,3.369332,True,0.089111,0.156706,sample_0001_fake_46348_udio_1.json,AST,Psychoacoustic,AST | Psychoacoustic,C:\Users\domin\Downloads\jsony\jsony\pertubacje\ast,,,,,,,,,,,1,-0.15011700000000006,0.15011700000000006,0.49985,0.34973299999999996,0.15011700000000006,0.6994659999999999,0,0,0,0.114516,0.006341,0.8854839999999999,0.993659,0.9395715,1,1,1,1,0.4217162857142857,0.927109,0.73698575,0.004235749999999983,0.6738664,,0.5527826371428571,1,1,1,1,1,0,0,0.9395715,0.51937881155427,0.363287819802619,0
1,fake_48933_suno_1,1,fake,1,0.999897,1,0.98319,1,1,1,0.107222,0.050389,0.01,3.400012,0.941726,4.071517,-2.155329,3.303457,True,0.06537,0.115001,sample_0001_fake_48933_suno_1.json,AST,Psychoacoustic,AST | Psychoacoustic,C:\Users\domin\Downloads\jsony\jsony\pertubacje\ast,,,,,,,,,,,1,-0.016707000000000027,0.016707000000000027,0.49989700000000004,0.48319,0.016707000000000027,0.96638,0,0,0,0.107222,0.050389,0.892778,0.949611,0.9211944999999999,1,1,1,1,0.6857177142857143,0.941726,0.76787925,0.46116775,0.6606913999999999,,0.7034364228571428,1,1,1,1,1,1,1,0.9211944999999999,0.6480017638356742,0.6262159445355189,0
1,fake_50028_suno_1,1,fake,1,0.999831,1,0.775111,1,1,1,0.118146,0.050533,0.01,2.498464,0.982539,3.688812,-2.644617,2.946046,True,0.099198,0.124356,sample_0001_fake_50028_suno_1.json,AST,Psychoacoustic,AST | Psychoacoustic,C:\Users\domin\Downloads\jsony\jsony\pertubacje\ast,,,,,,,,,,,1,-0.22472000000000003,0.22472000000000003,0.499831,0.275111,0.22472000000000003,0.550222,0,0,0,0.118146,0.050533,0.881854,0.949467,0.9156605,1,1,1,1,0.42813257142857136,0.982539,0.672203,0.33884574999999995,0.5892092,,0.6021859042857143,1,1,1,1,1,0,0,0.9156605,0.5513978462112092,0.30339122573802396,0
1,real_00268,0,real,0,3.6e-05,0,7.1e-05,1,1,1,0.234727,0.038265,0.01,4.588117,0.999538,4.938071,-0.416459,4.890799,True,0.716185,0.649926,sample_0001_real_00268.json,AST,Psychoacoustic,AST | Psychoacoustic,C:\Users\domin\Downloads\jsony\jsony\pertubacje\ast,,,,,,,,,,,1,3.5000000000000004e-05,3.5000000000000004e-05,0.499964,0.499929,3.500000000000725e-05,0.999858,0,0,0,0.234727,0.038265,0.765273,0.961735,0.863504,1,1,1,1,1.0,0.999538,0.98451775,0.89588525,0.9781598,,0.97162016,1,1,1,1,1,1,1,0.863504,0.83899789464064,0.838878756939601,0
1,real_03041,0,real,0,0.000433,0,3.7e-05,1,1,1,0.206228,0.054197,0.01,4.091475,0.960434,4.505733,-1.943115,4.470391,True,0.377158,0.350209,sample_0001_real_03041.json,AST,Psychoacoustic,AST | Psychoacoustic,C:\Users\domin\Downloads\jsony\jsony\pertubacje\ast,,,,,,,,,,,1,-0.00039600000000000003,0.00039600000000000003,0.499567,0.499963,-0.00039600000000000746,0.999926,0,0,0,0.206228,0.054197,0.793772,0.945803,0.8697874999999999,1,1,1,1,0.8832785714285715,0.960434,0.87643325,0.5142212500000001,0.8940782,,0.8256890542857145,1,1,1,1,1,1,1,0.8697874999999999,0.7181740183045359,0.7181208734271813,0
1,real_03147,0,real,0,5e-06,0,3.9e-05,1,1,1,0.245995,0.107672,0.01,4.522984,0.999575,4.932174,-0.694261,4.82795,True,0.506527,0.554297,sample_0001_real_03147.json,AST,Psychoacoustic,AST | Psychoacoustic,C:\Users\domin\Downloads\jsony\jsony\pertubacje\ast,,,,,,,,,,,1,3.4e-05,3.4e-05,0.499995,0.499961,3.4000000000034e-05,0.999922,0,0,0,0.245995,0.107672,0.754005,0.892328,0.8231665,1,1,1,1,1.0,0.999575,0.9830435,0.82643475,0.9655900000000001,,0.9549286499999999,1,1,1,1,1,1,1,0.8231665,0.786065274570225,0.7860039614788085,0
1,real_03751,0,real,0,0.000119,0,0.000119,1,1,1,0.164129,0.056034,0.01,4.643888,1.0,5.0,0.0,5.0,True,0.340262,0.47,sample_0001_real_03751.json,AST,Psychoacoustic,AST | Psychoacoustic,C:\Users\domin\Downloads\jsony\jsony\pertubacje\ast,,,,,,,,,,,1,0.0,0.0,0.499881,0.499881,0.0,0.999762,0,0,0,0.164129,0.056034,0.835871,0.943966,0.8899185000000001,1,1,1,1,1.0,1.0,1.0,1.0,1.0,,1.0,1,1,1,1,1,1,1,0.8899185000000001,0.8899185000000001,0.8897066993970001,0
1,real_06031,0,real,0,0.000187,0,0.000187,1,1,1,0.305605,0.057131,0.01,4.643888,1.0,5.0,0.0,5.0,True,0.852745,0.674154,sample_0001_real_06031.json,AST,Psychoacoustic,AST | Psychoacoustic,C:\Users\domin\Downloads\jsony\jsony\pertubacje\ast,,,,,,,,,,,1,0.0,0.0,0.499813,0.499813,0.0,0.999626,0,0,0,0.305605,0.057131,0.694395,0.942869,0.818632,1,1,1,1,1.0,1.0,1.0,1.0,1.0,,1.0,1,1,1,1,1,1,1,0.818632,0.818632,0.818325831632,0
1,real_07265,0,real,0,1.2e-05,0,2e-06,1,1,1,0.160308,0.037221,0.01,4.374547,0.994631,4.736783,-3.971892,4.444496,True,0.842373,0.696888,sample_0001_real_07265.json,AST,Psychoacoustic,AST | Psychoacoustic,C:\Users\domin\Downloads\jsony\jsony\pertubacje\ast,,,,,,,,,,,1,-1e-05,1e-05,0.499988,0.499998,-1.0000000000010001e-05,0.999996,0,0,0,0.160308,0.037221,0.839692,0.962779,0.9012355000000001,1,1,1,1,0.9641562857142857,0.994631,0.93419575,0.0070270000000000055,0.8888992,,0.7577818471428571,1,1,1,1,1,1,1,0.9012355000000001,0.6829399019007165,0.6829371701411089,0
1,real_10101,0,real,0,0.000126,0,0.000126,1,1,1,0.115006,0.040752,0.01,4.643888,1.0,5.0,0.0,5.0,True,0.653438,0.566472,sample_0001_real_10101.json,AST,Psychoacoustic,AST | Psychoacoustic,C:\Users\domin\Downloads\jsony\jsony\pertubacje\ast,,,,,,,,,,,1,0.0,0.0,0.499874,0.499874,0.0,0.999748,0,0,0,0.115006,0.040752,0.8849940000000001,0.959248,0.922121,1,1,1,1,1.0,1.0,1.0,1.0,1.0,,1.0,1,1,1,1,1,1,1,0.922121,0.922121,0.921888625508,0
1,real_13937,0,real,0,1.2e-05,0,2e-06,1,1,1,0.114952,0.092209,0.01,4.55916,0.998758,4.975455,-1.055036,4.87316,True,0.914989,0.819048,sample_0001_real_13937.json,AST,Psychoacoustic,AST | Psychoacoustic,C:\Users\domin\Downloads\jsony\jsony\pertubacje\ast,,,,,,,,,,,1,-1e-05,1e-05,0.499988,0.499998,-1.0000000000010001e-05,0.999996,0,0,0,0.114952,0.092209,0.8850480000000001,0.907791,0.8964195,1,1,1,1,1.0,0.998758,0.99386375,0.7362409999999999,0.974632,,0.94069895,1,1,1,1,1,1,1,0.8964195,0.843260882409525,0.8432575093659954,0
1,real_18998,0,real,0,0.101369,0,0.101369,1,1,1,0.089893,0.552263,0.01,4.643888,1.0,5.0,0.0,5.0,True,0.696965,0.81252,sample_0001_real_18998.json,AST,Psychoacoustic,AST | Psychoacoustic,C:\Users\domin\Downloads\jsony\jsony\pertubacje\ast,,,,,,,,,,,1,0.0,0.0,0.398631,0.398631,0.0,0.797262,0,0,0,0.089893,0.552263,0.910107,0.44773700000000005,0.678922,1,0,1,0,1.0,1.0,1.0,1.0,1.0,,1.0,1,0,1,0,0,1,0,0.678922,0.678922,0.5412787115640001,0
1,real_19731,0,real,0,0.019418,0,0.003308,1,1,1,0.047186,0.046077,0.01,1.665543,0.637254,2.82538,-3.343952,2.562681,True,0.695839,0.652613,sample_0001_real_19731.json,AST,Psychoacoustic,AST | Psychoacoustic,C:\Users\domin\Downloads\jsony\jsony\pertubacje\ast,,,,,,,,,,,1,-0.01611,0.01611,0.480582,0.496692,-0.016110000000000013,0.993384,0,0,0,0.047186,0.046077,0.952814,0.953923,0.9533685000000001,1,1,1,1,0.19015514285714286,0.637254,0.456345,0.16401200000000005,0.5125362,,0.39206046857142857,1,1,1,1,1,0,0,0.9533685000000001,0.37377810083124,0.37130518491614056,0
1,real_20445,0,real,0,8.9e-05,0,8.9e-05,1,1,1,0.200879,0.064575,0.01,4.643888,1.0,5.0,0.0,5.0,True,0.382811,0.484848,sample_0001_real_20445.json,AST,Psychoacoustic,AST | Psychoacoustic,C:\Users\domin\Downloads\jsony\jsony\pertubacje\ast,,,,,,,,,,,1,0.0,0.0,0.499911,0.499911,0.0,0.999822,0,0,0,0.200879,0.064575,0.799121,0.935425,0.867273,1,1,1,1,1.0,1.0,1.0,1.0,1.0,,1.0,1,1,1,1,1,1,1,0.867273,0.867273,0.8671186254059999,0
2,fake_01429_suno_1,1,fake,1,0.999926,1,0.926602,1,1,1,0.053948,0.011023,0.01,3.477876,0.985568,4.564531,-1.77279,3.834482,True,0.042196,0.136555,sample_0002_fake_01429_suno_1.json,AST,Psychoacoustic,AST | Psychoacoustic,C:\Users\domin\Downloads\jsony\jsony\pertubacje\ast,,,,,,,,,,,1,-0.07332399999999994,0.07332399999999994,0.499926,0.42660200000000004,0.07332399999999994,0.8532040000000001,0,0,0,0.053948,0.011023,0.946052,0.988977,0.9675145,1,1,1,1,0.7079645714285715,0.985568,0.8911327499999999,0.5568025,0.7668964,,0.7816728442857143,1,1,1,1,1,1,1,0.9675145,0.7562798111026707,0.6452609599520431,0
2,fake_12630_suno_1,1,fake,1,0.999934,1,0.963462,1,1,1,0.017902,0.011296,0.01,4.449758,0.999529,4.980369,-0.294669,4.925948,True,0.311916,0.111111,sample_0002_fake_12630_suno_1.json,AST,Psychoacoustic,AST | Psychoacoustic,C:\Users\domin\Downloads\jsony\jsony\pertubacje\ast,,,,,,,,,,,1,-0.03647199999999995,0.03647199999999995,0.499934,0.46346200000000004,0.03647199999999995,0.9269240000000001,0,0,0,0.017902,0.011296,0.982098,0.988704,0.985401,1,1,1,1,0.9856451428571429,0.999529,0.9950922499999999,0.92633275,0.9851896,,0.9783577485714285,1,1,1,1,1,1,1,0.985401,0.9640747038000342,0.893623980745143,0
2,fake_26293_suno_0,1,fake,1,0.99961,1,0.999124,1,1,1,0.106137,0.049668,0.01,3.197344,0.855531,3.458622,-2.050394,2.913044,True,0.134174,0.260583,sample_0002_fake_26293_suno_0.json,AST,Psychoacoustic,AST | Psychoacoustic,C:\Users\domin\Downloads\jsony\jsony\pertubacje\ast,,,,,,,,,,,1,-0.00048599999999998644,0.00048599999999998644,0.49961,0.499124,0.00048599999999998644,0.998248,0,0,0,0.106137,0.049668,0.893863,0.950332,0.9220975,1,1,1,1,0.6278125714285715,0.855531,0.6146555,0.48740150000000004,0.5826088,,0.6336018742857144,1,1,1,1,1,1,1,0.9220975,0.5842427042741715,0.5832191110562831,0
2,fake_32764_suno_0,1,fake,1,0.999897,1,0.99283,1,1,1,0.047647,0.024505,0.01,3.202465,0.926486,3.871471,-2.47959,3.412136,True,0.154512,0.140432,sample_0002_fake_32764_suno_0.json,AST,Psychoacoustic,AST | Psychoacoustic,C:\Users\domin\Downloads\jsony\jsony\pertubacje\ast,,,,,,,,,,,1,-0.0070670000000000455,0.0070670000000000455,0.49989700000000004,0.49283,0.0070670000000000455,0.98566,0,0,0,0.047647,0.024505,0.952353,0.975495,0.963924,1,1,1,1,0.6292757142857143,0.926486,0.71786775,0.3801025,0.6824272,,0.6672318328571428,1,1,1,1,1,1,1,0.963924,0.6431607772549885,0.633937851709152,0
2,fake_40188_udio_1,1,fake,1,0.999461,1,0.937764,1,1,1,0.121254,0.047525,0.01,,0.973326,4.312925,-2.350546,3.312856,True,0.13455,0.133167,sample_0002_fake_40188_udio_1.json,AST,Psychoacoustic,AST | Psychoacoustic,C:\Users\domin\Downloads\jsony\jsony\pertubacje\ast,,,,,,,,,,,1,-0.061697,0.061697,0.49946100000000004,0.43776400000000004,0.061697,0.8755280000000001,0,0,0,0.121254,0.047525,0.878746,0.952475,0.9156105,1,1,1,1,,0.973326,0.82823125,0.4123635,0.6625712,,0.7191229875,1,1,1,1,1,0,0,0.9156105,0.6584365581463688,0.576479642880774,0
2,fake_43253_udio_0,1,fake,1,0.999071,1,0.709607,1,1,1,0.209872,0.04511,0.01,3.136686,0.997101,3.714744,-3.482103,3.011092,True,0.279514,0.157972,sample_0002_fake_43253_udio_0.json,AST,Psychoacoustic,AST | Psychoacoustic,C:\Users\domin\Downloads\jsony\jsony\pertubacje\ast,,,,,,,,,,,1,-0.28946400000000005,0.28946400000000005,0.49907100000000004,0.209607,0.28946400000000005,0.419214,0,0,0,0.209872,0.04511,0.7901279999999999,0.95489,0.872509,1,1,1,1,0.6104817142857143,0.997101,0.678686,0.12947425,0.6022184,,0.6035922728571428,1,1,1,1,1,1,1,0.872509,0.5266396903983128,0.2207747311706383,0
2,real_00193,0,real,0,0.000212,0,0.000264,1,1,1,0.167115,0.061132,0.01,4.513174,0.979822,4.543143,-0.69437,4.512822,True,0.484493,0.438532,sample_0002_real_00193.json,AST,Psychoacoustic,AST | Psychoacoustic,C:\Users\domin\Downloads\jsony\jsony\pertubacje\ast,,,,,,,,,,,1,5.200000000000002e-05,5.200000000000002e-05,0.499788,0.499736,5.1999999999996493e-05,0.999472,0,0,0,0.167115,0.061132,0.832885,0.938868,0.8858765,1,1,1,1,1.0,0.979822,0.8857857499999999,0.8264075,0.9025643999999999,,0.91891593,1,1,1,1,1,1,1,0.8858765,0.814046027862645,0.8136162115599336,0
2,real_00577,0,real,0,0.001397,0,1.4e-05,1,1,1,0.198495,0.126431,0.01,3.492455,0.981651,4.588125,-3.979815,4.305491,True,0.457789,0.48582,sample_0002_real_00577.json,AST,Psychoacoustic,AST | Psychoacoustic,C:\Users\domin\Downloads\jsony\jsony\pertubacje\ast,,,,,,,,,,,1,-0.0013830000000000001,0.0013830000000000001,0.498603,0.499986,-0.0013829999999999676,0.999972,0,0,0,0.198495,0.126431,0.801505,0.873569,0.837537,1,1,1,1,0.71213,0.981651,0.89703125,0.00504625000000003,0.8610982,,0.69139134,1,1,1,1,1,1,1,0.837537,0.57906582872958,0.5790496148863755,0
2,real_01021,0,real,0,0.000836,0,0.000707,1,1,1,0.304736,0.135474,0.01,4.455547,0.970077,4.492468,-0.968261,4.428525,True,0.52457,0.416938,sample_0002_real_01021.json,AST,Psychoacoustic,AST | Psychoacoustic,C:\Users\domin\Downloads\jsony\jsony\pertubacje\ast,,,,,,,,,,,1,-0.0001290000000000001,0.0001290000000000001,0.499164,0.499293,-0.00012899999999999023,0.998586,0,0,0,0.304736,0.135474,0.695264,0.864526,0.779895,1,1,1,1,0.9872991428571429,0.970077,0.8731169999999999,0.75793475,0.885705,,0.8948265785714286,1,1,1,1,1,1,1,0.779895,0.6978707744949643,0.6968839852198284,0
2,real_01192,0,real,0,0.000114,0,0.000114,1,1,1,0.171698,0.035216,0.01,4.643888,1.0,5.0,0.0,5.0,True,0.351797,0.449409,sample_0002_real_01192.json,AST,Psychoacoustic,AST | Psychoacoustic,C:\Users\domin\Downloads\jsony\jsony\pertubacje\ast,,,,,,,,,,,1,0.0,0.0,0.499886,0.499886,0.0,0.999772,0,0,0,0.171698,0.035216,0.828302,0.964784,0.896543,1,1,1,1,1.0,1.0,1.0,1.0,1.0,,1.0,1,1,1,1,1,1,1,0.896543,0.896543,0.896338588196,0
2,real_03067,0,real,0,8e-06,0,8e-06,1,1,1,0.050129,0.069848,0.01,4.643888,0.999992,4.99998,-0.001696,4.999976,True,0.923093,0.829268,sample_0002_real_03067.json,AST,Psychoacoustic,AST | Psychoacoustic,C:\Users\domin\Downloads\jsony\jsony\pertubacje\ast,,,,,,,,,,,1,0.0,0.0,0.499992,0.499992,0.0,0.999984,0,0,0,0.050129,0.069848,0.949871,0.930152,0.9400115,1,1,1,1,1.0,0.999992,0.999995,0.999576,0.9999952000000001,,0.99991164,1,1,1,1,1,1,1,0.9400115,0.9399284405838599,0.9399134017288105,0
2,real_03464,0,real,0,0.034295,0,0.011292,1,1,1,0.150017,0.052324,0.01,2.928328,0.891851,3.559196,-3.983196,2.822387,True,0.761564,0.779395,sample_0002_real_03464.json,AST,Psychoacoustic,AST | Psychoacoustic,C:\Users\domin\Downloads\jsony\jsony\pertubacje\ast,,,,,,,,,,,1,-0.023003,0.023003,0.465705,0.488708,-0.023002999999999996,0.977416,0,0,0,0.150017,0.052324,0.8499829999999999,0.947676,0.8988295,1,1,1,1,0.5509508571428572,0.891851,0.639799,0.00420100000000001,0.5644774,,0.5302558514285715,1,1,1,1,1,0,0,0.8988295,0.47660960181161716,0.46584585056430355,0
2,real_03705,0,real,0,0.0001,0,4e-06,1,1,1,0.241606,0.078491,0.01,4.26342,0.987763,4.835354,-1.851317,4.516641,True,0.847205,0.653125,sample_0002_real_03705.json,AST,Psychoacoustic,AST | Psychoacoustic,C:\Users\domin\Downloads\jsony\jsony\pertubacje\ast,,,,,,,,,,,1,-9.6e-05,9.6e-05,0.4999,0.499996,-9.599999999998499e-05,0.999992,0,0,0,0.241606,0.078491,0.758394,0.921509,0.8399515,1,1,1,1,0.9324057142857143,0.987763,0.9588384999999999,0.53717075,0.9033282,,0.8639012328571429,1,1,1,1,1,1,1,0.8399515,0.7256351363902065,0.7256293313091153,0
2,real_06308,0,real,0,9e-06,0,5e-06,1,1,1,0.119356,0.144436,0.01,3.98992,0.982517,4.780848,-1.525078,4.57178,True,0.726582,0.691291,sample_0002_real_06308.json,AST,Psychoacoustic,AST | Psychoacoustic,C:\Users\domin\Downloads\jsony\jsony\pertubacje\ast,,,,,,,,,,,1,-4e-06,4e-06,0.499991,0.499995,-4.000000000004e-06,0.99999,0,0,0,0.119356,0.144436,0.880644,0.855564,0.868104,1,1,1,1,0.8542628571428572,0.982517,0.9452119999999999,0.6187305000000001,0.9143560000000001,,0.8630156714285713,1,1,1,1,1,1,1,0.868104,0.7491873564298285,0.7491798645562642,0
2,real_06334,0,real,0,3.9e-05,0,3.9e-05,1,1,1,0.099525,0.144093,0.01,4.643888,1.0,5.0,0.0,5.0,True,0.892277,0.711282,sample_0002_real_06334.json,AST,Psychoacoustic,AST | Psychoacoustic,C:\Users\domin\Downloads\jsony\jsony\pertubacje\ast,,,,,,,,,,,1,0.0,0.0,0.499961,0.499961,0.0,0.999922,0,0,0,0.099525,0.144093,0.900475,0.855907,0.8781909999999999,1,1,1,1,1.0,1.0,1.0,1.0,1.0,,1.0,1,1,1,1,1,1,1,0.8781909999999999,0.8781909999999999,0.878122501102,0
2,real_06665,0,real,0,1e-05,0,2e-06,1,1,1,0.138833,0.061851,0.01,4.477266,0.994968,4.885599,-2.119283,4.814517,True,0.748346,0.700651,sample_0002_real_06665.json,AST,Psychoacoustic,AST | Psychoacoustic,C:\Users\domin\Downloads\jsony\jsony\pertubacje\ast,,,,,,,,,,,1,-8.000000000000001e-06,8.000000000000001e-06,0.49999,0.499998,-8.000000000008e-06,0.999996,0,0,0,0.138833,0.061851,0.861167,0.938149,0.8996580000000001,1,1,1,1,0.9935045714285715,0.994968,0.97139975,0.47017925000000005,0.9629034000000001,,0.8785909942857144,1,1,1,1,1,1,1,0.8996580000000001,0.7904314167370973,0.7904282550114303,0
2,real_11244,0,real,0,7e-06,0,2e-06,1,1,1,0.18059,0.034528,0.01,,0.997896,4.938564,-3.961716,4.927358,True,0.756356,0.729412,sample_0002_real_11244.json,AST,Psychoacoustic,AST | Psychoacoustic,C:\Users\domin\Downloads\jsony\jsony\pertubacje\ast,,,,,,,,,,,1,-4.9999999999999996e-06,4.9999999999999996e-06,0.499993,0.499998,-4.999999999977245e-06,0.999996,0,0,0,0.18059,0.034528,0.81941,0.965472,0.892441,1,1,1,1,,0.997896,0.9846410000000001,0.009570999999999996,0.9854716,,0.7443949000000001,1,1,1,1,1,0,0,0.892441,0.6643285289509001,0.6643258716367842,0
2,real_11262,0,real,0,4.2e-05,0,8.5e-05,1,1,1,0.186976,0.087761,0.01,4.453245,0.996758,4.893023,-0.947463,4.728854,True,0.571567,0.443046,sample_0002_real_11262.json,AST,Psychoacoustic,AST | Psychoacoustic,C:\Users\domin\Downloads\jsony\jsony\pertubacje\ast,,,,,,,,,,,1,4.300000000000001e-05,4.300000000000001e-05,0.499958,0.499915,4.300000000001525e-05,0.99983,0,0,0,0.186976,0.087761,0.813024,0.912239,0.8626315,1,1,1,1,0.9866414285714286,0.996758,0.9732557500000001,0.76313425,0.9457708,,0.9331120457142857,1,1,1,1,1,1,1,0.8626315,0.8049318436625829,0.8047950052491603,0
2,real_12041,0,real,0,1.4e-05,0,1.4e-05,1,1,1,0.198487,0.04775,0.01,4.643888,1.0,5.0,0.0,5.0,True,0.895039,0.76929,sample_0002_real_12041.json,AST,Psychoacoustic,AST | Psychoacoustic,C:\Users\domin\Downloads\jsony\jsony\pertubacje\ast,,,,,,,,,,,1,0.0,0.0,0.499986,0.499986,0.0,0.999972,0,0,0,0.198487,0.04775,0.801513,0.95225,0.8768815000000001,1,1,1,1,1.0,1.0,1.0,1.0,1.0,,1.0,1,1,1,1,1,1,1,0.8768815000000001,0.8768815000000001,0.876856947318,0
2,real_12935,0,real,0,0.002579,0,0.002579,1,1,1,0.179347,0.065198,0.01,4.643888,1.0,5.0,0.0,5.0,True,0.366951,0.43445,sample_0002_real_12935.json,AST,Psychoacoustic,AST | Psychoacoustic,C:\Users\domin\Downloads\jsony\jsony\pertubacje\ast,,,,,,,,,,,1,0.0,0.0,0.497421,0.497421,0.0,0.994842,0,0,0,0.179347,0.065198,0.820653,0.934802,0.8777275,1,1,1,1,1.0,1.0,1.0,1.0,1.0,,1.0,1,1,1,1,1,1,1,0.8777275,0.8777275,0.873200181555,0
2,real_13270,0,real,0,0.001811,0,0.017892,1,1,1,0.148319,0.053977,0.01,4.116255,0.941375,4.466723,-1.107083,4.272161,True,0.714119,0.519802,sample_0002_real_13270.json,AST,Psychoacoustic,AST | Psychoacoustic,C:\Users\domin\Downloads\jsony\jsony\pertubacje\ast,,,,,,,,,,,1,0.016081,0.016081,0.498189,0.482108,0.016081000000000012,0.964216,0,0,0,0.148319,0.053977,0.851681,0.9460230000000001,0.898852,1,1,1,1,0.8903585714285713,0.941375,0.86668075,0.7232292499999999,0.8544322,,0.8552151542857143,1,1,1,1,1,1,1,0.898852,0.7687118518600228,0.7412042669530637,0
3,fake_09727_udio_1,1,fake,1,0.999724,1,0.700333,1,1,0,0.147546,0.196381,0.01,3.846545,0.996421,4.803938,-3.924474,3.867566,True,0.161699,0.129136,sample_0003_fake_09727_udio_1.json,AST,Psychoacoustic,AST | Psychoacoustic,C:\Users\domin\Downloads\jsony\jsony\pertubacje\ast,,,,,,,,,,,1,-0.29939099999999996,0.29939099999999996,0.49972399999999995,0.20033299999999998,0.29939099999999996,0.40066599999999997,0,0,0,0.147546,0.196381,0.852454,0.803619,0.8280365000000001,1,1,1,1,0.8132985714285714,0.996421,0.9509844999999999,0.018881499999999996,0.7735132,,0.7106197542857142,1,1,1,1,1,1,1,0.8280365000000001,0.5884190941696028,0.23575952478455806,0
3,fake_16796_suno_1,1,fake,1,0.999924,1,0.995424,1,1,1,0.036356,0.029573,0.01,4.489289,0.999359,4.987106,-0.290442,4.976659,True,0.322179,0.098131,sample_0003_fake_16796_suno_1.json,AST,Psychoacoustic,AST | Psychoacoustic,C:\Users\domin\Downloads\jsony\jsony\pertubacje\ast,,,,,,,,,,,1,-0.0045000000000000595,0.0045000000000000595,0.49992400000000004,0.495424,0.0045000000000000595,0.990848,0,0,0,0.036356,0.029573,0.963644,0.970427,0.9670354999999999,1,1,1,1,0.9969397142857144,0.999359,0.9967765,0.9273895,0.9953318,,0.9831593028571429,1,1,1,1,1,1,1,0.9670354999999999,0.9507499480181085,0.9420486844938467,0
3,fake_41087_udio_1,1,fake,1,0.99846,1,0.706215,1,1,1,0.146925,0.023211,0.01,1.911424,0.807101,3.389535,-3.363962,2.868769,True,0.134385,0.131551,sample_0003_fake_41087_udio_1.json,AST,Psychoacoustic,AST | Psychoacoustic,C:\Users\domin\Downloads\jsony\jsony\pertubacje\ast,,,,,,,,,,,1,-0.292245,0.292245,0.49846,0.20621500000000004,0.292245,0.4124300000000001,0,0,0,0.146925,0.023211,0.853075,0.976789,0.9149320000000001,1,1,1,1,0.26040685714285716,0.807101,0.59738375,0.15900950000000003,0.5737538,,0.4795309814285714,1,1,1,1,1,0,0,0.9149320000000001,0.4387382399004057,0.18094881228212437,0
4,real_19597,0,real,0,0.003094,0,0.014107,1,1,1,0.319646,0.065995,0.01,4.456122,0.985044,4.732302,-3.965612,4.739821,True,0.807154,0.441417,sample_0004_real_19597.json,AST,Psychoacoustic,AST | Psychoacoustic,C:\Users\domin\Downloads\jsony\jsony\pertubacje\ast,,,,,,,,,,,1,0.011013,0.011013,0.496906,0.485893,0.011012999999999995,0.971786,0,0,0,0.319646,0.065995,0.680354,0.934005,0.8071794999999999,1,1,1,1,0.9874634285714284,0.985044,0.9330755,0.008596999999999966,0.9479642,,0.7724288257142857,1,1,1,1,1,1,1,0.8071794999999999,0.6234887133256443,0.6058976027678745,0
0,fake_05418_udio_0,1,fake,1,0.999277,1,0.988905,1,1,0,0.024063,0.035723,0.01,3.134111,0.982065,3.996902,-3.912632,2.89485,True,0.069066,0.129136,sample_0000_fake_05418_udio_0.json,AST,PGD,AST | PGD,C:\Users\domin\Downloads\jsony\jsony\pgd\ast,0.076835,,,,,,,,,,1,-0.010371999999999937,0.010371999999999937,0.49927699999999997,0.48890500000000003,0.010371999999999937,0.9778100000000001,0,0,0,0.024063,0.035723,0.975937,0.964277,0.970107,1,1,1,1,0.609746,0.982065,0.7492255,0.021842000000000028,0.57897,0.923165,0.6441689166666666,1,1,1,1,1,1,1,0.970107,0.6249127752407501,0.6110459607581579,0
0,fake_06014_udio_0,1,fake,1,0.999916,1,0.999767,1,1,1,0.015327,0.036702,0.01,3.404795,0.989123,4.501941,-3.863747,3.478334,True,0.02354,0.086614,sample_0000_fake_06014_udio_0.json,AST,PGD,AST | PGD,C:\Users\domin\Downloads\jsony\jsony\pgd\ast,0.060504,,,,,,,,,,1,-0.00014900000000006575,0.00014900000000006575,0.499916,0.49976699999999996,0.00014900000000006575,0.9995339999999999,0,0,0,0.015327,0.036702,0.984673,0.963298,0.9739855,1,1,1,1,0.6870842857142857,0.989123,0.8754852500000001,0.03406324999999999,0.6956667999999999,0.939496,0.7034864309523811,1,1,1,1,1,1,1,0.9739855,0.6851855831943703,0.6848662867126016,0
0,fake_14334_suno_1,1,fake,1,0.999799,1,0.999923,1,1,1,0.017296,0.037229,0.01,2.929198,0.896946,4.023149,-2.950916,3.493815,True,0.040899,0.07483,sample_0000_fake_14334_suno_1.json,AST,PGD,AST | PGD,C:\Users\domin\Downloads\jsony\jsony\pgd\ast,0.116739,,,,,,,,,,1,0.000124000000000013,0.000124000000000013,0.499799,0.499923,-0.000124000000000013,0.999846,0,0,0,0.017296,0.037229,0.982704,0.962771,0.9727375,1,1,1,1,0.5511994285714286,0.896946,0.75578725,0.26227100000000003,0.698763,0.883261,0.674704613095238,1,1,1,1,1,0,0,0.9727375,0.6563104785807291,0.6562094067670277,0
0,fake_23884_suno_1,1,fake,1,0.999752,1,0.999498,1,1,1,0.016001,0.040043,0.01,3.886873,0.872702,3.734098,-2.484697,3.371309,True,0.03151,0.093218,sample_0000_fake_23884_suno_1.json,AST,PGD,AST | PGD,C:\Users\domin\Downloads\jsony\jsony\pgd\ast,0.09541,,,,,,,,,,1,-0.00025399999999997647,0.00025399999999997647,0.499752,0.499498,0.00025399999999997647,0.998996,0,0,0,0.016001,0.040043,0.983999,0.959957,0.971978,1,1,1,1,0.8248208571428571,0.872702,0.6835245,0.37882574999999996,0.6742618,0.90459,0.7231208178571428,1,1,1,1,1,1,1,0.971978,0.7028575262991499,0.7021518573427455,0
0,fake_30244_udio_0,1,fake,1,0.99976,1,0.995973,1,1,1,0.026303,0.030682,0.01,3.557787,0.951957,4.295192,-3.987752,3.512693,True,0.166363,0.115249,sample_0000_fake_30244_udio_0.json,AST,PGD,AST | PGD,C:\Users\domin\Downloads\jsony\jsony\pgd\ast,0.056277,,,,,,,,,,1,-0.003786999999999985,0.003786999999999985,0.49976,0.495973,0.003786999999999985,0.991946,0,0,0,0.026303,0.030682,0.973697,0.969318,0.9715075,1,1,1,1,0.7307962857142857,0.951957,0.823798,0.003062000000000009,0.7025386,0.943723,0.6926458142857143,1,1,1,1,1,1,1,0.9715075,0.6729106034221786,0.6674909814222163,0
0,fake_35261_suno_1,1,fake,1,0.999849,1,0.999925,1,1,1,0.017807,0.01547,0.01,3.823955,0.993056,4.68677,-1.667389,4.188297,True,0.031443,0.076278,sample_0000_fake_35261_suno_1.json,AST,PGD,AST | PGD,C:\Users\domin\Downloads\jsony\jsony\pgd\ast,0.036736,,,,,,,,,,1,7.599999999996498e-05,7.599999999996498e-05,0.499849,0.49992499999999995,-7.599999999996498e-05,0.9998499999999999,0,0,0,0.017807,0.01547,0.982193,0.98453,0.9833615,1,1,1,1,0.8068442857142858,0.993056,0.9216925,0.58315275,0.8376594,0.963264,0.8509448226190476,1,1,1,1,1,1,1,0.9833615,0.8367863771879006,0.8366608592313224,0
0,fake_41087_udio_1,1,fake,1,0.99846,1,0.999124,1,1,0,0.032088,0.029684,0.01,1.679028,0.805636,3.476873,-3.542245,2.664316,True,0.138812,0.09789,sample_0000_fake_41087_udio_1.json,AST,PGD,AST | PGD,C:\Users\domin\Downloads\jsony\jsony\pgd\ast,0.252409,,,,,,,,,,1,0.0006639999999999979,0.0006639999999999979,0.49846,0.499124,-0.0006639999999999979,0.998248,0,0,0,0.032088,0.029684,0.967912,0.970316,0.969114,1,1,1,1,0.19400799999999999,0.805636,0.61921825,0.11443875000000003,0.5328632,0.747591,0.5022925333333333,1,1,1,1,1,0,0,0.969114,0.4867787261488,0.4859258898205873,0
0,fake_41199_suno_0,1,fake,1,0.999266,1,0.999886,1,1,1,0.018986,0.037019,0.01,3.248575,0.939358,4.075947,-2.543414,3.062439,True,0.026083,0.083184,sample_0000_fake_41199_suno_0.json,AST,PGD,AST | PGD,C:\Users\domin\Downloads\jsony\jsony\pgd\ast,0.066481,,,,,,,,,,1,0.0006200000000000649,0.0006200000000000649,0.499266,0.49988600000000005,-0.0006200000000000649,0.9997720000000001,0,0,0,0.018986,0.037019,0.981014,0.962981,0.9719975000000001,1,1,1,1,0.6424500000000001,0.939358,0.76898675,0.36414650000000004,0.6124878,0.933519,0.7101580083333333,1,1,1,1,1,1,1,0.9719975000000001,0.6902718087049792,0.6901144267325945,0
0,fake_42122_suno_1,1,fake,1,0.999928,1,0.99973,1,1,1,0.016765,0.006701,0.01,3.948029,0.960713,4.451119,-1.82221,3.893947,True,0.085855,0.079572,sample_0000_fake_42122_suno_1.json,AST,PGD,AST | PGD,C:\Users\domin\Downloads\jsony\jsony\pgd\ast,0.052879,,,,,,,,,,1,-0.00019800000000003148,0.00019800000000003148,0.49992800000000004,0.49973,0.00019800000000003148,0.99946,0,0,0,0.016765,0.006701,0.983235,0.993299,0.988267,1,1,1,1,0.842294,0.960713,0.8627797500000001,0.5444475,0.7787894,0.947121,0.822690775,1,1,1,1,1,1,1,0.988267,0.813038144136925,0.812599103539091,0
0,fake_43253_udio_0,1,fake,1,0.999071,1,0.990227,1,1,0,0.021828,0.015773,0.01,2.430198,0.99338,3.518334,-3.740326,3.312624,True,0.136418,0.100937,sample_0000_fake_43253_udio_0.json,AST,PGD,AST | PGD,C:\Users\domin\Downloads\jsony\jsony\pgd\ast,0.153257,,,,,,,,,,1,-0.008844000000000074,0.008844000000000074,0.49907100000000004,0.49022699999999997,0.008844000000000074,0.9804539999999999,0,0,0,0.021828,0.015773,0.978172,0.984227,0.9811995,1,1,1,1,0.40862799999999994,0.99338,0.6295835,0.06491849999999999,0.6625248,0.846743,0.6009629666666666,1,1,1,1,1,0,0,0.9811995,0.58966456241185,0.5781389788749479,0
0,fake_46574_suno_1,1,fake,1,0.999943,1,0.999969,1,1,1,0.029459,0.054302,0.01,4.293662,0.994496,4.842382,-1.188973,4.633409,True,0.183344,0.032432,sample_0000_fake_46574_suno_1.json,AST,PGD,AST | PGD,C:\Users\domin\Downloads\jsony\jsony\pgd\ast,0.030858,,,,,,,,,,1,2.599999999997049e-05,2.599999999997049e-05,0.499943,0.499969,-2.599999999997049e-05,0.999938,0,0,0,0.029459,0.054302,0.970541,0.945698,0.9581195,1,1,1,1,0.9410462857142858,0.994496,0.9605954999999999,0.70275675,0.9266818000000001,0.969142,0.9157863892857142,1,1,1,1,1,1,1,0.9581195,0.8774327974092339,0.8773783965757945,0
0,fake_49482_udio_1,1,fake,1,0.999863,1,0.999942,1,1,1,0.017581,0.019152,0.01,1.842552,0.941065,3.487176,-3.694927,2.988791,True,0.098824,0.094483,sample_0000_fake_49482_udio_1.json,AST,PGD,AST | PGD,C:\Users\domin\Downloads\jsony\jsony\pgd\ast,0.109471,,,,,,,,,,1,7.900000000005125e-05,7.900000000005125e-05,0.49986299999999995,0.499942,-7.900000000005125e-05,0.999884,0,0,0,0.017581,0.019152,0.982419,0.980848,0.9816335,1,1,1,1,0.24072914285714284,0.941065,0.621794,0.07626825000000004,0.5977582,0.890529,0.5613572654761905,1,1,1,1,1,0,0,0.9816335,0.551047097259822,0.5509831757965399,0
0,fake_50637_suno_0,1,fake,1,0.999949,1,0.999975,1,1,1,0.015851,0.048845,0.01,3.350847,0.88684,3.749703,-2.547317,3.603706,True,0.020453,0.087899,sample_0000_fake_50637_suno_0.json,AST,PGD,AST | PGD,C:\Users\domin\Downloads\jsony\jsony\pgd\ast,0.085556,,,,,,,,,,1,2.599999999997049e-05,2.599999999997049e-05,0.499949,0.49997499999999995,-2.599999999997049e-05,0.9999499999999999,0,0,0,0.015851,0.048845,0.984149,0.951155,0.967652,1,1,1,1,0.6716705714285715,0.88684,0.68742575,0.36317075,0.7207412,0.914444,0.7073820452380953,1,1,1,1,1,1,1,0.967652,0.6844996508387334,0.6844654258561914,0
0,fake_51789_suno_0,1,fake,1,0.999649,1,0.999878,1,1,1,0.021054,0.021588,0.01,1.625551,0.922805,3.395805,-3.248793,2.629021,True,0.017168,0.0818,sample_0000_fake_51789_suno_0.json,AST,PGD,AST | PGD,C:\Users\domin\Downloads\jsony\jsony\pgd\ast,0.217321,,,,,,,,,,1,0.00022900000000003473,0.00022900000000003473,0.499649,0.49987800000000004,-0.00022900000000003473,0.9997560000000001,0,0,0,0.021054,0.021588,0.978946,0.978412,0.978679,1,1,1,1,0.17872885714285713,0.922805,0.59895125,0.18780175,0.5258041999999999,0.782679,0.5327950095238095,1,1,1,1,1,0,0,0.978679,0.5214352871257524,0.5213080569156937,0
0,fake_52861_suno_1,1,fake,1,0.999952,1,0.999945,1,1,1,0.028909,0.07441,0.01,4.446909,0.989674,4.821875,-0.821527,4.769647,True,0.050353,0.088889,sample_0000_fake_52861_suno_1.json,AST,PGD,AST | PGD,C:\Users\domin\Downloads\jsony\jsony\pgd\ast,0.017416,,,,,,,,,,1,-6.999999999979245e-06,6.999999999979245e-06,0.49995199999999995,0.499945,6.999999999979245e-06,0.99989,0,0,0,0.028909,0.07441,0.971091,0.92559,0.9483405,1,1,1,1,0.9848311428571428,0.989674,0.9554687500000001,0.79461825,0.9539294,0.982584,0.9435175904761905,1,1,1,1,1,1,1,0.9483405,0.8947759435109858,0.8946775181571995,0
0,real_00689,0,real,0,1.9e-05,0,1.9e-05,1,1,1,0.014867,0.078704,0.01,3.086349,0.963669,4.217551,-1.593218,3.231514,True,0.086686,0.357536,sample_0000_real_00689.json,AST,PGD,AST | PGD,C:\Users\domin\Downloads\jsony\jsony\pgd\ast,0.129604,,,,,,,,,,1,0.0,0.0,0.499981,0.499981,0.0,0.999962,0,0,0,0.014867,0.078704,0.985133,0.921296,0.9532145000000001,1,1,1,1,0.5960997142857142,0.963669,0.8043877500000001,0.6016954999999999,0.6463028000000001,0.870396,0.7470917940476189,1,1,1,1,1,1,1,0.9532145000000001,0.7121387309172041,0.7121116696454293,0
0,real_03041,0,real,0,0.000433,0,8.3e-05,1,1,1,0.011234,0.048268,0.01,1.95729,0.819705,3.341744,-3.096851,3.225573,True,0.086943,0.23632,sample_0000_real_03041.json,AST,PGD,AST | PGD,C:\Users\domin\Downloads\jsony\jsony\pgd\ast,0.256064,,,,,,,,,,1,-0.00035,0.00035,0.499567,0.499917,-0.00035000000000001696,0.999834,0,0,0,0.011234,0.048268,0.988766,0.951732,0.970249,1,1,1,1,0.27351142857142857,0.819705,0.585436,0.22578725,0.6451146,0.7439359999999999,0.5489150464285714,1,1,1,1,1,0,0,0.970249,0.532584274882275,0.5324958658926445,0
0,real_03067,0,real,0,8e-06,0,1e-05,1,1,1,0.016713,0.108042,0.01,3.820953,0.999188,4.863617,-1.225538,4.37342,True,0.112166,0.410506,sample_0000_real_03067.json,AST,PGD,AST | PGD,C:\Users\domin\Downloads\jsony\jsony\pgd\ast,0.022757,,,,,,,,,,1,2.000000000000001e-06,2.000000000000001e-06,0.499992,0.49999,2.000000000002e-06,0.99998,0,0,0,0.016713,0.108042,0.983287,0.891958,0.9376225,1,1,1,1,0.8059865714285713,0.999188,0.9659042499999999,0.6936154999999999,0.874684,0.977243,0.8861035535714284,1,1,1,1,1,1,1,0.9376225,0.8308306291585267,0.8308140125459434,0
0,real_03147,0,real,0,5e-06,0,3e-06,1,1,1,0.005093,0.00309,0.01,3.383158,0.996632,4.446933,-2.110686,3.235219,True,0.078804,0.373957,sample_0000_real_03147.json,AST,PGD,AST | PGD,C:\Users\domin\Downloads\jsony\jsony\pgd\ast,0.139463,,,,,,,,,,1,-2.0000000000000003e-06,2.0000000000000003e-06,0.499995,0.499997,-2.000000000002e-06,0.999994,0,0,0,0.005093,0.00309,0.994907,0.99691,0.9959085,1,1,1,1,0.6809022857142857,0.996632,0.8617332499999999,0.47232850000000004,0.6470438,0.860537,0.7531961392857144,1,1,1,1,1,1,1,0.9959085,0.7501144372818269,0.7501099365952033,0
0,real_06665,0,real,0,1e-05,0,4e-06,1,1,1,0.020573,0.05067,0.01,2.752361,0.96223,4.011283,-3.362759,3.751977,True,0.102356,0.460416,sample_0000_real_06665.json,AST,PGD,AST | PGD,C:\Users\domin\Downloads\jsony\jsony\pgd\ast,0.179244,,,,,,,,,,1,-6.000000000000001e-06,6.000000000000001e-06,0.49999,0.499996,-6.0000000000060005e-06,0.999992,0,0,0,0.020573,0.05067,0.979427,0.94933,0.9643785,1,1,1,1,0.5006745714285714,0.96223,0.7528207499999999,0.15931025,0.7503954,0.820756,0.6576978285714286,1,1,1,1,1,0,0,0.9643785,0.6342696453709714,0.6342645712138084,0
0,real_09534,0,real,0,0.482508,1,0.592194,1,0,0,0.038054,0.178243,0.01,,0.975564,4.399678,-3.013855,3.520252,True,0.161211,0.473971,sample_0000_real_09534.json,AST,PGD,AST | PGD,C:\Users\domin\Downloads\jsony\jsony\pgd\ast,0.055953,,,,,,,,,,0,0.109686,0.109686,0.017492000000000008,0.092194,-0.07470199999999999,0.184388,0,1,1,0.038054,0.178243,0.961946,0.821757,0.8918515,1,1,1,1,,0.975564,0.8499194999999999,0.24653625,0.7040504000000001,0.944047,0.7440234299999999,0,0,0,0,0,0,0,0.0,0.0,0.0,1
0,real_09723,0,real,0,4.3e-05,0,1.2e-05,1,1,1,0.008232,0.01269,0.01,2.230832,0.994084,4.165839,-3.727445,3.080615,True,0.052416,0.317893,sample_0000_real_09723.json,AST,PGD,AST | PGD,C:\Users\domin\Downloads\jsony\jsony\pgd\ast,0.142694,,,,,,,,,,1,-3.1e-05,3.1e-05,0.499957,0.499988,-3.100000000000325e-05,0.999976,0,0,0,0.008232,0.01269,0.991768,0.98731,0.989539,1,1,1,1,0.3516662857142857,0.994084,0.79145975,0.06813875000000003,0.616123,0.857306,0.6131296309523809,1,1,1,1,1,0,0,0.989539,0.6067156818829881,0.6067011207066229,0
0,real_10022,0,real,0,0.002479,0,0.00797,1,1,0,0.025541,0.147709,0.01,1.195207,0.98948,2.380597,-3.998257,2.911717,True,0.071639,0.362599,sample_0000_real_10022.json,AST,PGD,AST | PGD,C:\Users\domin\Downloads\jsony\jsony\pgd\ast,0.907464,,,,,,,,,,1,0.005490999999999999,0.005490999999999999,0.497521,0.49203,0.005490999999999968,0.98406,0,0,0,0.025541,0.147709,0.974459,0.852291,0.913375,1,1,1,1,0.05577342857142854,0.98948,0.34514924999999996,0.000435749999999957,0.5823434,0.09253599999999995,0.34428630476190475,1,1,1,1,1,0,0,0.913375,0.31446250361190475,0.309449971304331,0
0,real_10101,0,real,0,0.000126,0,8.8e-05,1,1,1,0.012297,0.085904,0.01,1.520614,0.607213,1.61093,-3.995751,2.680118,True,0.060195,0.281853,sample_0000_real_10101.json,AST,PGD,AST | PGD,C:\Users\domin\Downloads\jsony\jsony\pgd\ast,0.399494,,,,,,,,,,1,-3.8e-05,3.8e-05,0.499874,0.499912,-3.8000000000038e-05,0.999824,0,0,0,0.012297,0.085904,0.987703,0.914096,0.9508995,1,1,1,1,0.14874685714285713,0.607213,0.1527325,0.0010622500000000423,0.5360235999999999,0.600506,0.34104736785714285,1,1,1,1,1,0,0,0.9508995,0.3243017715716732,0.32424469445987664,0
0,real_11244,0,real,0,7e-06,0,5e-06,1,1,0,0.01423,0.02179,0.01,,0.999345,4.893871,-3.986181,4.662585,True,0.164014,0.421148,sample_0000_real_11244.json,AST,PGD,AST | PGD,C:\Users\domin\Downloads\jsony\jsony\pgd\ast,0.044356,,,,,,,,,,1,-1.9999999999999995e-06,1.9999999999999995e-06,0.499993,0.499995,-2.000000000002e-06,0.99999,0,0,0,0.01423,0.02179,0.98577,0.97821,0.98199,1,1,1,1,,0.999345,0.97346775,0.003454749999999951,0.932517,0.955644,0.7728857,1,1,1,1,1,0,0,0.98199,0.758966028543,0.7589584388827146,0
0,real_12285,0,real,0,3.9e-05,0,5.6e-05,1,1,1,0.021891,0.07988,0.01,3.573888,0.991104,4.246447,-3.990153,3.618877,True,0.128617,0.394985,sample_0000_real_12285.json,AST,PGD,AST | PGD,C:\Users\domin\Downloads\jsony\jsony\pgd\ast,0.0536,,,,,,,,,,1,1.7e-05,1.7e-05,0.499961,0.499944,1.6999999999989246e-05,0.999888,0,0,0,0.021891,0.07988,0.978109,0.92012,0.9491145000000001,1,1,1,1,0.7353965714285715,0.991104,0.81161175,0.0024617500000000403,0.7237754,0.9464,0.7017915785714286,1,1,1,1,1,1,1,0.9491145000000001,0.6660805632000322,0.6660059621769537,0
0,real_12540,0,real,0,0.000274,0,0.000584,1,1,1,0.023232,0.015433,0.01,1.221893,0.952209,1.990855,-3.771304,2.824762,True,0.282082,0.525354,sample_0000_real_12540.json,AST,PGD,AST | PGD,C:\Users\domin\Downloads\jsony\jsony\pgd\ast,0.899142,,,,,,,,,,1,0.00031,0.00031,0.499726,0.499416,0.00030999999999997696,0.998832,0,0,0,0.023232,0.015433,0.976768,0.984567,0.9806675,1,1,1,1,0.06339799999999997,0.952209,0.24771375,0.05717399999999995,0.5649524,0.100858,0.33105085833333336,1,1,1,1,1,0,0,0.9806675,0.3246508176146042,0.32427162545963034,0
0,real_18998,0,real,0,0.101369,0,0.147708,1,1,0,0.06172,0.158469,0.01,4.26379,0.998945,4.904174,-1.061406,4.476639,True,0.075491,0.492746,sample_0000_real_18998.json,AST,PGD,AST | PGD,C:\Users\domin\Downloads\jsony\jsony\pgd\ast,0.011851,,,,,,,,,,1,0.046339000000000005,0.046339000000000005,0.398631,0.352292,0.04633900000000002,0.704584,0,0,0,0.06172,0.158469,0.93828,0.841531,0.8899055,1,1,1,1,0.9325114285714287,0.998945,0.9760435000000001,0.7346485,0.8953277999999999,0.9881489999999999,0.920937538095238,1,1,1,1,1,1,1,0.8899055,0.8195473803074119,0.5774399714065175,0
0,real_19597,0,real,0,0.003094,0,0.038208,1,1,1,0.06005,0.024875,0.01,2.845073,0.805488,2.952732,-3.994575,2.984383,True,0.082051,0.137023,sample_0000_real_19597.json,AST,PGD,AST | PGD,C:\Users\domin\Downloads\jsony\jsony\pgd\ast,0.372719,,,,,,,,,,1,0.035114,0.035114,0.496906,0.461792,0.035114000000000034,0.923584,0,0,0,0.06005,0.024875,0.93995,0.975125,0.9575374999999999,1,1,1,1,0.5271637142857143,0.805488,0.48818300000000003,0.0013562499999999478,0.5968766,0.627281,0.5077247607142857,1,1,1,1,1,0,0,0.9575374999999999,0.48616549806245535,0.4490146753625147,0
0,real_19731,0,real,0,0.019418,0,0.149659,1,1,0,0.02078,0.136952,0.01,1.783231,0.498849,1.981133,-3.866273,2.698373,True,0.103061,0.354001,sample_0000_real_19731.json,AST,PGD,AST | PGD,C:\Users\domin\Downloads\jsony\jsony\pgd\ast,0.44239,,,,,,,,,,1,0.130241,0.130241,0.480582,0.350341,0.130241,0.700682,0,0,0,0.02078,0.136952,0.97922,0.863048,0.921134,1,1,1,1,0.2237802857142857,0.498849,0.24528325,0.03343174999999998,0.5396746,0.5576099999999999,0.3497714809523809,1,1,1,1,1,0,0,0.921134,0.32218640333559045,0.2257502134619882,0
0,real_20445,0,real,0,8.9e-05,0,0.000305,1,1,0,0.013994,0.036301,0.01,3.291789,0.920451,4.122833,-2.194052,3.824252,True,0.080084,0.322835,sample_0000_real_20445.json,AST,PGD,AST | PGD,C:\Users\domin\Downloads\jsony\jsony\pgd\ast,0.133484,,,,,,,,,,1,0.000216,0.000216,0.499911,0.499695,0.00021599999999999397,0.99939,0,0,0,0.013994,0.036301,0.986006,0.963699,0.9748525,1,1,1,1,0.6547968571428572,0.920451,0.78070825,0.45148699999999997,0.7648504,0.8665160000000001,0.7398015845238096,1,1,1,1,1,1,1,0.9748525,0.7211974241769972,0.7207574937482492,0
0,real_20757,0,real,0,0.000255,0,4.7e-05,1,1,0,0.011996,0.058118,0.01,3.330666,0.766185,2.934074,-3.0214,2.455494,True,0.014407,0.278382,sample_0000_real_20757.json,AST,PGD,AST | PGD,C:\Users\domin\Downloads\jsony\jsony\pgd\ast,0.224251,,,,,,,,,,1,-0.00020800000000000001,0.00020800000000000001,0.499745,0.499953,-0.00020799999999998597,0.999906,0,0,0,0.011996,0.058118,0.988004,0.941882,0.964943,1,1,1,1,0.6659045714285714,0.766185,0.48351849999999996,0.24465000000000003,0.49109879999999995,0.775749,0.5711843119047618,1,1,1,1,1,0,0,0.964943,0.5511603034823166,0.5511084944137893,0
1,fake_01429_suno_1,1,fake,1,0.999926,1,0.999937,1,1,1,0.027166,0.056132,0.01,,0.973198,4.480941,-2.241827,3.582139,True,0.021202,0.116358,sample_0001_fake_01429_suno_1.json,AST,PGD,AST | PGD,C:\Users\domin\Downloads\jsony\jsony\pgd\ast,0.056674,,,,,,,,,,1,1.0999999999983245e-05,1.0999999999983245e-05,0.499926,0.49993699999999996,-1.0999999999983245e-05,0.9998739999999999,0,0,0,0.027166,0.056132,0.972834,0.943868,0.958351,1,1,1,1,,0.973198,0.8702352499999999,0.43954325000000005,0.7164278000000001,0.943326,0.78854606,1,1,1,1,1,0,0,0.958351,0.75570390514706,0.7556086864550114,0
1,fake_02193_udio_1,1,fake,1,0.998626,1,0.999544,1,1,0,0.017116,0.019905,0.01,1.836192,0.983137,3.145701,-3.99377,2.811334,True,0.015427,0.116426,sample_0001_fake_02193_udio_1.json,AST,PGD,AST | PGD,C:\Users\domin\Downloads\jsony\jsony\pgd\ast,0.215452,,,,,,,,,,1,0.0009179999999999744,0.0009179999999999744,0.498626,0.499544,-0.0009179999999999744,0.999088,0,0,0,0.017116,0.019905,0.982884,0.980095,0.9814895,1,1,1,1,0.238912,0.983137,0.53642525,0.0015574999999999894,0.5622668,0.784548,0.5178077583333334,1,1,1,1,1,0,0,0.9814895,0.5082228778227043,0.5077593785581299,0
1,fake_02868_suno_1,1,fake,1,0.999764,1,0.999936,1,1,1,0.018302,0.024766,0.01,3.618483,0.962539,4.284632,-2.144597,3.479934,True,0.032968,0.087369,sample_0001_fake_02868_suno_1.json,AST,PGD,AST | PGD,C:\Users\domin\Downloads\jsony\jsony\pgd\ast,0.032623,,,,,,,,,,1,0.000172000000000061,0.000172000000000061,0.499764,0.49993600000000005,-0.000172000000000061,0.9998720000000001,0,0,0,0.018302,0.024766,0.981698,0.975234,0.9784660000000001,1,1,1,1,0.748138,0.962539,0.821158,0.46385075,0.6959868,0.967377,0.7765082583333333,1,1,1,1,1,1,1,0.9784660000000001,0.7597869294983833,0.7596896767714076,0
1,fake_12630_suno_1,1,fake,1,0.999934,1,0.999813,1,1,1,0.020775,0.017626,0.01,4.471087,0.998329,4.970653,-0.49144,4.91677,True,0.100069,0.081703,sample_0001_fake_12630_suno_1.json,AST,PGD,AST | PGD,C:\Users\domin\Downloads\jsony\jsony\pgd\ast,0.005039,,,,,,,,,,1,-0.00012100000000003774,0.00012100000000003774,0.499934,0.49981299999999995,0.00012100000000003774,0.9996259999999999,0,0,0,0.020775,0.017626,0.979225,0.982374,0.9807995,1,1,1,1,0.9917391428571428,0.998329,0.9926632500000001,0.87714,0.983354,0.994961,0.9730310654761906,1,1,1,1,1,1,1,0.9807995,0.9543483825035151,0.9539914562084586,0
1,fake_13018_udio_0,1,fake,1,0.999857,1,0.994505,1,1,1,0.028205,0.044712,0.01,,0.970554,4.111226,-3.906551,3.167075,True,0.262204,0.133167,sample_0001_fake_13018_udio_0.json,AST,PGD,AST | PGD,C:\Users\domin\Downloads\jsony\jsony\pgd\ast,0.059726,,,,,,,,,,1,-0.005352000000000023,0.005352000000000023,0.499857,0.494505,0.005352000000000023,0.98901,0,0,0,0.028205,0.044712,0.971795,0.955288,0.9635415,1,1,1,1,,0.970554,0.7778065000000001,0.02336225000000003,0.6334150000000001,0.940274,0.6690823499999999,1,1,1,1,1,0,0,0.9635415,0.644688611142525,0.6376034833060685,0
1,fake_13581_udio_0,1,fake,1,0.999542,1,0.999698,1,1,0,0.047979,0.028571,0.01,2.546526,0.804682,3.187417,-3.474427,3.038123,True,0.075191,0.123142,sample_0001_fake_13581_udio_0.json,AST,PGD,AST | PGD,C:\Users\domin\Downloads\jsony\jsony\pgd\ast,0.218386,,,,,,,,,,1,0.00015599999999993397,0.00015599999999993397,0.49954200000000004,0.499698,-0.00015599999999993397,0.999396,0,0,0,0.047979,0.028571,0.952021,0.971429,0.9617249999999999,1,1,1,1,0.44186457142857144,0.804682,0.54685425,0.13139325000000002,0.6076246000000001,0.781614,0.5523387785714285,1,1,1,1,1,0,0,0.9617249999999999,0.5311980118216071,0.5308771682224668,0
1,fake_14886_suno_0,1,fake,1,0.999579,1,0.999904,1,1,1,0.01661,0.054523,0.01,2.488564,0.960403,4.599898,-2.521497,3.50415,True,0.00665,0.094708,sample_0001_fake_14886_suno_0.json,AST,PGD,AST | PGD,C:\Users\domin\Downloads\jsony\jsony\pgd\ast,0.076033,,,,,,,,,,1,0.0003250000000000197,0.0003250000000000197,0.499579,0.499904,-0.0003250000000000197,0.999808,0,0,0,0.01661,0.054523,0.98339,0.945477,0.9644334999999999,1,1,1,1,0.42530400000000007,0.960403,0.8999744999999999,0.36962575,0.7008300000000001,0.923967,0.7133507083333334,1,1,1,1,1,0,0,0.9644334999999999,0.6879793203653958,0.6878472283358856,0
1,fake_18908_suno_1,1,fake,1,0.999812,1,0.999879,1,1,1,0.025338,0.044418,0.01,2.38693,0.827742,3.55456,-3.056357,3.078514,True,0.019419,0.080745,sample_0001_fake_18908_suno_1.json,AST,PGD,AST | PGD,C:\Users\domin\Downloads\jsony\jsony\pgd\ast,0.185167,,,,,,,,,,1,6.699999999992823e-05,6.699999999992823e-05,0.49981200000000003,0.49987899999999996,-6.699999999992823e-05,0.9997579999999999,0,0,0,0.025338,0.044418,0.974662,0.955582,0.965122,1,1,1,1,0.3962657142857143,0.827742,0.63864,0.23591074999999995,0.6157028,0.814833,0.5881823773809524,1,1,1,1,1,0,0,0.965122,0.5676677524226595,0.5675303768265733,0
1,fake_23504_suno_1,1,fake,1,0.999823,1,0.998653,1,1,1,0.018654,0.028336,0.01,2.756734,0.89999,3.405668,-3.153887,2.646306,True,0.045676,0.084102,sample_0001_fake_23504_suno_1.json,AST,PGD,AST | PGD,C:\Users\domin\Downloads\jsony\jsony\pgd\ast,0.143894,,,,,,,,,,1,-0.0011700000000000044,0.0011700000000000044,0.499823,0.498653,0.0011700000000000044,0.997306,0,0,0,0.018654,0.028336,0.981346,0.971664,0.976505,1,1,1,1,0.5019239999999999,0.89999,0.601417,0.21152824999999997,0.5292612,0.856106,0.6000377416666667,1,1,1,1,1,0,0,0.976505,0.5859398549262084,0.5843613329570372,0
1,fake_24388_suno_1,1,fake,1,0.999271,1,0.999925,1,1,0,0.025823,0.027495,0.01,2.525304,0.887891,3.08574,-3.209976,2.676032,True,0.02569,0.091894,sample_0001_fake_24388_suno_1.json,AST,PGD,AST | PGD,C:\Users\domin\Downloads\jsony\jsony\pgd\ast,0.258411,,,,,,,,,,1,0.0006539999999999324,0.0006539999999999324,0.499271,0.49992499999999995,-0.0006539999999999324,0.9998499999999999,0,0,0,0.025823,0.027495,0.974177,0.972505,0.973341,1,1,1,1,0.43580114285714294,0.887891,0.521435,0.19750599999999996,0.5352064000000001,0.741589,0.5532380904761904,1,1,1,1,1,0,0,0.973341,0.5384893162221857,0.5384085428247523,0
1,fake_25170_suno_0,1,fake,1,0.999927,1,0.999944,1,1,1,0.023068,0.082229,0.01,4.37393,0.991527,4.922375,-0.836865,4.90425,True,0.008,0.079266,sample_0001_fake_25170_suno_0.json,AST,PGD,AST | PGD,C:\Users\domin\Downloads\jsony\jsony\pgd\ast,0.007008,,,,,,,,,,1,1.7000000000044757e-05,1.7000000000044757e-05,0.499927,0.49994400000000006,-1.7000000000044757e-05,0.9998880000000001,0,0,0,0.023068,0.082229,0.976932,0.917771,0.9473515,1,1,1,1,0.96398,0.991527,0.9805937499999999,0.79078375,0.98085,0.992992,0.9501210833333333,1,1,1,1,1,1,1,0.9473515,0.9000986334774583,0.899997822430509,0
1,fake_26837_udio_0,1,fake,1,0.993077,1,0.99833,1,1,1,0.020381,0.044503,0.01,1.821677,0.986158,3.268176,-3.993389,2.634837,True,0.08866,0.100937,sample_0001_fake_26837_udio_0.json,AST,PGD,AST | PGD,C:\Users\domin\Downloads\jsony\jsony\pgd\ast,0.154917,,,,,,,,,,1,0.005253000000000063,0.005253000000000063,0.493077,0.49833000000000005,-0.005253000000000063,0.9966600000000001,0,0,0,0.020381,0.044503,0.979619,0.955497,0.967558,1,1,1,1,0.23476485714285714,0.986158,0.567044,0.0016527499999999806,0.5269674,0.845083,0.5269450011904762,1,1,1,1,1,0,0,0.967558,0.5098498514618548,0.5081469529579723,0
1,fake_27504_udio_1,1,fake,1,0.999879,1,0.999891,1,1,0,0.041485,0.042044,0.01,4.030608,0.998366,4.96892,-0.660077,4.695246,True,0.042666,0.092223,sample_0001_fake_27504_udio_1.json,AST,PGD,AST | PGD,C:\Users\domin\Downloads\jsony\jsony\pgd\ast,0.015938,,,,,,,,,,1,1.2000000000012001e-05,1.2000000000012001e-05,0.49987899999999996,0.499891,-1.2000000000012001e-05,0.999782,0,0,0,0.041485,0.042044,0.958515,0.957956,0.9582355,1,1,1,1,0.865888,0.998366,0.99223,0.8349807499999999,0.9390492,0.984062,0.9357626583333333,1,1,1,1,1,1,1,0.9582355,0.8966809987893708,0.8964855223316347,0
1,fake_32764_suno_0,1,fake,1,0.999897,1,0.999803,1,1,1,0.018575,0.027319,0.01,2.778488,0.874384,3.729384,-2.945012,3.102211,True,0.028807,0.084759,sample_0001_fake_32764_suno_0.json,AST,PGD,AST | PGD,C:\Users\domin\Downloads\jsony\jsony\pgd\ast,0.109722,,,,,,,,,,1,-9.40000000000385e-05,9.40000000000385e-05,0.49989700000000004,0.499803,9.40000000000385e-05,0.999606,0,0,0,0.018575,0.027319,0.981425,0.972681,0.977053,1,1,1,1,0.5081394285714286,0.874384,0.682346,0.26374699999999995,0.6204422,0.890278,0.6398894380952381,1,1,1,1,1,0,0,0.977053,0.6252058951592666,0.6249595640365738,0
1,fake_40188_udio_1,1,fake,1,0.999461,1,0.999814,1,1,1,0.02113,0.06062,0.01,,0.969998,4.248359,-2.759945,3.723549,True,0.144096,0.093728,sample_0001_fake_40188_udio_1.json,AST,PGD,AST | PGD,C:\Users\domin\Downloads\jsony\jsony\pgd\ast,0.038836,,,,,,,,,,1,0.0003529999999999367,0.0003529999999999367,0.49946100000000004,0.499814,-0.0003529999999999367,0.999628,0,0,0,0.02113,0.06062,0.97887,0.93938,0.959125,1,1,1,1,,0.969998,0.8120897499999999,0.31001375,0.7447098000000001,0.961164,0.75959506,1,1,1,1,1,0,0,0.959125,0.7285466119225,0.7282755925828648,0
1,fake_44098_suno_0,1,fake,1,0.999915,1,0.999964,1,1,1,0.020924,0.0648,0.01,1.911368,0.801297,3.336904,-3.032823,3.159385,True,0.031191,0.091261,sample_0001_fake_44098_suno_0.json,AST,PGD,AST | PGD,C:\Users\domin\Downloads\jsony\jsony\pgd\ast,0.208198,,,,,,,,,,1,4.899999999996574e-05,4.899999999996574e-05,0.499915,0.49996399999999996,-4.899999999996574e-05,0.9999279999999999,0,0,0,0.020924,0.0648,0.979076,0.9352,0.957138,1,1,1,1,0.26039085714285715,0.801297,0.584226,0.24179425,0.631877,0.791802,0.5518978511904763,1,1,1,1,1,0,0,0.957138,0.5282424054927501,0.5282043720395546,0
1,fake_46348_udio_1,1,fake,1,0.99985,1,0.999463,1,1,1,0.016978,0.00762,0.01,1.764452,0.885268,3.106685,-3.995613,3.231969,True,0.17073,0.094105,sample_0001_fake_46348_udio_1.json,AST,PGD,AST | PGD,C:\Users\domin\Downloads\jsony\jsony\pgd\ast,0.249302,,,,,,,,,,1,-0.0003870000000000262,0.0003870000000000262,0.49985,0.499463,0.0003870000000000262,0.998926,0,0,0,0.016978,0.00762,0.983022,0.99238,0.9877009999999999,1,1,1,1,0.2184148571428571,0.885268,0.52667125,0.0010967499999999797,0.6463938,0.750698,0.5047571095238096,1,1,1,1,1,0,0,0.9877009999999999,0.4985491018337762,0.4980136600984067,0
1,fake_48933_suno_1,1,fake,1,0.999897,1,0.999761,1,1,0,0.018806,0.03316,0.01,3.030589,0.923948,4.080429,-2.67878,3.062521,True,0.035304,0.097392,sample_0001_fake_48933_suno_1.json,AST,PGD,AST | PGD,C:\Users\domin\Downloads\jsony\jsony\pgd\ast,0.17489,,,,,,,,,,1,-0.000136000000000025,0.000136000000000025,0.49989700000000004,0.499761,0.000136000000000025,0.999522,0,0,0,0.018806,0.03316,0.981194,0.96684,0.974017,1,1,1,1,0.5801682857142857,0.923948,0.7701072499999999,0.33030499999999996,0.6125041999999999,0.82511,0.673690455952381,1,1,1,1,1,1,1,0.974017,0.6561859568353703,0.655872299948003,0
1,fake_49262_suno_1,1,fake,1,0.999822,1,0.999922,1,1,1,0.023647,0.032929,0.01,2.730536,0.841092,3.850972,-2.462318,3.067479,True,0.016371,0.071171,sample_0001_fake_49262_suno_1.json,AST,PGD,AST | PGD,C:\Users\domin\Downloads\jsony\jsony\pgd\ast,0.136519,,,,,,,,,,1,9.999999999998899e-05,9.999999999998899e-05,0.499822,0.499922,-9.999999999998899e-05,0.999844,0,0,0,0.023647,0.032929,0.976353,0.967071,0.971712,1,1,1,1,0.4944388571428571,0.841092,0.712743,0.38442050000000005,0.6134958,0.8634809999999999,0.6516118595238095,1,1,1,1,1,0,0,0.971712,0.6331790632416,0.6330802873077342,0
1,fake_50028_suno_1,1,fake,1,0.999831,1,0.999917,1,1,0,0.020212,0.032653,0.01,1.956496,0.971994,3.534271,-3.079171,2.711631,True,0.068802,0.087544,sample_0001_fake_50028_suno_1.json,AST,PGD,AST | PGD,C:\Users\domin\Downloads\jsony\jsony\pgd\ast,0.121725,,,,,,,,,,1,8.599999999991947e-05,8.599999999991947e-05,0.499831,0.49991699999999994,-8.599999999991947e-05,0.9998339999999999,0,0,0,0.020212,0.032653,0.979788,0.967347,0.9735674999999999,1,1,1,1,0.27328457142857143,0.971994,0.63356775,0.23020724999999997,0.5423262,0.878275,0.5882757952380951,1,1,1,1,1,0,0,0.9735674999999999,0.5727261952804642,0.5726311227320475,0
1,real_00193,0,real,0,0.000212,0,2.9e-05,1,1,0,0.017767,0.080893,0.01,3.558376,0.868456,3.664233,-2.846704,2.259743,True,0.113231,0.369831,sample_0001_real_00193.json,AST,PGD,AST | PGD,C:\Users\domin\Downloads\jsony\jsony\pgd\ast,0.149028,,,,,,,,,,1,-0.000183,0.000183,0.499788,0.499971,-0.00018299999999998873,0.999942,0,0,0,0.017767,0.080893,0.982233,0.919107,0.95067,1,1,1,1,0.7309645714285714,0.868456,0.66605825,0.288324,0.4519486,0.8509720000000001,0.6427872369047619,1,1,1,1,1,1,1,0.95067,0.61107854250825,0.6110430999527845,0
1,real_00224,0,real,0,3.6e-05,0,1.7e-05,1,1,1,0.006018,0.008196,0.01,2.531028,0.992306,3.276037,-3.417256,2.265781,True,0.10801,0.343966,sample_0001_real_00224.json,AST,PGD,AST | PGD,C:\Users\domin\Downloads\jsony\jsony\pgd\ast,0.255153,,,,,,,,,,1,-1.9e-05,1.9e-05,0.499964,0.499983,-1.8999999999991246e-05,0.999966,0,0,0,0.006018,0.008196,0.993982,0.991804,0.992893,1,1,1,1,0.43743657142857145,0.992306,0.56900925,0.14568599999999998,0.4531562,0.744847,0.5570735035714286,1,1,1,1,1,0,0,0.992893,0.5531143821815465,0.5530955762925523,0
1,real_01021,0,real,0,0.000836,0,0.043721,1,1,1,0.014719,0.127147,0.01,2.778996,0.789517,3.020445,-2.880258,2.570075,True,0.052333,0.216783,sample_0001_real_01021.json,AST,PGD,AST | PGD,C:\Users\domin\Downloads\jsony\jsony\pgd\ast,0.283146,,,,,,,,,,1,0.042885,0.042885,0.499164,0.456279,0.042885000000000006,0.912558,0,0,0,0.014719,0.127147,0.985281,0.872853,0.929067,1,1,1,1,0.5082845714285714,0.789517,0.50511125,0.2799355,0.514015,0.716854,0.5522862202380953,1,1,1,1,1,0,0,0.929067,0.5131109017779464,0.46824345830467917,0
1,real_03705,0,real,0,0.0001,0,0.000159,1,1,1,0.012198,0.012217,0.01,3.028709,0.987363,4.233316,-3.336273,3.839602,True,0.087465,0.322087,sample_0001_real_03705.json,AST,PGD,AST | PGD,C:\Users\domin\Downloads\jsony\jsony\pgd\ast,0.086974,,,,,,,,,,1,5.8999999999999984e-05,5.8999999999999984e-05,0.4999,0.499841,5.900000000003125e-05,0.999682,0,0,0,0.012198,0.012217,0.987802,0.987783,0.9877925,1,1,1,1,0.5796311428571429,0.987363,0.8083290000000001,0.16593175000000004,0.7679204000000001,0.913026,0.7037002154761905,1,1,1,1,1,1,1,0.9877925,0.695109795095765,0.6948887501809246,0
1,real_06031,0,real,0,0.000187,0,0.001347,1,1,1,0.009368,0.032249,0.01,2.428052,0.81993,3.351931,-3.990365,2.942307,True,0.046377,0.329314,sample_0001_real_06031.json,AST,PGD,AST | PGD,C:\Users\domin\Downloads\jsony\jsony\pgd\ast,0.145032,,,,,,,,,,1,0.00116,0.00116,0.499813,0.498653,0.0011599999999999944,0.997306,0,0,0,0.009368,0.032249,0.990632,0.967751,0.9791915,1,1,1,1,0.4080148571428572,0.81993,0.58798275,0.0024087499999999595,0.5884614,0.854968,0.5436276261904761,1,1,1,1,1,0,0,0.9791915,0.5323155507308915,0.5308814926372225,0
1,real_06334,0,real,0,3.9e-05,0,1.3e-05,1,1,0,0.013795,0.142447,0.01,3.012675,0.942909,4.01454,-3.958106,3.214802,True,0.017699,0.239239,sample_0001_real_06334.json,AST,PGD,AST | PGD,C:\Users\domin\Downloads\jsony\jsony\pgd\ast,0.135023,,,,,,,,,,1,-2.6000000000000002e-05,2.6000000000000002e-05,0.499961,0.499987,-2.6000000000026002e-05,0.999974,0,0,0,0.013795,0.142447,0.986205,0.857553,0.921879,1,1,1,1,0.5750500000000001,0.942909,0.753635,0.010473500000000024,0.6429604,0.864977,0.6316674833333333,1,1,1,1,1,1,1,0.921879,0.58232098786785,0.5823058475221655,0
1,real_06824,0,real,0,1.9e-05,0,1.1e-05,1,1,1,0.011445,0.008333,0.01,2.393551,0.955209,3.749059,-2.970707,3.045063,True,0.093783,0.3566,sample_0001_real_06824.json,AST,PGD,AST | PGD,C:\Users\domin\Downloads\jsony\jsony\pgd\ast,0.296342,,,,,,,,,,1,-8.000000000000001e-06,8.000000000000001e-06,0.499981,0.499989,-8.000000000008e-06,0.999978,0,0,0,0.011445,0.008333,0.988555,0.991667,0.990111,1,1,1,1,0.39815742857142855,0.955209,0.68726475,0.25732325,0.6090126,0.703658,0.6017708380952379,1,1,1,1,1,0,0,0.990111,0.5958199262773141,0.595806818238936,0
1,real_07252,0,real,0,8.5e-05,0,0.003592,1,1,1,0.00606,0.002608,0.01,2.897718,0.98953,4.141431,-3.606593,3.098274,True,0.085188,0.276357,sample_0001_real_07252.json,AST,PGD,AST | PGD,C:\Users\domin\Downloads\jsony\jsony\pgd\ast,0.090401,,,,,,,,,,1,0.003507,0.003507,0.499915,0.496408,0.0035069999999999824,0.992816,0,0,0,0.00606,0.002608,0.99394,0.997392,0.9956659999999999,1,1,1,1,0.5422051428571428,0.98953,0.78535775,0.09835174999999996,0.6196548,0.909599,0.6574497404761904,1,1,1,1,1,0,0,0.9956659999999999,0.6546003533009666,0.6498977043628524,0
1,real_07265,0,real,0,1.2e-05,0,5e-06,1,1,1,0.020575,0.092999,0.01,2.643321,0.979189,3.929334,-3.991882,2.897943,True,0.10436,0.397474,sample_0001_real_07265.json,AST,PGD,AST | PGD,C:\Users\domin\Downloads\jsony\jsony\pgd\ast,0.108729,,,,,,,,,,1,-7e-06,7e-06,0.499988,0.499995,-7.000000000034756e-06,0.99999,0,0,0,0.020575,0.092999,0.979425,0.907001,0.943213,1,1,1,1,0.46952028571428567,0.979189,0.7323335,0.0020295000000000174,0.5795886,0.891271,0.6089886476190476,1,1,1,1,1,0,0,0.943213,0.5744060092867047,0.5744002652266119,0
1,real_12935,0,real,0,0.002579,0,0.000359,1,1,1,0.017295,0.099428,0.01,,0.279292,1.408719,-3.998092,2.769251,True,0.116857,0.314336,sample_0001_real_12935.json,AST,PGD,AST | PGD,C:\Users\domin\Downloads\jsony\jsony\pgd\ast,0.35449,,,,,,,,,,1,-0.00222,0.00222,0.497421,0.499641,-0.0022199999999999998,0.999282,0,0,0,0.017295,0.099428,0.982705,0.900572,0.9416385,1,1,1,1,,0.279292,0.10217975000000001,0.0004769999999999497,0.5538502000000001,0.64551,0.31626179,1,1,1,1,1,0,0,0.9416385,0.297804277542915,0.2975904540716392,0
1,real_19441,0,real,0,0.01433,0,0.001333,1,1,1,0.021959,0.149418,0.01,1.804192,0.626058,2.973151,-3.668126,3.068159,True,0.095044,0.307723,sample_0001_real_19441.json,AST,PGD,AST | PGD,C:\Users\domin\Downloads\jsony\jsony\pgd\ast,0.301027,,,,,,,,,,1,-0.012997000000000002,0.012997000000000002,0.48567,0.498667,-0.012997000000000036,0.997334,0,0,0,0.021959,0.149418,0.978041,0.850582,0.9143114999999999,1,1,1,1,0.22976914285714287,0.626058,0.49328775,0.0829685,0.6136318000000001,0.6989730000000001,0.4574480321428572,1,1,1,1,1,0,0,0.9143114999999999,0.4182499964405839,0.41713494195007333,0
1,real_19661,0,real,0,0.014121,0,0.012371,1,1,1,0.015949,0.061805,0.01,,0.103153,1.0,-3.961046,2.026723,True,0.065515,0.316291,sample_0001_real_19661.json,AST,PGD,AST | PGD,C:\Users\domin\Downloads\jsony\jsony\pgd\ast,0.480923,,,,,,,,,,1,-0.0017499999999999998,0.0017499999999999998,0.485879,0.487629,-0.0017499999999999738,0.975258,0,0,0,0.015949,0.061805,0.984051,0.938195,0.961123,1,1,1,1,,0.103153,0.0,0.009738499999999983,0.4053446,0.519077,0.20746262,1,1,1,1,1,0,0,0.961123,0.19939709572225997,0.19446361277989982,0
2,fake_09727_udio_1,1,fake,1,0.999724,1,0.979969,1,1,1,0.023986,0.068331,0.01,3.422385,0.995849,4.835037,-3.951558,4.263091,True,0.038479,0.108627,sample_0002_fake_09727_udio_1.json,AST,PGD,AST | PGD,C:\Users\domin\Downloads\jsony\jsony\pgd\ast,0.027009,,,,,,,,,,1,-0.019754999999999967,0.019754999999999967,0.49972399999999995,0.479969,0.019754999999999967,0.959938,0,0,0,0.023986,0.068331,0.976014,0.931669,0.9538415,1,1,1,1,0.6921099999999999,0.995849,0.95875925,0.012110500000000024,0.8526182,0.972991,0.747406325,1,1,1,1,1,1,1,0.9538415,0.7129071701474875,0.6843466830970388,0
2,fake_09896_suno_1,1,fake,1,0.999922,1,0.999906,1,1,1,0.018411,0.00995,0.01,,0.997191,4.979991,-0.502131,4.935997,True,0.093444,0.066969,sample_0002_fake_09896_suno_1.json,AST,PGD,AST | PGD,C:\Users\domin\Downloads\jsony\jsony\pgd\ast,0.002866,,,,,,,,,,1,-1.6000000000016e-05,1.6000000000016e-05,0.499922,0.49990599999999996,1.6000000000016e-05,0.9998119999999999,0,0,0,0.018411,0.00995,0.981589,0.99005,0.9858195000000001,1,1,1,1,,0.997191,0.99499775,0.87446725,0.9871994000000001,0.997134,0.97019788,1,1,1,1,1,0,0,0.9858195000000001,0.95643998896266,0.956260178244735,0
2,fake_16796_suno_1,1,fake,1,0.999924,1,0.999869,1,1,1,0.029929,0.019405,0.01,4.506538,0.998314,4.977951,-0.474623,4.974589,True,0.243634,0.077364,sample_0002_fake_16796_suno_1.json,AST,PGD,AST | PGD,C:\Users\domin\Downloads\jsony\jsony\pgd\ast,0.006562,,,,,,,,,,1,-5.500000000002725e-05,5.500000000002725e-05,0.49992400000000004,0.499869,5.500000000002725e-05,0.999738,0,0,0,0.029929,0.019405,0.970071,0.980595,0.975333,1,1,1,1,1.0,0.998314,0.99448775,0.8813442499999999,0.9949178,0.993438,0.9770836333333333,1,1,1,1,1,1,1,0.975333,0.9529819113499,0.9527322300891263,0
2,fake_18041_udio_1,1,fake,1,0.999895,1,0.999631,1,1,1,0.01881,0.038277,0.01,3.101467,0.939843,4.268217,-2.870399,3.348498,True,0.143542,0.113684,sample_0002_fake_18041_udio_1.json,AST,PGD,AST | PGD,C:\Users\domin\Downloads\jsony\jsony\pgd\ast,0.082086,,,,,,,,,,1,-0.00026399999999993096,0.00026399999999993096,0.499895,0.49963100000000005,0.00026399999999993096,0.9992620000000001,0,0,0,0.01881,0.038277,0.98119,0.961723,0.9714565,1,1,1,1,0.6004191428571428,0.939843,0.81705425,0.28240025,0.6696996000000001,0.917914,0.7045550404761904,1,1,1,1,1,1,1,0.9714565,0.6844445736783583,0.6839394535829838,0
2,fake_19538_udio_0,1,fake,1,0.998059,1,0.995743,1,1,1,0.017679,0.011499,0.01,1.739136,0.920335,3.054994,-3.995889,2.912735,True,0.034798,0.116819,sample_0002_fake_19538_udio_0.json,AST,PGD,AST | PGD,C:\Users\domin\Downloads\jsony\jsony\pgd\ast,0.201627,,,,,,,,,,1,-0.0023159999999999847,0.0023159999999999847,0.49805900000000003,0.49574300000000004,0.0023159999999999847,0.9914860000000001,0,0,0,0.017679,0.011499,0.982321,0.988501,0.985411,1,1,1,1,0.21118171428571428,0.920335,0.5137485,0.001027749999999994,0.582547,0.798373,0.504535494047619,1,1,1,1,1,0,0,0.985411,0.4971748257249583,0.49294187925873606,0
2,fake_23853_udio_1,1,fake,1,0.999617,1,0.999503,1,1,1,0.021606,0.009405,0.01,2.909453,0.943959,3.90204,-3.990654,2.864411,True,0.079409,0.103233,sample_0002_fake_23853_udio_1.json,AST,PGD,AST | PGD,C:\Users\domin\Downloads\jsony\jsony\pgd\ast,0.101083,,,,,,,,,,1,-0.00011399999999994748,0.00011399999999994748,0.499617,0.49950300000000003,0.00011399999999994748,0.9990060000000001,0,0,0,0.021606,0.009405,0.978394,0.990595,0.9844945,1,1,1,1,0.545558,0.943959,0.72551,0.0023364999999999636,0.5728822,0.898917,0.61486045,1,1,1,1,1,0,0,0.9844945,0.605326731292525,0.6047250365216202,0
2,fake_26293_suno_0,1,fake,1,0.99961,1,0.99928,1,1,0,0.043008,0.093404,0.01,2.672757,0.791589,3.097514,-2.84841,2.819422,True,0.024462,0.125123,sample_0002_fake_26293_suno_0.json,AST,PGD,AST | PGD,C:\Users\domin\Downloads\jsony\jsony\pgd\ast,0.222295,,,,,,,,,,1,-0.0003300000000000525,0.0003300000000000525,0.49961,0.49927999999999995,0.0003300000000000525,0.9985599999999999,0,0,0,0.043008,0.093404,0.956992,0.906596,0.931794,1,1,1,1,0.47793057142857137,0.791589,0.5243785,0.28789750000000003,0.5638844,0.777705,0.570564161904762,1,1,1,1,1,0,0,0.931794,0.5316482626778858,0.5308826891796296,0
2,fake_29238_suno_1,1,fake,1,0.999841,1,0.999708,1,1,1,0.018274,0.035839,0.01,3.7879,0.936297,4.35124,-2.055522,3.900436,True,0.023243,0.077099,sample_0002_fake_29238_suno_1.json,AST,PGD,AST | PGD,C:\Users\domin\Downloads\jsony\jsony\pgd\ast,0.048005,,,,,,,,,,1,-0.00013299999999993872,0.00013299999999993872,0.499841,0.49970800000000004,0.00013299999999993872,0.9994160000000001,0,0,0,0.018274,0.035839,0.981726,0.964161,0.9729435,1,1,1,1,0.7965428571428571,0.936297,0.8378099999999999,0.48611950000000004,0.7800872,0.951995,0.7981419261904762,1,1,1,1,1,1,1,0.9729435,0.7765469991645035,0.7760934957169915,0
2,fake_30470_udio_1,1,fake,1,0.999547,1,0.999875,1,1,1,0.034579,0.012487,0.01,1.35815,0.692786,2.115952,-3.996844,2.637606,True,0.119578,0.082168,sample_0002_fake_30470_udio_1.json,AST,PGD,AST | PGD,C:\Users\domin\Downloads\jsony\jsony\pgd\ast,0.847515,,,,,,,,,,1,0.00032799999999999496,0.00032799999999999496,0.49954699999999996,0.49987499999999996,-0.00032799999999999496,0.9997499999999999,0,0,0,0.034579,0.012487,0.965421,0.987513,0.976467,1,1,1,1,0.10232857142857142,0.692786,0.278988,0.0007890000000000397,0.5275212,0.15248499999999998,0.2924829619047619,1,1,1,1,1,0,0,0.976467,0.28559996036225715,0.28552856037216656,0
2,fake_31014_suno_0,1,fake,1,0.999941,1,0.999933,1,1,1,0.039232,0.030853,0.01,4.483992,0.99754,4.956013,-0.713886,4.93462,True,0.185795,0.105882,sample_0002_fake_31014_suno_0.json,AST,PGD,AST | PGD,C:\Users\domin\Downloads\jsony\jsony\pgd\ast,0.006745,,,,,,,,,,1,-8.000000000008e-06,8.000000000008e-06,0.49994099999999997,0.49993299999999996,8.000000000008e-06,0.9998659999999999,0,0,0,0.039232,0.030853,0.960768,0.969147,0.9649574999999999,1,1,1,1,0.9954262857142856,0.99754,0.9890032499999999,0.8215285,0.9869239999999999,0.993255,0.9639461726190476,1,1,1,1,1,1,1,0.9649574999999999,0.9301670888650445,0.9300424464751366,0
2,fake_38961_udio_0,1,fake,1,0.999938,1,0.999948,1,1,1,0.020591,0.02118,0.01,3.759524,0.996626,4.813675,-3.610942,4.190171,True,0.019877,0.089224,sample_0002_fake_38961_udio_0.json,AST,PGD,AST | PGD,C:\Users\domin\Downloads\jsony\jsony\pgd\ast,0.050645,,,,,,,,,,1,9.99999999995449e-06,9.99999999995449e-06,0.499938,0.49994799999999995,-9.99999999995449e-06,0.9998959999999999,0,0,0,0.020591,0.02118,0.979409,0.97882,0.9791145,1,1,1,1,0.7884354285714286,0.996626,0.95341875,0.09726449999999998,0.8380342000000001,0.949355,0.7705223130952382,1,1,1,1,1,1,1,0.9791145,0.7544295693250876,0.7543511086498778,0
2,fake_46798_udio_1,1,fake,1,0.998581,1,0.99561,1,1,0,0.030686,0.00758,0.01,1.568329,0.815571,2.458383,-3.996291,2.881203,True,0.041975,0.094105,sample_0002_fake_46798_udio_1.json,AST,PGD,AST | PGD,C:\Users\domin\Downloads\jsony\jsony\pgd\ast,0.488039,,,,,,,,,,1,-0.002971000000000057,0.002971000000000057,0.49858100000000005,0.49561,0.002971000000000057,0.99122,0,0,0,0.030686,0.00758,0.969314,0.99242,0.9808669999999999,1,1,1,1,0.16237971428571432,0.815571,0.36459575,0.0009272500000000461,0.5762406,0.511961,0.4052792190476191,1,1,1,1,1,0,0,0.9808669999999999,0.397525011749581,0.39403474214641965,0
2,fake_51339_udio_0,1,fake,1,0.998184,1,0.999918,1,1,0,0.030723,0.051274,0.01,,0.982983,4.085633,-3.94899,3.359158,True,0.159184,0.110956,sample_0002_fake_51339_udio_0.json,AST,PGD,AST | PGD,C:\Users\domin\Downloads\jsony\jsony\pgd\ast,0.073835,,,,,,,,,,1,0.0017340000000000133,0.0017340000000000133,0.49818399999999996,0.499918,-0.0017340000000000133,0.999836,0,0,0,0.030723,0.051274,0.9692769999999999,0.948726,0.9590015,1,1,1,1,,0.982983,0.7714082499999999,0.012752500000000055,0.6718316,0.926165,0.67302807,1,1,1,1,1,0,0,0.9590015,0.645434928672105,0.6453290773438027,0
2,real_00268,0,real,0,3.6e-05,0,1.4e-05,1,1,1,0.009837,0.04175,0.01,3.309452,0.975058,3.931905,-2.491784,3.095294,True,0.100071,0.355583,sample_0002_real_00268.json,AST,PGD,AST | PGD,C:\Users\domin\Downloads\jsony\jsony\pgd\ast,0.171974,,,,,,,,,,1,-2.2e-05,2.2e-05,0.499964,0.499986,-2.199999999996649e-05,0.999972,0,0,0,0.009837,0.04175,0.990163,0.95825,0.9742065,1,1,1,1,0.6598434285714285,0.975058,0.73297625,0.377054,0.6190588,0.828026,0.6986694130952381,1,1,1,1,1,1,1,0.9742065,0.6806482835885661,0.6806292254366256,0
2,real_00577,0,real,0,0.001397,0,0.004687,1,1,0,0.018672,0.095468,0.01,1.967672,0.935149,3.412063,-3.995505,2.476122,True,0.104566,0.208929,sample_0002_real_00577.json,AST,PGD,AST | PGD,C:\Users\domin\Downloads\jsony\jsony\pgd\ast,0.204748,,,,,,,,,,1,0.0032900000000000004,0.0032900000000000004,0.498603,0.495313,0.003290000000000015,0.990626,0,0,0,0.018672,0.095468,0.981328,0.904532,0.94293,1,1,1,1,0.2764777142857143,0.935149,0.60301575,0.001123749999999979,0.4952244,0.795252,0.5177071023809524,1,1,1,1,1,0,0,0.94293,0.4881615580480715,0.4835855316029289,0
2,real_03464,0,real,0,0.034295,0,0.002012,1,1,0,0.020155,0.1077,0.01,1.88374,0.849541,2.906735,-3.995953,2.73553,True,0.112046,0.473253,sample_0002_real_03464.json,AST,PGD,AST | PGD,C:\Users\domin\Downloads\jsony\jsony\pgd\ast,0.273391,,,,,,,,,,1,-0.032283,0.032283,0.465705,0.497988,-0.032283000000000006,0.995976,0,0,0,0.020155,0.1077,0.979845,0.8923,0.9360725,1,1,1,1,0.25249714285714286,0.849541,0.47668374999999996,0.001011749999999978,0.547106,0.7266090000000001,0.4755747738095238,1,1,1,1,1,0,0,0.9360725,0.44517246745681543,0.4433810934477692,0
2,real_03751,0,real,0,0.000119,0,6.6e-05,1,1,1,0.010739,0.029556,0.01,2.33066,0.962651,3.996242,-3.592746,3.347748,True,0.068862,0.288908,sample_0002_real_03751.json,AST,PGD,AST | PGD,C:\Users\domin\Downloads\jsony\jsony\pgd\ast,0.139979,,,,,,,,,,1,-5.3e-05,5.3e-05,0.499881,0.499934,-5.299999999996974e-05,0.999868,0,0,0,0.010739,0.029556,0.989261,0.970444,0.9798525,1,1,1,1,0.38018857142857143,0.962651,0.7490605,0.1018135,0.6695496000000001,0.860021,0.620547361904762,1,1,1,1,1,0,0,0.9798525,0.6080448839307858,0.6079646220061069,0
2,real_06308,0,real,0,9e-06,0,2.2e-05,1,1,0,0.010343,0.019236,0.01,2.844002,0.947696,3.945347,-2.820383,3.635604,True,0.122783,0.377018,sample_0002_real_06308.json,AST,PGD,AST | PGD,C:\Users\domin\Downloads\jsony\jsony\pgd\ast,0.262159,,,,,,,,,,1,1.3e-05,1.3e-05,0.499991,0.499978,1.3000000000040757e-05,0.999956,0,0,0,0.010343,0.019236,0.989657,0.980764,0.9852105,1,1,1,1,0.5268577142857144,0.947696,0.73633675,0.29490425,0.7271208,0.737841,0.6617927523809525,1,1,1,1,1,0,0,0.9852105,0.6520051684696144,0.6519764802422018,0
2,real_06651,0,real,0,0.005501,0,0.000197,1,1,1,0.017214,0.051789,0.01,,0.25897,1.0,-3.968546,2.994282,True,0.079368,0.257568,sample_0002_real_06651.json,AST,PGD,AST | PGD,C:\Users\domin\Downloads\jsony\jsony\pgd\ast,0.477813,,,,,,,,,,1,-0.005304,0.005304,0.494499,0.499803,-0.005303999999999975,0.999606,0,0,0,0.017214,0.051789,0.982786,0.948211,0.9654985,1,1,1,1,,0.25897,0.0,0.007863500000000023,0.5988564000000001,0.522187,0.27757538,1,1,1,1,1,0,0,0.9654985,0.26799861302693,0.2678930215733974,0
2,real_06994,0,real,0,3.3e-05,0,5e-06,1,1,1,0.011868,0.018651,0.01,1.469228,0.970287,2.950373,-3.738169,3.077186,True,0.113229,0.403226,sample_0002_real_06994.json,AST,PGD,AST | PGD,C:\Users\domin\Downloads\jsony\jsony\pgd\ast,0.402393,,,,,,,,,,1,-2.8000000000000003e-05,2.8000000000000003e-05,0.499967,0.499995,-2.8000000000028002e-05,0.99999,0,0,0,0.011868,0.018651,0.988132,0.981349,0.9847405,1,1,1,1,0.13406514285714285,0.970287,0.48759325,0.06545774999999998,0.6154372,0.597607,0.4784078904761904,1,1,1,1,1,0,0,0.9847405,0.471107625271469,0.47110291419521627,0
2,real_07251,0,real,0,0.232924,0,0.028937,1,1,1,0.012165,0.054224,0.01,,0.0,5.0,-4.0,2.059337,True,0.086974,0.168573,sample_0002_real_07251.json,AST,PGD,AST | PGD,C:\Users\domin\Downloads\jsony\jsony\pgd\ast,1.379552,,,,,,,,,,1,-0.203987,0.203987,0.267076,0.471063,-0.20398700000000003,0.942126,0,0,0,0.012165,0.054224,0.987835,0.945776,0.9668055,1,1,1,1,,0.0,1.0,0.0,0.41186740000000005,0.0,0.28237348,1,1,1,1,1,0,0,0.9668055,0.27300023351814,0.2572006180035112,0
2,real_09833,0,real,0,0.232924,0,0.019493,1,1,0,0.008503,0.004128,0.01,,0.0,5.0,-4.0,1.964251,True,0.065737,0.255063,sample_0002_real_09833.json,AST,PGD,AST | PGD,C:\Users\domin\Downloads\jsony\jsony\pgd\ast,1.366575,,,,,,,,,,1,-0.21343099999999998,0.21343099999999998,0.267076,0.480507,-0.21343100000000004,0.961014,0,0,0,0.008503,0.004128,0.991497,0.995872,0.9936845,1,1,1,1,,0.0,1.0,0.0,0.3928502,0.0,0.27857004,1,1,1,1,1,0,0,0.9936845,0.27681073091238,0.26601898775703,0
2,real_11262,0,real,0,4.2e-05,0,4.3e-05,1,1,1,0.008741,0.0146,0.01,3.910141,0.986562,4.585807,-2.028488,3.547482,True,0.098172,0.3544,sample_0002_real_11262.json,AST,PGD,AST | PGD,C:\Users\domin\Downloads\jsony\jsony\pgd\ast,0.065736,,,,,,,,,,1,1.000000000000004e-06,1.000000000000004e-06,0.499958,0.499957,1.0000000000287557e-06,0.999914,0,0,0,0.008741,0.0146,0.991259,0.9854,0.9883295000000001,1,1,1,1,0.8314688571428571,0.986562,0.89645175,0.49287800000000004,0.7094964,0.934264,0.8085201678571429,1,1,1,1,1,1,1,0.9883295000000001,0.7990843332381662,0.7990156119855076,0
2,real_11839,0,real,0,0.015126,0,0.002542,1,1,1,0.028642,0.048446,0.01,3.283414,0.968553,4.3055,-3.052624,3.939377,True,0.178381,0.448551,sample_0002_real_11839.json,AST,PGD,AST | PGD,C:\Users\domin\Downloads\jsony\jsony\pgd\ast,0.07445,,,,,,,,,,1,-0.012584000000000001,0.012584000000000001,0.484874,0.497458,-0.012583999999999984,0.994916,0,0,0,0.028642,0.048446,0.9713579999999999,0.951554,0.961456,1,1,1,1,0.652404,0.968553,0.8263750000000001,0.23684400000000005,0.7878754,0.92555,0.7329335666666666,1,1,1,1,1,1,1,0.961456,0.7046833752730667,0.7011007649931784,0
2,real_12041,0,real,0,1.4e-05,0,1e-05,1,1,0,0.010332,0.025651,0.01,2.964126,0.951299,3.713623,-3.990482,3.422937,True,0.05784,0.385917,sample_0002_real_12041.json,AST,PGD,AST | PGD,C:\Users\domin\Downloads\jsony\jsony\pgd\ast,0.141232,,,,,,,,,,1,-3.999999999999999e-06,3.999999999999999e-06,0.499986,0.49999,-4.000000000004e-06,0.99998,0,0,0,0.010332,0.025651,0.989668,0.974349,0.9820085000000001,1,1,1,1,0.5611788571428571,0.951299,0.67840575,0.002379499999999979,0.6845874000000001,0.858768,0.6227697511904762,1,1,1,1,1,0,0,0.9820085000000001,0.6115651892119328,0.6115529579081486,0
2,real_12407,0,real,0,0.006117,0,0.01075,1,1,1,0.025258,0.099335,0.01,2.252721,0.518218,2.179195,-3.769687,2.813844,True,0.064625,0.175021,sample_0002_real_12407.json,AST,PGD,AST | PGD,C:\Users\domin\Downloads\jsony\jsony\pgd\ast,0.412912,,,,,,,,,,1,0.004632999999999999,0.004632999999999999,0.493883,0.48925,0.004632999999999998,0.9785,0,0,0,0.025258,0.099335,0.974742,0.900665,0.9377035,1,1,1,1,0.35792028571428575,0.518218,0.29479875,0.05757825000000005,0.5627688,0.587088,0.39639534761904766,1,1,1,1,1,0,0,0.9377035,0.37170130484609765,0.36370972679190655,0
2,real_12741,0,real,0,2e-05,0,3.8e-05,1,1,1,0.013421,0.019519,0.01,1.306062,0.994202,3.511704,-3.49984,2.317558,True,0.14492,0.477168,sample_0002_real_12741.json,AST,PGD,AST | PGD,C:\Users\domin\Downloads\jsony\jsony\pgd\ast,0.167188,,,,,,,,,,1,1.8e-05,1.8e-05,0.49998,0.499962,1.799999999996249e-05,0.999924,0,0,0,0.013421,0.019519,0.986579,0.980481,0.98353,1,1,1,1,0.08744628571428573,0.994202,0.627926,0.12504000000000004,0.4635116,0.832812,0.521822980952381,1,1,1,1,1,0,0,0.98353,0.5132285564560953,0.5131895510858047,0
2,real_13270,0,real,0,0.001811,0,0.004539,1,1,0,0.034081,0.073311,0.01,2.10723,0.525729,2.033418,-2.873425,2.323462,True,0.092264,0.161412,sample_0002_real_13270.json,AST,PGD,AST | PGD,C:\Users\domin\Downloads\jsony\jsony\pgd\ast,0.686175,,,,,,,,,,1,0.0027279999999999995,0.0027279999999999995,0.498189,0.495461,0.002728000000000008,0.990922,0,0,0,0.034081,0.073311,0.965919,0.926689,0.946304,1,1,1,1,0.31635142857142856,0.525729,0.25835450000000004,0.28164374999999997,0.4646924,0.313825,0.3600993464285714,1,1,1,1,1,0,0,0.946304,0.3407634519227428,0.33767000130618813,0
2,real_13325,0,real,0,8.7e-05,0,6e-05,1,1,1,0.010255,0.008483,0.01,2.588685,0.71695,3.208114,-3.281088,3.472428,True,0.119804,0.239539,sample_0002_real_13325.json,AST,PGD,AST | PGD,C:\Users\domin\Downloads\jsony\jsony\pgd\ast,0.296896,,,,,,,,,,1,-2.7e-05,2.7e-05,0.499913,0.49994,-2.6999999999999247e-05,0.99988,0,0,0,0.010255,0.008483,0.989745,0.991517,0.990631,1,1,1,1,0.45391,0.71695,0.5520285,0.179728,0.6944855999999999,0.703104,0.5500343499999999,1,1,1,1,1,0,0,0.990631,0.5448810781748499,0.5448156924454689,0
2,real_13937,0,real,0,1.2e-05,0,5e-05,1,1,1,0.014766,0.040989,0.01,3.964914,0.999179,4.941144,-2.313455,4.618577,True,0.078622,0.503197,sample_0002_real_13937.json,AST,PGD,AST | PGD,C:\Users\domin\Downloads\jsony\jsony\pgd\ast,0.025109,,,,,,,,,,1,3.8e-05,3.8e-05,0.499988,0.49995,3.799999999998249e-05,0.9999,0,0,0,0.014766,0.040989,0.985234,0.9590110000000001,0.9721225,1,1,1,1,0.8471182857142857,0.999179,0.9852860000000001,0.42163625000000005,0.9237154000000001,0.974891,0.8586376559523812,1,1,1,1,1,1,1,0.9721225,0.8347009846985687,0.8346175146000988,0
2,real_19119,0,real,0,0.000223,0,8.2e-05,1,1,1,0.014739,0.101645,0.01,3.627906,0.774846,3.201234,-3.680909,2.652058,True,0.054703,0.301856,sample_0002_real_19119.json,AST,PGD,AST | PGD,C:\Users\domin\Downloads\jsony\jsony\pgd\ast,0.259086,,,,,,,,,,1,-0.000141,0.000141,0.499777,0.499918,-0.00014099999999994672,0.999836,0,0,0,0.014739,0.101645,0.985261,0.898355,0.941808,1,1,1,1,0.7508302857142857,0.774846,0.5503085,0.07977274999999995,0.5304116,0.7409140000000001,0.5711805226190476,1,1,1,1,1,0,0,0.941808,0.5379423856468,0.5378541630955539,0
2,real_19284,0,real,0,0.00014,0,3.6e-05,1,1,1,0.016784,0.014396,0.01,2.065591,0.95652,3.376114,-3.993934,3.648469,True,0.098954,0.297812,sample_0002_real_19284.json,AST,PGD,AST | PGD,C:\Users\domin\Downloads\jsony\jsony\pgd\ast,0.11972,,,,,,,,,,1,-0.00010399999999999998,0.00010399999999999998,0.49986,0.499964,-0.00010399999999999299,0.999928,0,0,0,0.016784,0.014396,0.983216,0.985604,0.98441,1,1,1,1,0.3044545714285714,0.95652,0.5940285,0.0015165000000000317,0.7296938,0.88028,0.5777488952380953,1,1,1,1,1,0,0,0.98441,0.5687417899613334,0.5687008405524562,0
3,fake_07770_udio_0,1,fake,1,0.999407,1,0.999861,1,1,0,0.017616,0.017891,0.01,1.660123,0.955739,2.794537,-3.996385,2.444818,True,0.199948,0.12354,sample_0003_fake_07770_udio_0.json,AST,PGD,AST | PGD,C:\Users\domin\Downloads\jsony\jsony\pgd\ast,0.222367,,,,,,,,,,1,0.00045399999999995444,0.00045399999999995444,0.49940700000000005,0.499861,-0.00045399999999995444,0.999722,0,0,0,0.017616,0.017891,0.982384,0.982109,0.9822465,1,1,1,1,0.18860657142857143,0.955739,0.44863425,0.000903749999999981,0.48896360000000005,0.777633,0.47674669523809526,1,1,1,1,1,0,0,0.9822465,0.46828277278418573,0.4681525901733517,0
4,fake_37097_udio_0,1,fake,1,0.999842,1,0.999062,1,1,1,0.024534,0.007479,0.01,1.507228,0.800941,2.420292,-3.997252,2.767927,True,0.104656,0.089973,sample_0004_fake_37097_udio_0.json,AST,PGD,AST | PGD,C:\Users\domin\Downloads\jsony\jsony\pgd\ast,0.449207,,,,,,,,,,1,-0.0007800000000000029,0.0007800000000000029,0.499842,0.499062,0.0007800000000000029,0.998124,0,0,0,0.024534,0.007479,0.9754659999999999,0.992521,0.9839935,1,1,1,1,0.14492228571428573,0.800941,0.35507299999999997,0.0006869999999999932,0.5535854,0.550793,0.40100028095238094,1,1,1,1,1,0,0,0.9839935,0.3945816699553166,0.39384143474248046,0
5,real_01192,0,real,0,0.000114,0,2e-05,1,1,1,0.009812,0.040033,0.01,1.300837,0.841495,3.071419,-3.994423,2.476095,True,0.029531,0.296875,sample_0005_real_01192.json,AST,PGD,AST | PGD,C:\Users\domin\Downloads\jsony\jsony\pgd\ast,0.266684,,,,,,,,,,1,-9.400000000000001e-05,9.400000000000001e-05,0.499886,0.49998,-9.399999999998299e-05,0.99996,0,0,0,0.009812,0.040033,0.990188,0.959967,0.9750775,1,1,1,1,0.08595342857142858,0.841495,0.51785475,0.0013942500000000413,0.49521899999999996,0.7333160000000001,0.44587207142857155,1,1,1,1,1,0,0,0.9750775,0.434759824728393,0.4347424343354038,0
6,real_07293,0,real,0,0.00035,0,0.000528,1,1,1,0.00914,0.048827,0.01,2.426531,0.864399,2.908115,-3.99487,3.44362,True,0.096526,0.340758,sample_0006_real_07293.json,AST,PGD,AST | PGD,C:\Users\domin\Downloads\jsony\jsony\pgd\ast,0.227793,,,,,,,,,,1,0.00017800000000000004,0.00017800000000000004,0.49965,0.499472,0.00017799999999995597,0.998944,0,0,0,0.00914,0.048827,0.99086,0.951173,0.9710165,1,1,1,1,0.4075802857142858,0.864399,0.47702875,0.0012824999999999642,0.688724,0.772207,0.5352035892857142,1,1,1,1,1,0,0,0.9710165,0.5196915160556517,0.5191427218146969,0
0,fake_26837_udio_0,1,fake,1,0.993077,1,0.862507,1,1,1,0.196629,0.238876,0.01,4.023048,0.998574,4.578837,-0.96577,3.028253,True,,,sample_0000_fake_26837_udio_0.json,AST,X-Shift,AST | X-Shift,C:\Users\domin\Downloads\jsony\jsony\xshift\ast,0.011492,0.147281,0.258319,0.151098,0.080116,0.223225,shift,0.05,0.091839,0.00083,1,-0.13056999999999996,0.13056999999999996,0.493077,0.362507,0.13056999999999996,0.725014,0,0,0,0.196629,0.238876,0.8033710000000001,0.761124,0.7822475,1,1,1,1,0.863728,0.998574,0.89470925,0.7585575,0.6056505999999999,0.988508,0.851621225,1,1,1,1,1,1,1,0.7822475,0.6661785742031875,0.4829887927973498,0
0,fake_49482_udio_1,1,fake,1,0.999863,1,0.999354,1,1,0,0.234328,0.208682,0.01,3.132025,0.987946,3.864578,-3.169467,2.63777,True,,,sample_0000_fake_49482_udio_1.json,AST,X-Shift,AST | X-Shift,C:\Users\domin\Downloads\jsony\jsony\xshift\ast,0.14088,0.183455,0.240545,0.146038,0.112636,0.21629,shift,0.05,0.085493,0.000557,1,-0.0005089999999999817,0.0005089999999999817,0.49986299999999995,0.49935399999999996,0.0005089999999999817,0.9987079999999999,0,0,0,0.234328,0.208682,0.765672,0.791318,0.7784949999999999,1,1,1,1,0.60915,0.987946,0.7161445,0.20763325,0.5275540000000001,0.85912,0.6512579583333333,1,1,1,1,1,1,1,0.7784949999999999,0.5070010642727083,0.506346018897668,0
0,fake_51339_udio_0,1,fake,1,0.998184,1,0.985815,1,1,0,0.340784,0.192337,0.01,,0.997693,4.597662,-1.135867,3.6968,True,,,sample_0000_fake_51339_udio_0.json,AST,X-Shift,AST | X-Shift,C:\Users\domin\Downloads\jsony\jsony\xshift\ast,0.008456,0.142119,0.231966,0.192599,0.122052,0.175775,shift,0.05,0.095836,0.001436,1,-0.012368999999999963,0.012368999999999963,0.49818399999999996,0.485815,0.012368999999999963,0.97163,0,0,0,0.340784,0.192337,0.659216,0.807663,0.7334395,1,1,1,1,,0.997693,0.8994154999999999,0.71603325,0.73936,0.991544,0.8688091499999999,1,1,1,1,1,0,0,0.7334395,0.6372189485714249,0.6191410470004536,0
0,real_12540,0,real,0,0.000274,0,0.023698,1,1,1,0.307193,0.634239,0.01,1.976078,0.993434,1.990752,-3.457365,2.959901,True,,,sample_0000_real_12540.json,AST,X-Shift,AST | X-Shift,C:\Users\domin\Downloads\jsony\jsony\xshift\ast,1.216646,0.352461,0.291925,0.162115,0.169014,0.189131,shift,0.05,0.108179,0.000617,1,0.023424,0.023424,0.499726,0.476302,0.023424,0.952604,0,0,0,0.307193,0.634239,0.692807,0.365761,0.529284,1,0,1,0,0.27887942857142856,0.993434,0.24768800000000002,0.13565875000000005,0.5919802,0.0,0.37460672976190484,1,0,1,0,0,0,0,0.529284,0.19827334835530003,0.18887598473665224,0
1,fake_48933_suno_1,1,fake,1,0.999897,1,0.999806,1,1,0,0.066915,0.158081,0.01,3.915481,0.987348,4.665288,-1.290936,3.809455,True,,,sample_0001_fake_48933_suno_1.json,AST,X-Shift,AST | X-Shift,C:\Users\domin\Downloads\jsony\jsony\xshift\ast,0.054821,0.204131,0.216403,0.126724,0.133832,0.211641,shift,0.05,0.080719,0.000426,1,-9.100000000006325e-05,9.100000000006325e-05,0.49989700000000004,0.499806,9.100000000006325e-05,0.999612,0,0,0,0.066915,0.158081,0.9330849999999999,0.841919,0.887502,1,1,1,1,0.8329945714285715,0.987348,0.9163220000000001,0.6772659999999999,0.761891,0.945179,0.8535000952380951,1,1,1,1,1,1,1,0.887502,0.7574830415239999,0.7571891381038885,0
1,fake_50028_suno_1,1,fake,1,0.999831,1,0.999902,1,1,0,0.13915,0.180379,0.01,2.770736,0.992986,3.941584,-2.442881,3.104196,True,,,sample_0001_fake_50028_suno_1.json,AST,X-Shift,AST | X-Shift,C:\Users\domin\Downloads\jsony\jsony\xshift\ast,0.084251,0.199318,0.247628,0.153345,0.086988,0.216142,shift,0.05,0.213722,0.001887,1,7.099999999993223e-05,7.099999999993223e-05,0.499831,0.49990199999999996,-7.099999999993223e-05,0.9998039999999999,0,0,0,0.13915,0.180379,0.86085,0.8196209999999999,0.8402354999999999,1,1,1,1,0.5059245714285714,0.992986,0.735396,0.38927975000000004,0.6208392,0.915749,0.6933624202380954,1,1,1,1,1,0,0,0.8402354999999999,0.5825877198499662,0.5824735326568755,0
1,real_03147,0,real,0,5e-06,0,1e-05,1,1,0,0.085536,0.510092,0.01,4.311852,0.999795,4.72107,-0.858205,4.160666,True,,,sample_0001_real_03147.json,AST,X-Shift,AST | X-Shift,C:\Users\domin\Downloads\jsony\jsony\xshift\ast,0.090557,0.317725,0.264489,0.177745,0.13424,0.157973,shift,0.05,0.057222,0.002914,1,5e-06,5e-06,0.499995,0.49999,5.000000000032756e-06,0.99998,0,0,0,0.085536,0.510092,0.9144639999999999,0.489908,0.702186,1,0,1,0,0.9462434285714286,0.999795,0.9302675,0.78544875,0.8321332,0.909443,0.9005551464285716,1,0,1,0,0,1,0,0.702186,0.632357216050093,0.632344568905772,0
1,real_03751,0,real,0,0.000119,0,0.000289,1,1,1,0.191331,0.455446,0.01,3.075291,0.990843,4.330946,-3.184376,3.873647,True,,,sample_0001_real_03751.json,AST,X-Shift,AST | X-Shift,C:\Users\domin\Downloads\jsony\jsony\xshift\ast,0.15243,0.302572,0.284753,0.132718,0.134977,0.319333,shift,0.05,0.13119,0.00138,1,0.00016999999999999996,0.00016999999999999996,0.499881,0.499711,0.00017000000000000348,0.999422,0,0,0,0.191331,0.455446,0.808669,0.544554,0.6766114999999999,1,0,1,0,0.5929402857142857,0.990843,0.8327365,0.20390600000000003,0.7747294,0.8475699999999999,0.7071208642857143,1,0,1,0,0,1,0,0.6766114999999999,0.4784461086656535,0.4781695668148448,0
2,real_00577,0,real,0,0.001397,0,0.003941,1,1,0,0.163465,0.343367,0.01,3.204932,0.985142,4.412717,-3.473266,2.725759,True,,,sample_0002_real_00577.json,AST,X-Shift,AST | X-Shift,C:\Users\domin\Downloads\jsony\jsony\xshift\ast,0.069848,0.301929,0.253479,0.227924,0.257242,0.280726,shift,0.05,0.114675,0.000528,1,0.0025440000000000003,0.0025440000000000003,0.498603,0.496059,0.0025439999999999907,0.992118,0,0,0,0.163465,0.343367,0.836535,0.656633,0.746584,1,0,1,0,0.6299805714285714,0.985142,0.85317925,0.13168349999999995,0.5451518,0.930152,0.6792148535714285,1,0,1,0,0,1,0,0.746584,0.5070909422387714,0.5030940514320454,0
2,real_03067,0,real,0,8e-06,0,1e-05,1,1,0,0.254774,0.557465,0.01,4.387369,0.99994,4.992757,-0.298198,4.801433,True,,,sample_0002_real_03067.json,AST,X-Shift,AST | X-Shift,C:\Users\domin\Downloads\jsony\jsony\xshift\ast,0.027006,0.331008,0.273661,0.201187,0.18923,0.237335,shift,0.05,0.05243,0.003479,1,2.000000000000001e-06,2.000000000000001e-06,0.499992,0.49999,2.000000000002e-06,0.99998,0,0,0,0.254774,0.557465,0.7452259999999999,0.442535,0.5938805,1,0,1,0,0.9678197142857142,0.99994,0.99818925,0.9254505,0.9602866000000001,0.972994,0.9707800107142858,1,0,1,0,0,1,0,0.5938805,0.5765273181530054,0.5765157876066423,0
2,real_03464,0,real,0,0.034295,0,0.27267,1,1,1,0.231318,0.598431,0.01,3.021583,0.916416,4.059703,-3.981757,3.061793,True,,,sample_0002_real_03464.json,AST,X-Shift,AST | X-Shift,C:\Users\domin\Downloads\jsony\jsony\xshift\ast,0.130493,0.230882,0.299274,0.241156,0.157902,0.169422,shift,0.05,0.177819,0.001529,1,0.23837500000000003,0.23837500000000003,0.465705,0.22732999999999998,0.238375,0.45465999999999995,0,0,0,0.231318,0.598431,0.768682,0.40156899999999995,0.5851255,1,0,1,0,0.5775951428571429,0.916416,0.76492575,0.004560750000000002,0.6123586000000001,0.869507,0.6242272071428572,1,0,1,0,0,1,0,0.5851255,0.36525125669306785,0.16606513636807022,0
2,real_03705,0,real,0,0.0001,0,3.2e-05,1,1,1,0.230025,0.477654,0.01,4.011955,0.999297,4.476587,-2.688969,4.260043,True,,,sample_0002_real_03705.json,AST,X-Shift,AST | X-Shift,C:\Users\domin\Downloads\jsony\jsony\xshift\ast,0.123029,0.352396,0.26337,0.135683,0.160483,0.230275,shift,0.05,0.075751,0.001263,1,-6.8e-05,6.8e-05,0.4999,0.499968,-6.80000000000125e-05,0.999936,0,0,0,0.230025,0.477654,0.769975,0.522346,0.6461604999999999,1,0,1,0,0.8605585714285715,0.999297,0.8691467500000001,0.32775774999999996,0.8520085999999999,0.876971,0.7976232785714287,1,0,1,0,0,1,0,0.6461604999999999,0.5153926564933535,0.5153596713633379,0
3,fake_16796_suno_1,1,fake,1,0.999924,1,0.999851,1,1,0,0.160759,0.180163,0.01,4.541599,0.999801,4.99466,-0.179533,4.995133,True,,,sample_0003_fake_16796_suno_1.json,AST,X-Shift,AST | X-Shift,C:\Users\domin\Downloads\jsony\jsony\xshift\ast,0.003153,0.156544,0.225781,0.136969,0.08863,0.30225,shift,0.05,0.328266,0.269287,1,-7.299999999998974e-05,7.299999999998974e-05,0.49992400000000004,0.49985100000000005,7.299999999998974e-05,0.9997020000000001,0,0,0,0.160759,0.180163,0.839241,0.819837,0.829539,1,1,1,1,1.0,0.999801,0.9986649999999999,0.95511675,0.9990266,0.996847,0.9915760583333332,1,1,1,1,1,1,1,0.829539,0.8225510118537749,0.8223058916522425,0
3,fake_35261_suno_1,1,fake,1,0.999849,1,0.853291,1,1,0,0.031032,0.193739,0.01,4.127967,0.998798,4.875724,-0.848567,4.696662,True,,,sample_0003_fake_35261_suno_1.json,AST,X-Shift,AST | X-Shift,C:\Users\domin\Downloads\jsony\jsony\xshift\ast,0.010351,0.176876,0.234518,0.139642,0.09312,0.33887,shift,0.05,0.212727,0.008877,1,-0.14655799999999997,0.14655799999999997,0.499849,0.353291,0.14655799999999997,0.706582,0,0,0,0.031032,0.193739,0.968968,0.806261,0.8876145,1,1,1,1,0.8937048571428571,0.998798,0.968931,0.78785825,0.9393324,0.989649,0.9297122511904762,1,1,1,1,1,1,1,0.8876145,0.8252260749843089,0.583089890514563,0
3,fake_51789_suno_0,1,fake,1,0.999649,0,0.069665,1,0,0,0.061616,0.157866,0.01,2.737935,0.976969,4.004948,-2.453008,3.318254,True,,,sample_0003_fake_51789_suno_0.json,AST,X-Shift,AST | X-Shift,C:\Users\domin\Downloads\jsony\jsony\xshift\ast,0.127639,0.186631,0.27229,0.151735,0.103922,0.280549,shift,0.05,0.140594,0.000695,0,-0.929984,0.929984,0.499649,0.430335,0.06931399999999999,0.86067,0,0,0,0.061616,0.157866,0.938384,0.8421339999999999,0.8902589999999999,1,1,1,1,0.4965528571428571,0.976969,0.7512369999999999,0.386748,0.6636508,0.8723609999999999,0.6912531095238094,0,0,0,0,0,0,0,0.0,0.0,0.0,1
3,real_06031,0,real,0,0.000187,0,0.000173,1,1,1,0.107902,0.470408,0.01,2.895729,0.831531,3.677593,-3.566248,2.802469,True,,,sample_0003_real_06031.json,AST,X-Shift,AST | X-Shift,C:\Users\domin\Downloads\jsony\jsony\xshift\ast,0.128035,0.315281,0.257129,0.146705,0.154351,0.252813,shift,0.05,0.203813,0.003282,1,-1.3999999999999988e-05,1.3999999999999988e-05,0.499813,0.499827,-1.4000000000014001e-05,0.999654,0,0,0,0.107902,0.470408,0.8920980000000001,0.5295920000000001,0.7108450000000001,1,0,1,0,0.5416368571428573,0.831531,0.66939825,0.10843800000000003,0.5604937999999999,0.871965,0.5972438178571429,1,0,1,0,0,0,0,0.7108450000000001,0.42454778170466073,0.42440088817219096,0
4,fake_02193_udio_1,1,fake,1,0.998626,0,0.017181,1,0,0,0.186889,0.23936,0.01,3.920884,0.997739,4.454305,-1.281911,3.113444,True,,,sample_0004_fake_02193_udio_1.json,AST,X-Shift,AST | X-Shift,C:\Users\domin\Downloads\jsony\jsony\xshift\ast,0.031741,0.223663,0.274902,0.177603,0.148417,0.154196,shift,0.05,0.086235,0.00047,0,-0.981445,0.981445,0.498626,0.482819,0.015807000000000015,0.965638,0,0,0,0.186889,0.23936,0.813111,0.76064,0.7868755000000001,1,1,1,1,0.8345382857142857,0.997739,0.8635762499999999,0.67952225,0.6226887999999999,0.968259,0.8277205976190475,0,0,0,0,0,1,0,0.0,0.0,0.0,1
4,fake_27504_udio_1,1,fake,1,0.999879,1,0.999923,1,1,1,0.082639,0.142549,0.01,4.275778,0.999878,4.996607,-0.187008,4.865223,True,,,sample_0004_fake_27504_udio_1.json,AST,X-Shift,AST | X-Shift,C:\Users\domin\Downloads\jsony\jsony\xshift\ast,0.028534,0.126031,0.246313,0.137096,0.078299,0.179833,shift,0.05,0.085492,0.010956,1,4.4000000000044004e-05,4.4000000000044004e-05,0.49987899999999996,0.499923,-4.4000000000044004e-05,0.999846,0,0,0,0.082639,0.142549,0.917361,0.857451,0.8874059999999999,1,1,1,1,0.9359365714285713,0.999878,0.99915175,0.953248,0.9730446,0.971466,0.9721208202380952,1,1,1,1,1,1,1,0.8874059999999999,0.862665848604207,0.862532998063522,0
4,real_12407,0,real,0,0.006117,0,0.003538,1,1,0,0.083768,0.26565,0.01,2.860398,0.647244,2.578928,-3.518458,3.030761,True,,,sample_0004_real_12407.json,AST,X-Shift,AST | X-Shift,C:\Users\domin\Downloads\jsony\jsony\xshift\ast,0.31796,0.254486,0.233402,0.15627,0.153766,0.278145,shift,0.05,0.175949,0.001288,1,-0.002579,0.002579,0.493883,0.496462,-0.002578999999999998,0.992924,0,0,0,0.083768,0.26565,0.916232,0.7343500000000001,0.825291,1,1,1,1,0.5315422857142857,0.647244,0.39473199999999997,0.12038550000000003,0.6061522,0.68204,0.4970159976190476,1,1,1,1,1,0,0,0.825291,0.4101828296910214,0.4072803759881277,0
4,real_19597,0,real,0,0.003094,0,0.011123,1,1,0,0.061742,0.252812,0.01,3.866404,0.913156,3.445785,-3.967713,3.419355,True,,,sample_0004_real_19597.json,AST,X-Shift,AST | X-Shift,C:\Users\domin\Downloads\jsony\jsony\xshift\ast,0.19548,0.271987,0.20695,0.089951,0.095119,0.214364,shift,0.05,0.070357,0.000295,1,0.008029,0.008029,0.496906,0.488877,0.008029000000000008,0.977754,0,0,0,0.061742,0.252812,0.938258,0.747188,0.842723,1,1,1,1,0.8189725714285715,0.913156,0.61144625,0.008071750000000044,0.683871,0.80452,0.640006261904762,1,1,1,1,1,1,1,0.842723,0.5393479970511668,0.5273496615087665,0
5,fake_30244_udio_0,1,fake,1,0.99976,0,0.018678,1,0,0,0.287715,0.240328,0.01,4.129162,0.969549,4.342921,-1.365752,3.034912,True,,,sample_0005_fake_30244_udio_0.json,AST,X-Shift,AST | X-Shift,C:\Users\domin\Downloads\jsony\jsony\xshift\ast,0.049508,0.180064,0.241877,0.146479,0.109992,0.22126,shift,0.05,0.158426,0.005756,0,-0.981082,0.981082,0.49976,0.481322,0.018437999999999954,0.962644,0,0,0,0.287715,0.240328,0.7122850000000001,0.759672,0.7359785000000001,1,1,1,1,0.8940462857142857,0.969549,0.8357302499999999,0.658562,0.6069823999999999,0.950492,0.8192269892857141,0,0,0,0,0,1,0,0.0,0.0,0.0,1
5,fake_40188_udio_1,1,fake,1,0.999461,1,0.999327,1,1,0,0.114562,0.165626,0.01,,0.990323,4.597546,-1.975352,4.022261,True,,,sample_0005_fake_40188_udio_1.json,AST,X-Shift,AST | X-Shift,C:\Users\domin\Downloads\jsony\jsony\xshift\ast,0.044902,0.172391,0.229282,0.143229,0.104616,0.257439,shift,0.05,0.15704,0.009735,1,-0.0001340000000000785,0.0001340000000000785,0.49946100000000004,0.49932699999999997,0.0001340000000000785,0.9986539999999999,0,0,0,0.114562,0.165626,0.885438,0.834374,0.859906,1,1,1,1,,0.990323,0.8993865000000001,0.506162,0.8044522000000001,0.955098,0.83108434,1,1,1,1,1,0,0,0.859906,0.7146544104720399,0.7136924856355445,0
5,real_06308,0,real,0,9e-06,0,1.4e-05,1,1,1,0.58117,0.608133,0.01,4.052861,0.993043,4.725633,-1.498086,4.188725,True,,,sample_0005_real_06308.json,AST,X-Shift,AST | X-Shift,C:\Users\domin\Downloads\jsony\jsony\xshift\ast,0.045713,0.272098,0.448587,0.267552,0.128503,0.105138,shift,0.05,0.064711,0.000588,1,4.9999999999999996e-06,4.9999999999999996e-06,0.499991,0.499986,5.000000000032756e-06,0.999972,0,0,0,0.58117,0.608133,0.41883000000000004,0.39186699999999997,0.4053485,0,0,0,0,0.872246,0.993043,0.93140825,0.6254785,0.837745,0.954287,0.869034625,0,0,0,0,0,1,0,0.4053485,0.3522618816918125,0.3522520183591251,0
5,real_11839,0,real,0,0.015126,0,0.000705,1,1,1,0.521408,0.662844,0.01,3.733516,0.995145,4.729365,-2.213342,4.456373,True,,,sample_0005_real_11839.json,AST,X-Shift,AST | X-Shift,C:\Users\domin\Downloads\jsony\jsony\xshift\ast,0.061207,0.247195,0.525158,0.311159,0.138505,0.084555,shift,0.05,0.081863,0.00037,1,-0.014421,0.014421,0.484874,0.499295,-0.014420999999999962,0.99859,0,0,0,0.521408,0.662844,0.478592,0.337156,0.407874,0,0,0,0,0.7810045714285714,0.995145,0.9323412499999999,0.4466645,0.8912746,0.938793,0.8308704869047618,0,0,0,0,0,1,0,0.407874,0.33889046897579284,0.338412633414537,0
6,fake_41087_udio_1,1,fake,1,0.99846,1,0.773983,1,1,0,0.140302,0.156706,0.01,2.721885,0.94763,4.111586,-3.028343,2.766039,True,,,sample_0006_fake_41087_udio_1.json,AST,X-Shift,AST | X-Shift,C:\Users\domin\Downloads\jsony\jsony\xshift\ast,0.153321,0.238343,0.247156,0.120963,0.127213,0.192732,shift,0.05,0.135705,0.000822,1,-0.22447700000000004,0.22447700000000004,0.49846,0.273983,0.22447700000000004,0.547966,0,0,0,0.140302,0.156706,0.859698,0.843294,0.851496,1,1,1,1,0.4919671428571428,0.94763,0.7778965,0.24291425,0.5532078,0.846679,0.6433824488095238,1,1,1,1,1,0,0,0.851496,0.5478375816315143,0.30019636825629437,0
6,real_19284,0,real,0,0.00014,0,0.000208,1,1,0,0.218526,0.437302,0.01,3.731385,0.990542,4.599874,-3.930844,4.300817,True,,,sample_0006_real_19284.json,AST,X-Shift,AST | X-Shift,C:\Users\domin\Downloads\jsony\jsony\xshift\ast,0.048298,0.329393,0.311929,0.15679,0.166731,0.259735,shift,0.05,0.09849,0.00134,1,6.8e-05,6.8e-05,0.49986,0.499792,6.80000000000125e-05,0.999584,0,0,0,0.218526,0.437302,0.781474,0.5626979999999999,0.672086,1,0,1,0,0.7803957142857143,0.990542,0.8999685,0.017289,0.8601634,0.951702,0.7500101023809523,1,0,1,0,0,1,0,0.672086,0.5040712896688047,0.5038615960123024,0
6,real_19441,0,real,0,0.01433,1,0.951174,1,0,0,0.30725,0.538535,0.01,3.192885,0.860562,3.966691,-3.169148,3.68072,True,,,sample_0006_real_19441.json,AST,X-Shift,AST | X-Shift,C:\Users\domin\Downloads\jsony\jsony\xshift\ast,0.159475,0.273539,0.464282,0.313266,0.235696,0.116524,shift,0.05,0.120148,0.000379,0,0.936844,0.936844,0.48567,0.45117399999999996,0.03449600000000003,0.9023479999999999,0,0,0,0.30725,0.538535,0.69275,0.461465,0.5771075,1,0,1,0,0.6265385714285714,0.860562,0.74167275,0.20771300000000004,0.736144,0.840525,0.6688592202380952,0,0,0,0,0,1,0,0.0,0.0,0.0,1
6,real_20445,0,real,0,8.9e-05,0,6.7e-05,1,1,0,0.132279,0.456647,0.01,4.168662,0.963663,4.497988,-0.840977,3.975369,True,,,sample_0006_real_20445.json,AST,X-Shift,AST | X-Shift,C:\Users\domin\Downloads\jsony\jsony\xshift\ast,0.038816,0.325843,0.277047,0.13991,0.132094,0.314089,shift,0.05,0.070381,0.001755,1,-2.1999999999999993e-05,2.1999999999999993e-05,0.499911,0.499933,-2.2000000000022002e-05,0.999866,0,0,0,0.132279,0.456647,0.867721,0.543353,0.705537,1,0,1,0,0.9053320000000001,0.963663,0.8744970000000001,0.78975575,0.7950738,0.961184,0.8815842583333334,1,0,1,0,0,1,0,0.705537,0.621990312871725,0.6219069661698002,0
7,fake_02868_suno_1,1,fake,1,0.999764,1,0.99989,1,1,0,0.0926,0.184204,0.01,4.174081,0.995212,4.762346,-1.03904,4.170783,True,,,sample_0007_fake_02868_suno_1.json,AST,X-Shift,AST | X-Shift,C:\Users\domin\Downloads\jsony\jsony\xshift\ast,0.010964,0.211981,0.251301,0.15971,0.102842,0.253745,shift,0.05,0.126055,0.001447,1,0.00012599999999995948,0.00012599999999995948,0.499764,0.49988999999999995,-0.00012599999999995948,0.9997799999999999,0,0,0,0.0926,0.184204,0.9074,0.815796,0.861598,1,1,1,1,0.9068802857142858,0.995212,0.9405865,0.74024,0.8341566,0.989036,0.9010185642857144,1,1,1,1,1,1,1,0.861598,0.7763157929514429,0.7761450034769936,0
7,real_06994,0,real,0,3.3e-05,0,3.4e-05,1,1,1,0.433948,0.610515,0.01,3.231319,0.996181,4.499926,-1.753107,3.234164,True,,,sample_0007_real_06994.json,AST,X-Shift,AST | X-Shift,C:\Users\domin\Downloads\jsony\jsony\xshift\ast,0.157399,0.287378,0.455497,0.279419,0.164275,0.06829,shift,0.05,0.066764,0.000355,1,9.999999999999972e-07,9.999999999999972e-07,0.499967,0.499966,9.999999999732445e-07,0.999932,0,0,0,0.433948,0.610515,0.566052,0.38948499999999997,0.4777685,0,0,0,0,0.6375197142857143,0.996181,0.8749815000000001,0.56172325,0.6468328,0.8426009999999999,0.7599732107142857,0,0,0,0,0,1,0,0.4777685,0.3630912609231482,0.36306657071740545,0
7,real_10101,0,real,0,0.000126,0,4.7e-05,1,1,1,0.202819,0.420232,0.01,2.383974,0.720276,3.10037,-3.987333,3.010694,True,,,sample_0007_real_10101.json,AST,X-Shift,AST | X-Shift,C:\Users\domin\Downloads\jsony\jsony\xshift\ast,0.21702,0.305892,0.300857,0.190893,0.181849,0.188294,shift,0.05,0.181395,0.002042,1,-7.9e-05,7.9e-05,0.499874,0.499953,-7.899999999999574e-05,0.999906,0,0,0,0.202819,0.420232,0.797181,0.5797680000000001,0.6884745000000001,1,0,1,0,0.3954211428571428,0.720276,0.5250925,0.003166749999999996,0.6021388,0.78298,0.5048458654761906,1,0,1,0,0,0,0,0.6884745000000001,0.34757350481078764,0.3475408329013354,0
7,real_12935,0,real,0,0.002579,0,0.000715,1,1,1,0.117115,0.459946,0.01,1.230065,0.364908,1.734682,-3.988028,2.893512,True,,,sample_0007_real_12935.json,AST,X-Shift,AST | X-Shift,C:\Users\domin\Downloads\jsony\jsony\xshift\ast,0.339709,0.329907,0.325231,0.19716,0.192937,0.200355,shift,0.05,0.160914,0.000653,1,-0.0018640000000000002,0.0018640000000000002,0.497421,0.499285,-0.0018639999999999768,0.99857,0,0,0,0.117115,0.459946,0.882885,0.540054,0.7114695,1,0,1,0,0.06573285714285713,0.364908,0.18367050000000001,0.0029930000000000234,0.5787024,0.660291,0.3093829595238095,1,0,1,0,0,0,0,0.7114695,0.22011653952092497,0.21980177286941005,0
8,fake_29238_suno_1,1,fake,1,0.999841,1,0.999884,1,1,0,0.120488,0.176569,0.01,4.470281,0.99647,4.909962,-0.670757,4.782644,True,,,sample_0008_fake_29238_suno_1.json,AST,X-Shift,AST | X-Shift,C:\Users\domin\Downloads\jsony\jsony\xshift\ast,0.00644,0.163852,0.250093,0.161554,0.119813,0.234179,shift,0.05,0.070583,0.00031,1,4.300000000001525e-05,4.300000000001525e-05,0.499841,0.499884,-4.300000000001525e-05,0.999768,0,0,0,0.120488,0.176569,0.879512,0.823431,0.8514714999999999,1,1,1,1,0.9915088571428571,0.99647,0.9774905,0.83231075,0.9565288000000001,0.99356,0.9579781511904762,1,1,1,1,1,1,1,0.8514714999999999,0.8156910933613816,0.8155018530277217,0
8,real_07251,0,real,0,0.232924,0,0.232924,1,1,1,0.216982,0.343393,0.01,,0.0,,0.0,5.0,True,,,sample_0008_real_07251.json,AST,X-Shift,AST | X-Shift,C:\Users\domin\Downloads\jsony\jsony\xshift\ast,0.0,0.3335,0.263481,0.177758,0.177104,0.218764,shift,0.05,0.0,0.0,1,0.0,0.0,0.267076,0.267076,0.0,0.534152,0,0,0,0.216982,0.343393,0.783018,0.6566069999999999,0.7198125,1,0,1,0,,0.0,,1.0,1.0,1.0,0.75,1,0,1,0,0,0,0,0.7198125,0.539859375,0.288366964875,0
8,real_07252,0,real,0,8.5e-05,0,0.00014,1,1,1,0.101987,0.426223,0.01,3.928269,0.998982,4.608761,-2.772261,3.187537,True,,,sample_0008_real_07252.json,AST,X-Shift,AST | X-Shift,C:\Users\domin\Downloads\jsony\jsony\xshift\ast,0.051047,0.251373,0.251687,0.131717,0.124836,0.330469,shift,0.05,0.075993,0.000875,1,5.499999999999998e-05,5.499999999999998e-05,0.499915,0.49986,5.499999999997174e-05,0.99972,0,0,0,0.101987,0.426223,0.898013,0.573777,0.735895,1,0,1,0,0.8366482857142856,0.998982,0.9021902500000001,0.30693475000000003,0.6375074,0.948953,0.7718692809523809,1,0,1,0,0,1,0,0.735895,0.5680147445064524,0.5678557003779906,0
8,real_18998,0,real,0,0.101369,1,0.954277,1,0,0,0.074842,0.634146,0.01,4.393812,0.999905,4.99556,-0.257889,4.75961,True,,,sample_0008_real_18998.json,AST,X-Shift,AST | X-Shift,C:\Users\domin\Downloads\jsony\jsony\xshift\ast,0.010683,0.210893,0.570632,0.270485,0.182235,0.093276,shift,0.05,0.096209,0.014832,0,0.852908,0.852908,0.398631,0.45427700000000004,-0.05564600000000003,0.9085540000000001,0,0,0,0.074842,0.634146,0.925158,0.365854,0.645506,1,0,1,0,0.9696605714285713,0.999905,0.9988900000000001,0.93552775,0.951922,0.989317,0.9742037202380952,0,0,0,0,0,1,0,0.0,0.0,0.0,1
9,real_06334,0,real,0,3.9e-05,0,8.4e-05,1,1,0,0.091423,0.376708,0.01,3.520233,0.990096,4.4119,-3.924798,3.334645,True,,,sample_0009_real_06334.json,AST,X-Shift,AST | X-Shift,C:\Users\domin\Downloads\jsony\jsony\xshift\ast,0.075698,0.291801,0.261213,0.140748,0.120326,0.303203,shift,0.05,0.170326,0.006088,1,4.4999999999999996e-05,4.4999999999999996e-05,0.499961,0.499916,4.499999999996174e-05,0.999832,0,0,0,0.091423,0.376708,0.908577,0.623292,0.7659345,1,0,1,0,0.7200665714285714,0.990096,0.852975,0.018800499999999998,0.666929,0.924302,0.6955281785714286,1,0,1,0,0,1,0,0.7659345,0.5327290276900178,0.532639529213366,0
9,real_10022,0,real,0,0.002479,0,5.7e-05,1,1,1,0.301646,0.51681,0.01,1.313552,0.99806,4.744662,-3.790042,2.545541,True,,,sample_0009_real_10022.json,AST,X-Shift,AST | X-Shift,C:\Users\domin\Downloads\jsony\jsony\xshift\ast,1.123451,0.3274,0.324531,0.235281,0.231896,0.244405,shift,0.05,0.105516,0.000391,1,-0.0024219999999999997,0.0024219999999999997,0.497521,0.499943,-0.0024220000000000352,0.999886,0,0,0,0.301646,0.51681,0.6983539999999999,0.48319,0.590772,1,0,1,0,0.08958628571428573,0.99806,0.9361655,0.05248949999999997,0.5091082,0.0,0.430901580952381,1,0,1,0,0,0,0,0.590772,0.2545645887824,0.2545355684192788,0
9,real_13937,0,real,0,1.2e-05,0,5.4e-05,1,1,1,0.644309,0.706309,0.01,4.580919,0.999908,4.984929,-0.143501,4.744685,True,,,sample_0009_real_13937.json,AST,X-Shift,AST | X-Shift,C:\Users\domin\Downloads\jsony\jsony\xshift\ast,0.001682,0.296617,0.471773,0.29639,0.129474,0.061899,shift,0.05,0.095789,0.025635,1,4.2e-05,4.2e-05,0.499988,0.499946,4.199999999998649e-05,0.999892,0,0,0,0.644309,0.706309,0.355691,0.29369100000000004,0.324691,0,0,0,0,1.0,0.999908,0.99623225,0.96412475,0.9489369999999999,0.998318,0.9845866666666666,0,0,0,0,0,1,0,0.324691,0.31968642938666664,0.31965190325229287,0
9,real_19731,0,real,0,0.019418,0,0.002496,1,1,1,0.20787,0.497225,0.01,2.723937,0.675315,2.25103,-3.638031,2.847731,True,,,sample_0009_real_19731.json,AST,X-Shift,AST | X-Shift,C:\Users\domin\Downloads\jsony\jsony\xshift\ast,0.222735,0.318118,0.265,0.169205,0.170903,0.187561,shift,0.05,0.09175,0.000277,1,-0.016922,0.016922,0.480582,0.497504,-0.016921999999999993,0.995008,0,0,0,0.20787,0.497225,0.79213,0.502775,0.6474525,1,0,1,0,0.49255342857142853,0.675315,0.3127575,0.09049225000000005,0.5695462,0.777265,0.48632156309523805,1,0,1,0,0,0,0,0.6474525,0.3148701118299196,0.3132982802316646,0
10,fake_01429_suno_1,1,fake,1,0.999926,1,0.999889,1,1,0,0.05902,0.173791,0.01,3.869409,0.998218,4.853976,-1.005125,4.192783,True,,,sample_0010_fake_01429_suno_1.json,AST,X-Shift,AST | X-Shift,C:\Users\domin\Downloads\jsony\jsony\xshift\ast,0.031228,0.231711,0.262676,0.179,0.14941,0.213027,shift,0.05,0.091658,0.000441,1,-3.6999999999953737e-05,3.6999999999953737e-05,0.499926,0.49988900000000003,3.6999999999953737e-05,0.9997780000000001,0,0,0,0.05902,0.173791,0.94098,0.826209,0.8835945000000001,1,1,1,1,0.8198311428571429,0.998218,0.9634940000000001,0.74871875,0.8385566000000001,0.968772,0.8895984154761907,1,1,1,1,1,1,1,0.8835945000000001,0.786044267123477,0.7858697652961756,0
10,fake_18908_suno_1,1,fake,1,0.999812,0,0.013761,1,0,0,0.176249,0.130457,0.01,3.470938,0.910082,4.269491,-2.148608,3.691429,True,,,sample_0010_fake_18908_suno_1.json,AST,X-Shift,AST | X-Shift,C:\Users\domin\Downloads\jsony\jsony\xshift\ast,0.210271,0.18395,0.225124,0.102337,0.095086,0.313311,shift,0.05,0.138391,0.000879,0,-0.986051,0.986051,0.49981200000000003,0.486239,0.013573000000000057,0.972478,0,0,0,0.176249,0.130457,0.823751,0.869543,0.8466469999999999,1,1,1,1,0.7059822857142857,0.910082,0.8173727500000001,0.46284800000000004,0.7382858,0.789729,0.737383305952381,0,0,0,0,0,1,0,0.0,0.0,0.0,1
10,fake_46798_udio_1,1,fake,1,0.998581,0,0.390215,1,0,0,0.114364,0.152924,0.01,3.126825,0.93017,3.959912,-2.437294,3.260118,True,,,sample_0010_fake_46798_udio_1.json,AST,X-Shift,AST | X-Shift,C:\Users\domin\Downloads\jsony\jsony\xshift\ast,0.191574,0.221083,0.159044,0.070417,0.104114,0.199202,shift,0.05,0.126166,0.000649,0,-0.6083660000000001,0.6083660000000001,0.49858100000000005,0.10978500000000002,0.38879600000000003,0.21957000000000004,0,0,0,0.114364,0.152924,0.885636,0.8470759999999999,0.8663559999999999,1,1,1,1,0.6076642857142858,0.93017,0.739978,0.3906765,0.6520235999999999,0.808426,0.6881563976190477,0,0,0,0,0,1,0,0.0,0.0,0.0,1
10,fake_50637_suno_0,1,fake,1,0.999949,1,0.999921,1,1,0,0.097338,0.221432,0.01,4.018441,0.984371,4.684441,-1.26835,4.246914,True,,,sample_0010_fake_50637_suno_0.json,AST,X-Shift,AST | X-Shift,C:\Users\domin\Downloads\jsony\jsony\xshift\ast,0.029458,0.202763,0.256971,0.168954,0.128281,0.296018,shift,0.05,0.08907,0.000376,1,-2.8000000000028002e-05,2.8000000000028002e-05,0.499949,0.49992099999999995,2.8000000000028002e-05,0.9998419999999999,0,0,0,0.097338,0.221432,0.902662,0.778568,0.840615,1,1,1,1,0.8624117142857143,0.984371,0.9211102499999999,0.6829125,0.8493828000000001,0.970542,0.8784550440476191,1,1,1,1,1,1,1,0.840615,0.7384424868520894,0.7383258129391667,0
11,real_07265,0,real,0,1.2e-05,0,2.5e-05,1,1,1,0.445334,0.612516,0.01,3.783745,0.997365,4.447046,-3.379965,3.091306,True,,,sample_0011_real_07265.json,AST,X-Shift,AST | X-Shift,C:\Users\domin\Downloads\jsony\jsony\xshift\ast,0.048781,0.289403,0.443674,0.24674,0.210459,0.139476,shift,0.05,0.098951,0.002598,1,1.3000000000000001e-05,1.3000000000000001e-05,0.499988,0.499975,1.2999999999985246e-05,0.99995,0,0,0,0.445334,0.612516,0.554666,0.38748400000000005,0.471075,0,0,0,0,0.7953557142857143,0.997365,0.8617615000000001,0.15500875000000003,0.6182612,0.951219,0.7298285273809523,0,0,0,0,0,1,0,0.471075,0.34380397353598213,0.34378678333730534,0
11,real_09534,0,real,0,0.482508,1,0.874863,1,0,0,0.420422,0.630881,0.01,,0.996984,4.730194,-2.207791,3.527149,True,,,sample_0011_real_09534.json,AST,X-Shift,AST | X-Shift,C:\Users\domin\Downloads\jsony\jsony\xshift\ast,0.029574,0.276708,0.533967,0.353683,0.214969,0.104622,shift,0.05,0.114537,0.00091,0,0.39235499999999995,0.39235499999999995,0.017492000000000008,0.37486299999999995,-0.35737099999999994,0.7497259999999999,0,0,0,0.420422,0.630881,0.5795779999999999,0.369119,0.47434849999999995,0,0,0,0,,0.996984,0.9325485,0.44805225000000004,0.7054298,0.970426,0.8106881100000001,0,0,0,0,0,0,0,0.0,0.0,0.0,1
11,real_12741,0,real,0,2e-05,0,6.4e-05,1,1,1,0.586928,0.686156,0.01,1.913362,0.998488,3.863508,-3.067407,2.486468,True,,,sample_0011_real_12741.json,AST,X-Shift,AST | X-Shift,C:\Users\domin\Downloads\jsony\jsony\xshift\ast,0.159218,0.267305,0.469761,0.282099,0.182746,0.099367,shift,0.05,0.176943,0.005253,1,4.4e-05,4.4e-05,0.49998,0.499936,4.399999999998849e-05,0.999872,0,0,0,0.586928,0.686156,0.413072,0.313844,0.363458,0,0,0,0,0.26096057142857143,0.998488,0.715877,0.23314824999999995,0.4972936,0.840782,0.5910915702380951,0,0,0,0,0,0,0,0.363458,0.21483695993559757,0.2148094608047258,0
11,real_13325,0,real,0,8.7e-05,0,0.000258,1,1,1,0.114279,0.363538,0.01,3.782324,0.913566,4.342428,-1.972964,4.219314,True,,,sample_0011_real_13325.json,AST,X-Shift,AST | X-Shift,C:\Users\domin\Downloads\jsony\jsony\xshift\ast,0.097512,0.311213,0.241443,0.104291,0.154737,0.341268,shift,0.05,0.073688,0.000211,1,0.00017099999999999998,0.00017099999999999998,0.499913,0.499742,0.00017099999999997673,0.999484,0,0,0,0.114279,0.363538,0.885721,0.6364620000000001,0.7610915,1,0,1,0,0.7949497142857143,0.913566,0.835607,0.506759,0.8438627999999999,0.902488,0.7995387523809524,1,0,1,0,0,1,0,0.7610915,0.6085221483577476,0.6082081509291951,0
12,fake_13581_udio_0,1,fake,1,0.999542,1,0.972667,1,1,0,0.088365,0.147505,0.01,3.525136,0.890259,3.674051,-2.846195,3.368316,True,,,sample_0012_fake_13581_udio_0.json,AST,X-Shift,AST | X-Shift,C:\Users\domin\Downloads\jsony\jsony\xshift\ast,0.123616,0.211744,0.224591,0.106555,0.079703,0.361024,shift,0.05,0.153585,0.001132,1,-0.026875000000000093,0.026875000000000093,0.49954200000000004,0.47266699999999995,0.026875000000000093,0.9453339999999999,0,0,0,0.088365,0.147505,0.911635,0.852495,0.882065,1,1,1,1,0.7214674285714285,0.890259,0.66851275,0.28845125000000005,0.6736632,0.876384,0.6864562714285715,1,1,1,1,1,1,1,0.882065,0.6054990510576429,0.5723988399325257,0
12,real_00689,0,real,0,1.9e-05,0,1.9e-05,1,1,1,0.423542,0.520641,0.01,4.13786,0.993071,4.711,-0.445894,4.162389,True,,,sample_0012_real_00689.json,AST,X-Shift,AST | X-Shift,C:\Users\domin\Downloads\jsony\jsony\xshift\ast,0.026676,0.326245,0.375682,0.215805,0.145526,0.150991,shift,0.05,0.082424,0.004349,1,0.0,0.0,0.499981,0.499981,0.0,0.999962,0,0,0,0.423542,0.520641,0.576458,0.479359,0.5279085,0,0,0,0,0.8965314285714285,0.993071,0.9277500000000001,0.8885265,0.8324778,0.973324,0.9186134547619048,0,0,0,0,0,1,0,0.5279085,0.48494385098317505,0.4849254231168377,0
12,real_03041,0,real,0,0.000433,0,0.002245,1,1,1,0.262577,0.384533,0.01,2.68347,0.867596,3.690678,-2.520669,3.403928,True,,,sample_0012_real_03041.json,AST,X-Shift,AST | X-Shift,C:\Users\domin\Downloads\jsony\jsony\xshift\ast,0.148368,0.301265,0.28238,0.169628,0.151831,0.253325,shift,0.05,0.194767,0.002661,1,0.001812,0.001812,0.499567,0.497755,0.0018119999999999803,0.99551,0,0,0,0.262577,0.384533,0.7374229999999999,0.615467,0.676445,1,0,1,0,0.4809914285714285,0.867596,0.6726695,0.36983275000000004,0.6807856,0.851632,0.6539178797619049,1,0,1,0,0,0,0,0.676445,0.4423394801755417,0.44035337590955353,0
12,real_11262,0,real,0,4.2e-05,0,7.5e-05,1,1,1,0.410138,0.577029,0.01,4.287356,0.997312,4.776771,-1.152535,4.300173,True,,,sample_0012_real_11262.json,AST,X-Shift,AST | X-Shift,C:\Users\domin\Downloads\jsony\jsony\xshift\ast,0.026341,0.321059,0.377099,0.216602,0.153209,0.137567,shift,0.05,0.17666,0.008167,1,3.2999999999999996e-05,3.2999999999999996e-05,0.499958,0.499925,3.300000000000525e-05,0.99985,0,0,0,0.410138,0.577029,0.589862,0.422971,0.5064165,0,0,0,0,0.9392445714285714,0.997312,0.94419275,0.7118662499999999,0.8600346,0.973659,0.9043848619047617,0,0,0,0,0,1,0,0.5064165,0.4579954164187928,0.45792671710633,0
13,fake_13018_udio_0,1,fake,1,0.999857,1,0.981021,1,1,0,0.13596,0.165626,0.01,,0.989245,4.465602,-1.866741,3.498304,True,,,sample_0013_fake_13018_udio_0.json,AST,X-Shift,AST | X-Shift,C:\Users\domin\Downloads\jsony\jsony\xshift\ast,0.018407,0.17694,0.209898,0.149832,0.120111,0.323672,shift,0.05,0.226007,0.005595,1,-0.018835999999999964,0.018835999999999964,0.499857,0.48102100000000003,0.018835999999999964,0.9620420000000001,0,0,0,0.13596,0.165626,0.86404,0.834374,0.849207,1,1,1,1,,0.989245,0.8664004999999999,0.53331475,0.6996608,0.981593,0.8140428100000001,1,1,1,1,1,0,0,0.849207,0.6912908525516701,0.6650508343705138,0
13,fake_14334_suno_1,1,fake,1,0.999799,1,0.877732,1,1,0,0.072789,0.157774,0.01,3.609464,0.942643,4.324938,-2.319999,3.910189,True,,,sample_0013_fake_14334_suno_1.json,AST,X-Shift,AST | X-Shift,C:\Users\domin\Downloads\jsony\jsony\xshift\ast,0.124771,0.199296,0.244304,0.150125,0.11489,0.258275,shift,0.05,0.220617,0.003306,1,-0.12206700000000004,0.12206700000000004,0.499799,0.37773199999999996,0.12206700000000004,0.7554639999999999,0,0,0,0.072789,0.157774,0.927211,0.842226,0.8847185,1,1,1,1,0.7455611428571428,0.942643,0.8312345000000001,0.42000024999999996,0.7820378,0.875229,0.7661176154761904,1,1,1,1,1,1,1,0.8847185,0.677798427587672,0.5120523112990929,0
13,fake_46348_udio_1,1,fake,1,0.99985,1,0.998652,1,1,0,0.072367,0.179487,0.01,3.09754,0.98164,4.595737,-1.695837,3.171505,True,,,sample_0013_fake_46348_udio_1.json,AST,X-Shift,AST | X-Shift,C:\Users\domin\Downloads\jsony\jsony\xshift\ast,0.066545,0.230983,0.213733,0.096141,0.112969,0.24673,shift,0.05,0.105231,0.000386,1,-0.0011980000000000324,0.0011980000000000324,0.49985,0.498652,0.0011980000000000324,0.997304,0,0,0,0.072367,0.179487,0.927633,0.820513,0.8740730000000001,1,1,1,1,0.5992971428571429,0.98164,0.8989342499999999,0.57604075,0.634301,0.933455,0.7706113571428571,1,1,1,1,1,1,1,0.8740730000000001,0.6735705807719287,0.6717546344861676,0
13,real_13270,0,real,0,0.001811,0,0.342649,1,1,0,0.108652,0.261356,0.01,3.063016,0.621995,2.359853,-1.713167,2.639735,True,,,sample_0013_real_13270.json,AST,X-Shift,AST | X-Shift,C:\Users\domin\Downloads\jsony\jsony\xshift\ast,0.403158,0.264024,0.236549,0.135499,0.129837,0.169382,shift,0.05,0.082442,0.000711,1,0.340838,0.340838,0.498189,0.15735100000000002,0.340838,0.31470200000000004,0,0,0,0.108652,0.261356,0.891348,0.7386440000000001,0.814996,1,1,1,1,0.5894331428571429,0.621995,0.33996325000000005,0.5717082499999999,0.5279469999999999,0.596842,0.5413147738095238,1,1,1,1,1,0,0,0.814996,0.44116937539566664,0.1388368847757671,0
14,fake_30470_udio_1,1,fake,1,0.999547,1,0.96534,1,1,0,0.098577,0.132358,0.01,2.899677,0.89566,3.888111,-2.42556,2.892296,True,,,sample_0014_fake_30470_udio_1.json,AST,X-Shift,AST | X-Shift,C:\Users\domin\Downloads\jsony\jsony\xshift\ast,0.352656,0.226783,0.204807,0.10647,0.096672,0.219797,shift,0.05,0.096702,0.000431,1,-0.03420699999999999,0.03420699999999999,0.49954699999999996,0.46534,0.03420699999999999,0.93068,0,0,0,0.098577,0.132358,0.901423,0.867642,0.8845324999999999,1,1,1,1,0.5427648571428572,0.89566,0.72202775,0.39361,0.5784592,0.6473439999999999,0.6299776345238095,1,1,1,1,1,0,0,0.8845324999999999,0.5572356920094315,0.5186081138393377,0
14,fake_46574_suno_1,1,fake,1,0.999943,1,0.999863,1,1,0,0.043111,0.162861,0.01,4.49121,0.999263,4.981166,-0.503691,4.931293,True,,,sample_0014_fake_46574_suno_1.json,AST,X-Shift,AST | X-Shift,C:\Users\domin\Downloads\jsony\jsony\xshift\ast,0.00787,0.237479,0.301404,0.164953,0.079768,0.126864,shift,0.05,0.166044,0.010113,1,-8.000000000008001e-05,8.000000000008001e-05,0.499943,0.49986299999999995,8.000000000008001e-05,0.9997259999999999,0,0,0,0.043111,0.162861,0.956889,0.837139,0.897014,1,1,1,1,0.9974885714285714,0.999263,0.9952915,0.87407725,0.9862586,0.99213,0.9740848202380953,1,1,1,1,1,1,1,0.897014,0.8737677209410548,0.8735283085855169,0
14,real_00224,0,real,0,3.6e-05,0,0.000152,1,1,1,0.225857,0.613274,0.01,3.607673,0.999351,4.217666,-2.40277,2.971831,True,,,sample_0014_real_00224.json,AST,X-Shift,AST | X-Shift,C:\Users\domin\Downloads\jsony\jsony\xshift\ast,0.038005,0.191533,0.446226,0.347991,0.138191,0.079734,shift,0.05,0.072851,0.000289,1,0.000116,0.000116,0.499964,0.499848,0.00011600000000000499,0.999696,0,0,0,0.225857,0.613274,0.774143,0.386726,0.5804345,1,0,1,0,0.7450494285714286,0.999351,0.8044165000000001,0.39930750000000004,0.5943662,0.961995,0.7507476047619049,1,0,1,0,0,1,0,0.5804345,0.4357598105961739,0.43562733961375266,0
14,real_12041,0,real,0,1.4e-05,0,1.6e-05,1,1,1,0.323281,0.537894,0.01,3.959077,0.99279,4.60202,-3.96563,3.720989,True,,,sample_0014_real_12041.json,AST,X-Shift,AST | X-Shift,C:\Users\domin\Downloads\jsony\jsony\xshift\ast,0.064546,0.289746,0.279332,0.18603,0.148256,0.213322,shift,0.05,0.072361,0.004211,1,1.9999999999999995e-06,1.9999999999999995e-06,0.499986,0.499984,2.000000000002e-06,0.999968,0,0,0,0.323281,0.537894,0.6767190000000001,0.462106,0.5694125000000001,1,0,1,0,0.8454505714285715,0.99279,0.9005050000000001,0.008592500000000003,0.7441978,0.935454,0.7378316452380953,1,0,1,0,0,1,0,0.5694125000000001,0.42013056169413704,0.4201171175161628,0
15,fake_09896_suno_1,1,fake,1,0.999922,1,0.999888,1,1,0,0.162877,0.18612,0.01,4.565836,0.999794,4.998926,-0.121451,4.994197,True,,,sample_0015_fake_09896_suno_1.json,AST,X-Shift,AST | X-Shift,C:\Users\domin\Downloads\jsony\jsony\xshift\ast,0.001269,0.200147,0.206325,0.102028,0.09605,0.256152,shift,0.05,0.10439,0.022339,1,-3.399999999997849e-05,3.399999999997849e-05,0.499922,0.499888,3.399999999997849e-05,0.999776,0,0,0,0.162877,0.18612,0.8371230000000001,0.8138799999999999,0.8255015,1,1,1,1,1.0,0.999794,0.9997315,0.96963725,0.9988393999999999,0.998731,0.9944555249999999,1,1,1,1,1,1,1,0.8255015,0.8209245275707874,0.8207406404766115,0
15,fake_43253_udio_0,1,fake,1,0.999071,1,0.967343,1,1,0,0.29419,0.217959,0.01,4.469907,0.999313,4.853397,-0.660641,3.974056,True,,,sample_0015_fake_43253_udio_0.json,AST,X-Shift,AST | X-Shift,C:\Users\domin\Downloads\jsony\jsony\xshift\ast,0.004645,0.148963,0.233096,0.12602,0.075657,0.224834,shift,0.05,0.08164,0.000913,1,-0.03172800000000009,0.03172800000000009,0.49907100000000004,0.46734299999999995,0.03172800000000009,0.9346859999999999,0,0,0,0.29419,0.217959,0.70581,0.782041,0.7439255,1,1,1,1,0.991402,0.999313,0.96334925,0.83483975,0.7948112,0.995355,0.9298450333333333,1,1,1,1,1,1,1,0.7439255,0.6917354313450167,0.6465554233821482,0
15,fake_49262_suno_1,1,fake,1,0.999822,1,0.999476,1,1,0,0.084965,0.134472,0.01,3.726697,0.957054,4.266798,-1.50318,3.450233,True,,,sample_0015_fake_49262_suno_1.json,AST,X-Shift,AST | X-Shift,C:\Users\domin\Downloads\jsony\jsony\xshift\ast,0.047876,0.21772,0.213755,0.095225,0.098887,0.260637,shift,0.05,0.204561,0.005437,1,-0.00034599999999995745,0.00034599999999995745,0.499822,0.49947600000000003,0.00034599999999995745,0.9989520000000001,0,0,0,0.084965,0.134472,0.915035,0.865528,0.8902815,1,1,1,1,0.7790562857142858,0.957054,0.8166994999999999,0.624205,0.6900466,0.952124,0.8031975642857142,1,1,1,1,1,1,1,0.8902815,0.715071932328632,0.7143225369435516,0
15,real_12285,0,real,0,3.9e-05,0,2.1e-05,1,1,1,0.504857,0.576958,0.01,4.061589,0.99907,4.438764,-3.959089,3.548218,True,,,sample_0015_real_12285.json,AST,X-Shift,AST | X-Shift,C:\Users\domin\Downloads\jsony\jsony\xshift\ast,0.040263,0.289354,0.384044,0.27071,0.16435,0.123203,shift,0.05,0.187801,0.016792,1,-1.8e-05,1.8e-05,0.499961,0.499979,-1.8000000000018e-05,0.999958,0,0,0,0.504857,0.576958,0.495143,0.42304200000000003,0.4590925,0,0,0,0,0.8747397142857142,0.99907,0.859691,0.01022774999999998,0.7096435999999999,0.959737,0.7355181773809524,0,0,0,0,0,1,0,0.4590925,0.3376708788492649,0.3376566966723532,0
16,fake_24388_suno_1,1,fake,1,0.999271,1,0.994082,1,1,0,0.08601,0.143436,0.01,3.876563,0.979344,3.9675,-2.053493,3.370833,True,,,sample_0016_fake_24388_suno_1.json,AST,X-Shift,AST | X-Shift,C:\Users\domin\Downloads\jsony\jsony\xshift\ast,0.113418,0.187143,0.196021,0.107316,0.101383,0.215499,shift,0.05,0.069766,0.000233,1,-0.005188999999999999,0.005188999999999999,0.499271,0.494082,0.005188999999999999,0.988164,0,0,0,0.08601,0.143436,0.91399,0.856564,0.885277,1,1,1,1,0.8218751428571428,0.979344,0.741875,0.48662675,0.6741666000000001,0.886582,0.7650782488095237,1,1,1,1,1,1,1,0.885277,0.6773061768713486,0.6692895809618994,0
16,fake_25170_suno_0,1,fake,1,0.999927,1,0.999927,1,1,0,0.082769,0.174574,0.01,4.48531,0.999288,4.990861,-0.302913,4.981357,True,,,sample_0016_fake_25170_suno_0.json,AST,X-Shift,AST | X-Shift,C:\Users\domin\Downloads\jsony\jsony\xshift\ast,0.00226,0.236421,0.282173,0.199155,0.157504,0.194759,shift,0.05,0.240011,0.034424,1,0.0,0.0,0.499927,0.499927,0.0,0.999854,0,0,0,0.082769,0.174574,0.917231,0.825426,0.8713285,1,1,1,1,0.9958028571428572,0.999288,0.9977152499999999,0.92427175,0.9962714,0.99774,0.985181542857143,1,1,1,1,1,1,1,0.8713285,0.8584167559654,0.8582914271190291,0
16,real_00268,0,real,0,3.6e-05,0,2.1e-05,1,1,0,0.223048,0.549954,0.01,4.231336,0.994963,4.453443,-1.043958,3.792041,True,,,sample_0016_real_00268.json,AST,X-Shift,AST | X-Shift,C:\Users\domin\Downloads\jsony\jsony\xshift\ast,0.02806,0.380477,0.332455,0.224991,0.21745,0.183928,shift,0.05,0.067982,0.000902,1,-1.5000000000000002e-05,1.5000000000000002e-05,0.499964,0.499979,-1.4999999999987246e-05,0.999958,0,0,0,0.223048,0.549954,0.776952,0.45004599999999995,0.613499,1,0,1,0,0.923238857142857,0.994963,0.86336075,0.7390105,0.7584082000000001,0.97194,0.8751535511904761,1,0,1,0,0,1,0,0.613499,0.5369058285018059,0.5368832784570088,0
16,real_06665,0,real,0,1e-05,0,1.1e-05,1,1,1,0.564683,0.649947,0.01,4.089422,0.971063,4.630192,-0.629295,3.690815,True,,,sample_0016_real_06665.json,AST,X-Shift,AST | X-Shift,C:\Users\domin\Downloads\jsony\jsony\xshift\ast,0.06664,0.272101,0.459101,0.283816,0.122376,0.109442,shift,0.05,0.042602,0.001297,1,9.99999999999999e-07,9.99999999999999e-07,0.49999,0.499989,9.999999999732445e-07,0.999978,0,0,0,0.564683,0.649947,0.43531699999999995,0.35005299999999995,0.39268499999999995,0,0,0,0,0.8826919999999999,0.971063,0.907548,0.84267625,0.738163,0.93336,0.8792503750000001,0,0,0,0,0,1,0,0.39268499999999995,0.345268433506875,0.3452608376013379,0
17,fake_18041_udio_1,1,fake,1,0.999895,1,0.999521,1,1,0,0.287981,0.209604,0.01,4.017284,0.99061,4.786305,-1.599544,4.125636,True,,,sample_0017_fake_18041_udio_1.json,AST,X-Shift,AST | X-Shift,C:\Users\domin\Downloads\jsony\jsony\xshift\ast,0.037684,0.214234,0.243334,0.170196,0.135969,0.214078,shift,0.05,0.064349,0.000274,1,-0.00037399999999998546,0.00037399999999998546,0.499895,0.499521,0.00037399999999998546,0.999042,0,0,0,0.287981,0.209604,0.712019,0.790396,0.7512075,1,1,1,1,0.8620811428571429,0.99061,0.9465762499999999,0.600114,0.8251272000000001,0.962316,0.8644707654761904,1,1,1,1,1,1,1,0.7512075,0.6493969225564553,0.6487748003046462,0
17,fake_38961_udio_0,1,fake,1,0.999938,1,0.999555,1,1,1,0.202596,0.145435,0.01,4.287013,0.999146,4.866392,-0.711627,3.86481,True,,,sample_0017_fake_38961_udio_0.json,AST,X-Shift,AST | X-Shift,C:\Users\domin\Downloads\jsony\jsony\xshift\ast,0.037815,0.167291,0.184092,0.185123,0.11698,0.220348,shift,0.05,0.178806,0.015465,1,-0.0003830000000000222,0.0003830000000000222,0.499938,0.49955499999999997,0.0003830000000000222,0.9991099999999999,0,0,0,0.202596,0.145435,0.797404,0.854565,0.8259845,1,1,1,1,0.9391465714285714,0.999146,0.9665980000000001,0.82209325,0.7729619999999999,0.962185,0.9103551369047618,1,1,1,1,1,1,1,0.8259845,0.7519392325787112,0.7512700066617161,0
17,real_19661,0,real,0,0.014121,0,0.001516,1,1,1,0.145855,0.430309,0.01,,0.232727,1.076638,-3.854511,2.173378,True,,,sample_0017_real_19661.json,AST,X-Shift,AST | X-Shift,C:\Users\domin\Downloads\jsony\jsony\xshift\ast,0.167755,0.341308,0.226662,0.111255,0.144165,0.326114,shift,0.05,0.135415,0.000431,1,-0.012605,0.012605,0.485879,0.498484,-0.012604999999999977,0.996968,0,0,0,0.145855,0.430309,0.8541449999999999,0.569691,0.7119179999999999,1,0,1,0,,0.232727,0.019159499999999996,0.036372249999999995,0.4346756,0.832245,0.31103587,1,0,1,0,0,0,0,0.7119179999999999,0.22143203449865997,0.22076065257006003,0
17,real_20757,0,real,0,0.000255,0,9.2e-05,1,1,1,0.308395,0.43718,0.01,4.062633,0.856692,3.376228,-1.987914,2.780654,True,,,sample_0017_real_20757.json,AST,X-Shift,AST | X-Shift,C:\Users\domin\Downloads\jsony\jsony\xshift\ast,0.080188,0.346616,0.281029,0.17809,0.171956,0.207199,shift,0.05,0.126066,0.000688,1,-0.000163,0.000163,0.499745,0.499908,-0.00016300000000002424,0.999816,0,0,0,0.308395,0.43718,0.691605,0.56282,0.6272125,1,0,1,0,0.875038,0.856692,0.594057,0.5030215,0.5561308,0.919812,0.71745855,1,0,1,0,0,1,0,0.6272125,0.449998970791875,0.4499161709812493,0
18,fake_14886_suno_0,1,fake,1,0.999579,1,0.734096,1,1,0,0.057301,0.183403,0.01,3.221878,0.990458,4.826495,-1.776101,3.940441,True,,,sample_0018_fake_14886_suno_0.json,AST,X-Shift,AST | X-Shift,C:\Users\domin\Downloads\jsony\jsony\xshift\ast,0.099683,0.171543,0.270012,0.175374,0.108391,0.266342,shift,0.05,0.193102,0.002657,1,-0.265483,0.265483,0.499579,0.23409599999999997,0.265483,0.46819199999999994,0,0,0,0.057301,0.183403,0.942699,0.816597,0.879648,1,1,1,1,0.6348222857142857,0.990458,0.9566237500000001,0.5559747500000001,0.7880882,0.900317,0.8043806642857142,1,1,1,1,1,1,1,0.879648,0.7075718425775999,0.3312794761200916,0
18,fake_42122_suno_1,1,fake,1,0.999928,1,0.999899,1,1,0,0.158458,0.163711,0.01,4.459598,0.996692,4.897895,-0.635143,4.482145,True,,,sample_0018_fake_42122_suno_1.json,AST,X-Shift,AST | X-Shift,C:\Users\domin\Downloads\jsony\jsony\xshift\ast,0.007066,0.197306,0.22594,0.127697,0.109413,0.267896,shift,0.05,0.080653,0.000911,1,-2.9000000000056758e-05,2.9000000000056758e-05,0.49992800000000004,0.499899,2.9000000000056758e-05,0.999798,0,0,0,0.158458,0.163711,0.841542,0.8362890000000001,0.8389155,1,1,1,1,0.9884565714285714,0.996692,0.97447375,0.8412142499999999,0.896429,0.992934,0.9483665952380953,1,1,1,1,1,1,1,0.8389155,0.7955994364274643,0.795438725341306,0
18,real_11244,0,real,0,7e-06,0,8e-06,1,1,1,0.433049,0.627119,0.01,,0.999936,4.958338,-0.17795,4.665462,True,,,sample_0018_real_11244.json,AST,X-Shift,AST | X-Shift,C:\Users\domin\Downloads\jsony\jsony\xshift\ast,0.004403,0.331095,0.395563,0.250225,0.192653,0.151975,shift,0.05,0.131907,0.044312,1,9.999999999999997e-07,9.999999999999997e-07,0.499993,0.499992,1.0000000000287557e-06,0.999984,0,0,0,0.433049,0.627119,0.566951,0.372881,0.469916,0,0,0,0,,0.999936,0.9895845000000001,0.9555125,0.9330923999999999,0.995597,0.97474448,0,0,0,0,0,0,0,0.469916,0.45804802706368003,0.458040698295247,0
18,real_19119,0,real,0,0.000223,0,3.1e-05,1,1,1,0.17382,0.432461,0.01,3.859988,0.83958,3.42752,-3.546209,2.818647,True,,,sample_0018_real_19119.json,AST,X-Shift,AST | X-Shift,C:\Users\domin\Downloads\jsony\jsony\xshift\ast,0.157255,0.340809,0.268351,0.105197,0.148789,0.300823,shift,0.05,0.231693,0.022827,1,-0.000192,0.000192,0.499777,0.499969,-0.00019199999999996997,0.999938,0,0,0,0.17382,0.432461,0.82618,0.567539,0.6968595,1,0,1,0,0.8171394285714285,0.83958,0.60688,0.11344774999999996,0.5637293999999999,0.842745,0.6305869297619046,1,0,1,0,0,0,0,0.6968595,0.4394304925804159,0.4394032478898759,0
19,fake_06014_udio_0,1,fake,1,0.999916,1,0.956477,1,1,0,0.130723,0.22501,0.01,,0.998605,4.722421,-1.214171,3.781871,True,,,sample_0019_fake_06014_udio_0.json,AST,X-Shift,AST | X-Shift,C:\Users\domin\Downloads\jsony\jsony\xshift\ast,0.012688,0.189097,0.262775,0.18568,0.142488,0.204567,shift,0.05,0.192154,0.00584,1,-0.043439000000000005,0.043439000000000005,0.499916,0.456477,0.043439000000000005,0.912954,0,0,0,0.130723,0.22501,0.869277,0.7749900000000001,0.8221335000000001,1,1,1,1,,0.998605,0.9306052499999999,0.69645725,0.7563742,0.987312,0.8738707400000001,1,1,1,1,1,0,0,0.8221335000000001,0.7184384100237902,0.6559012201848593,0
19,fake_32764_suno_0,1,fake,1,0.999897,1,0.999868,1,1,0,0.044001,0.184967,0.01,4.054218,0.969587,4.414158,-1.676207,3.288392,True,,,sample_0019_fake_32764_suno_0.json,AST,X-Shift,AST | X-Shift,C:\Users\domin\Downloads\jsony\jsony\xshift\ast,0.015885,0.198197,0.302316,0.189016,0.107562,0.215642,shift,0.05,0.076768,0.000272,1,-2.9000000000056758e-05,2.9000000000056758e-05,0.49989700000000004,0.499868,2.9000000000056758e-05,0.999736,0,0,0,0.044001,0.184967,0.955999,0.815033,0.885516,1,1,1,1,0.8726337142857142,0.969587,0.8535394999999999,0.58094825,0.6576784,0.984115,0.8197503107142857,1,1,1,1,1,1,1,0.885516,0.7259020161424714,0.7257103780102098,0
19,real_06824,0,real,0,1.9e-05,0,3.1e-05,1,1,1,0.391353,0.530645,0.01,3.686656,0.997051,4.545324,-1.668961,4.047123,True,,,sample_0019_real_06824.json,AST,X-Shift,AST | X-Shift,C:\Users\domin\Downloads\jsony\jsony\xshift\ast,0.076394,0.281196,0.324085,0.167353,0.128365,0.216755,shift,0.05,0.061065,0.00055,1,1.2e-05,1.2e-05,0.499981,0.499969,1.2000000000012001e-05,0.999938,0,0,0,0.391353,0.530645,0.6086469999999999,0.46935499999999997,0.539001,1,0,1,0,0.7676160000000001,0.997051,0.886331,0.58275975,0.8094246,0.923606,0.8277980583333334,1,0,1,0,0,1,0,0.539001,0.446183981239725,0.44615631783288817,0
19,real_09833,0,real,0,0.232924,0,0.232924,1,1,1,0.077912,0.393497,0.01,,0.0,,0.0,5.0,True,,,sample_0019_real_09833.json,AST,X-Shift,AST | X-Shift,C:\Users\domin\Downloads\jsony\jsony\xshift\ast,0.0,0.307123,0.208737,0.096472,0.147656,0.329915,shift,0.05,0.0,0.0,1,0.0,0.0,0.267076,0.267076,0.0,0.534152,0,0,0,0.077912,0.393497,0.922088,0.606503,0.7642955,1,0,1,0,,0.0,,1.0,1.0,1.0,0.75,1,0,1,0,0,0,0,0.7642955,0.573221625,0.306187477437,0
20,fake_09727_udio_1,1,fake,1,0.999724,1,0.962477,1,1,0,0.23744,0.200908,0.01,4.236915,0.999283,4.885218,-0.705723,4.321272,True,,,sample_0020_fake_09727_udio_1.json,AST,X-Shift,AST | X-Shift,C:\Users\domin\Downloads\jsony\jsony\xshift\ast,0.008085,0.137775,0.238071,0.14792,0.097087,0.237838,shift,0.05,0.337689,0.035881,1,-0.03724699999999992,0.03724699999999992,0.49972399999999995,0.462477,0.03724699999999992,0.924954,0,0,0,0.23744,0.200908,0.76256,0.799092,0.780826,1,1,1,1,0.9248328571428571,0.999283,0.9713045,0.82356925,0.8642543999999999,0.991915,0.9291931678571429,1,1,1,1,1,1,1,0.780826,0.7255381844852214,0.6710894458923435,0
20,fake_41199_suno_0,1,fake,1,0.999266,0,0.013843,1,0,0,0.039486,0.163916,0.01,3.690232,0.966775,4.327469,-1.820449,3.288949,True,,,sample_0020_fake_41199_suno_0.json,AST,X-Shift,AST | X-Shift,C:\Users\domin\Downloads\jsony\jsony\xshift\ast,0.044997,0.195855,0.263882,0.137697,0.11083,0.173197,shift,0.05,0.220834,0.002681,0,-0.9854229999999999,0.9854229999999999,0.499266,0.486157,0.013108999999999982,0.972314,0,0,0,0.039486,0.163916,0.960514,0.836084,0.898299,1,1,1,1,0.7686377142857143,0.966775,0.83186725,0.54488775,0.6577898,0.955003,0.7874934190476189,0,0,0,0,0,1,0,0.0,0.0,0.0,1
20,real_00193,0,real,0,0.000212,0,0.001655,1,1,1,0.231259,0.465877,0.01,3.88546,0.914184,3.764072,-2.210893,2.552182,True,,,sample_0020_real_00193.json,AST,X-Shift,AST | X-Shift,C:\Users\domin\Downloads\jsony\jsony\xshift\ast,0.073041,0.329155,0.360623,0.248072,0.166391,0.12779,shift,0.05,0.242869,0.005729,1,0.001443,0.001443,0.499788,0.498345,0.0014430000000000276,0.99669,0,0,0,0.231259,0.465877,0.768741,0.534123,0.651432,1,0,1,0,0.8244171428571428,0.914184,0.691018,0.44727675,0.5104364,0.926959,0.7190485488095238,1,0,1,0,0,1,0,0.651432,0.46841123424808573,0.46686079306272454,0
20,real_06651,0,real,0,0.005501,0,0.003356,1,1,1,0.148937,0.381521,0.01,1.336082,0.560011,1.613051,-3.855731,3.130331,True,,,sample_0020_real_06651.json,AST,X-Shift,AST | X-Shift,C:\Users\domin\Downloads\jsony\jsony\xshift\ast,0.459449,0.293677,0.279095,0.140316,0.146726,0.231821,shift,0.05,0.07534,0.000135,1,-0.0021449999999999998,0.0021449999999999998,0.494499,0.496644,-0.0021449999999999525,0.993288,0,0,0,0.148937,0.381521,0.851063,0.618479,0.7347710000000001,1,0,1,0,0.09602342857142857,0.560011,0.15326275,0.036067249999999995,0.6260662,0.540551,0.33533027142857136,1,0,1,0,0,0,0,0.7347710000000001,0.24639095886784282,0.24473718275192186,0
21,fake_07770_udio_0,1,fake,1,0.999407,1,0.939368,1,1,0,0.150499,0.191889,0.01,2.441308,0.985708,4.073681,-2.662291,2.83866,True,,,sample_0021_fake_07770_udio_0.json,AST,X-Shift,AST | X-Shift,C:\Users\domin\Downloads\jsony\jsony\xshift\ast,0.136189,0.190748,0.228565,0.118273,0.09223,0.273322,shift,0.05,0.156243,0.00097,1,-0.060039000000000065,0.060039000000000065,0.49940700000000005,0.439368,0.060039000000000065,0.878736,0,0,0,0.150499,0.191889,0.8495010000000001,0.808111,0.828806,1,1,1,1,0.4118022857142857,0.985708,0.7684202499999999,0.33442724999999995,0.567732,0.863811,0.6553167976190476,1,1,1,1,1,0,0,0.828806,0.5431304937674524,0.477268317571236,0
21,fake_19538_udio_0,1,fake,1,0.998059,1,0.992128,1,1,0,0.127031,0.186099,0.01,3.937253,0.980795,4.45533,-1.264516,2.99676,True,,,sample_0021_fake_19538_udio_0.json,AST,X-Shift,AST | X-Shift,C:\Users\domin\Downloads\jsony\jsony\xshift\ast,0.024052,0.23178,0.200648,0.105696,0.120285,0.223307,shift,0.05,0.096034,0.000445,1,-0.00593100000000002,0.00593100000000002,0.49805900000000003,0.492128,0.00593100000000002,0.984256,0,0,0,0.127031,0.186099,0.872969,0.813901,0.8434349999999999,1,1,1,1,0.8392151428571429,0.980795,0.8638325,0.683871,0.599352,0.975948,0.8238356071428572,1,1,1,1,1,1,1,0.8434349999999999,0.6948517853105357,0.6839120388026066,0
21,fake_23884_suno_1,1,fake,1,0.999752,1,0.99962,1,1,0,0.109114,0.158097,0.01,4.402615,0.979276,4.618032,-1.076385,3.972735,True,,,sample_0021_fake_23884_suno_1.json,AST,X-Shift,AST | X-Shift,C:\Users\domin\Downloads\jsony\jsony\xshift\ast,0.012888,0.198626,0.235197,0.147016,0.104509,0.270558,shift,0.05,0.070792,0.000613,1,-0.000132000000000021,0.000132000000000021,0.499752,0.49961999999999995,0.000132000000000021,0.9992399999999999,0,0,0,0.109114,0.158097,0.890886,0.8419030000000001,0.8663945,1,1,1,1,0.9721757142857143,0.979276,0.9045080000000001,0.73090375,0.794547,0.987112,0.8947537440476191,1,1,1,1,1,1,1,0.8663945,0.7752097226972648,0.7746205633080149,0
21,real_01021,0,real,0,0.000836,0,0.000294,1,1,1,0.189814,0.38183,0.01,3.388122,0.842011,3.253882,-1.94812,2.842531,True,,,sample_0021_real_01021.json,AST,X-Shift,AST | X-Shift,C:\Users\domin\Downloads\jsony\jsony\xshift\ast,0.101605,0.294803,0.286915,0.235346,0.229361,0.200738,shift,0.05,0.150538,0.001591,1,-0.0005420000000000001,0.0005420000000000001,0.499164,0.499706,-0.0005419999999999869,0.999412,0,0,0,0.189814,0.38183,0.810186,0.61817,0.714178,1,0,1,0,0.6823205714285715,0.842011,0.5634705,0.5129699999999999,0.5685062000000001,0.898395,0.6779455452380952,1,0,1,0,0,0,0,0.714178,0.48417379360705237,0.4838890994164114,0
22,fake_12630_suno_1,1,fake,1,0.999934,1,0.999928,1,1,1,0.288236,0.190627,0.01,4.520986,0.999822,4.997059,-0.141499,4.985637,True,,,sample_0022_fake_12630_suno_1.json,AST,X-Shift,AST | X-Shift,C:\Users\domin\Downloads\jsony\jsony\xshift\ast,0.001976,0.178568,0.266038,0.122876,0.081159,0.255772,shift,0.05,0.116482,0.024841,1,-5.999999999950489e-06,5.999999999950489e-06,0.499934,0.49992800000000004,5.999999999950489e-06,0.9998560000000001,0,0,0,0.288236,0.190627,0.7117640000000001,0.809373,0.7605685,1,1,1,1,1.0,0.999822,0.99926475,0.96462525,0.9971273999999999,0.998024,0.9931439000000001,1,1,1,1,1,1,1,0.7605685,0.75535396630715,0.7552451953360019,0
22,fake_23853_udio_1,1,fake,1,0.999617,1,0.999623,1,1,0,0.207105,0.164771,0.01,4.003671,0.99345,4.469846,-1.294493,3.086093,True,,,sample_0022_fake_23853_udio_1.json,AST,X-Shift,AST | X-Shift,C:\Users\domin\Downloads\jsony\jsony\xshift\ast,0.020858,0.198243,0.191197,0.091209,0.091753,0.349853,shift,0.05,0.087103,0.001556,1,6.000000000061512e-06,6.000000000061512e-06,0.499617,0.49962300000000004,-6.000000000061512e-06,0.9992460000000001,0,0,0,0.207105,0.164771,0.792895,0.835229,0.8140620000000001,1,1,1,1,0.8581917142857142,0.99345,0.8674615000000001,0.67637675,0.6172186,0.979142,0.8319734273809525,1,1,1,1,1,1,1,0.8140620000000001,0.677277952240593,0.6767672846646036,0
22,fake_37097_udio_0,1,fake,1,0.999842,1,0.991599,1,1,0,0.153086,0.145022,0.01,3.818252,0.958999,4.36812,-2.050627,3.446128,True,,,sample_0022_fake_37097_udio_0.json,AST,X-Shift,AST | X-Shift,C:\Users\domin\Downloads\jsony\jsony\xshift\ast,0.049452,0.247684,0.217952,0.109524,0.106898,0.25455,shift,0.05,0.098449,0.000302,1,-0.008243,0.008243,0.499842,0.491599,0.008243,0.983198,0,0,0,0.153086,0.145022,0.846914,0.854978,0.850946,1,1,1,1,0.8052148571428572,0.958999,0.8420300000000001,0.48734325,0.6892256,0.950548,0.7888934511904763,1,1,1,1,1,1,1,0.850946,0.671305726716731,0.6600264478964365,0
22,fake_52861_suno_1,1,fake,1,0.999952,1,0.999937,1,1,0,0.07386,0.171315,0.01,4.550009,0.999528,4.989662,-0.202424,4.973924,True,,,sample_0022_fake_52861_suno_1.json,AST,X-Shift,AST | X-Shift,C:\Users\domin\Downloads\jsony\jsony\xshift\ast,0.001329,0.215865,0.25588,0.18362,0.080121,0.215861,shift,0.05,0.074551,0.003494,1,-1.4999999999987246e-05,1.4999999999987246e-05,0.49995199999999995,0.49993699999999996,1.4999999999987246e-05,0.9998739999999999,0,0,0,0.07386,0.171315,0.92614,0.828685,0.8774124999999999,1,1,1,1,1.0,0.999528,0.9974155,0.949394,0.9947848,0.998671,0.98996555,1,1,1,1,1,1,1,0.8774124999999999,0.8686081481393749,0.8684987035127093,0
23,fake_31014_suno_0,1,fake,1,0.999941,1,0.999909,1,1,0,0.208091,0.164808,0.01,4.557063,0.999804,4.995378,-0.206374,4.9928,True,,,sample_0023_fake_31014_suno_0.json,AST,X-Shift,AST | X-Shift,C:\Users\domin\Downloads\jsony\jsony\xshift\ast,0.00191,0.231646,0.341429,0.116904,0.07235,0.241162,shift,0.05,0.132667,0.016449,1,-3.199999999992098e-05,3.199999999992098e-05,0.49994099999999997,0.49990900000000005,3.199999999992098e-05,0.9998180000000001,0,0,0,0.208091,0.164808,0.791909,0.8351919999999999,0.8135505,1,1,1,1,1.0,0.999804,0.9988444999999999,0.9484065,0.99856,0.99809,0.9906175,1,1,1,1,1,1,1,0.8135505,0.80591736243375,0.8057706854737872,0
23,fake_44098_suno_0,1,fake,1,0.999915,0,0.157224,1,0,0,0.137651,0.195763,0.01,3.269968,0.854714,3.620577,-2.125326,3.421809,True,,,sample_0023_fake_44098_suno_0.json,AST,X-Shift,AST | X-Shift,C:\Users\domin\Downloads\jsony\jsony\xshift\ast,0.090968,0.226787,0.277377,0.199859,0.156042,0.24058,shift,0.05,0.138353,0.000973,0,-0.842691,0.842691,0.499915,0.34277599999999997,0.15713900000000003,0.6855519999999999,0,0,0,0.137651,0.195763,0.862349,0.804237,0.8332930000000001,1,1,1,1,0.6485622857142858,0.854714,0.65514425,0.46866850000000004,0.6843618,0.9090320000000001,0.703413805952381,0,0,0,0,0,1,0,0.0,0.0,0.0,1
23,real_01192,0,real,0,0.000114,0,1.5e-05,1,1,1,0.257392,0.459152,0.01,2.046676,0.884045,3.819491,-3.981405,2.582986,True,,,sample_0023_real_01192.json,AST,X-Shift,AST | X-Shift,C:\Users\domin\Downloads\jsony\jsony\xshift\ast,0.129357,0.313192,0.249784,0.146284,0.17236,0.25957,shift,0.05,0.162295,0.001628,1,-9.900000000000001e-05,9.900000000000001e-05,0.499886,0.499985,-9.900000000001574e-05,0.99997,0,0,0,0.257392,0.459152,0.7426079999999999,0.540848,0.641728,1,0,1,0,0.29905028571428577,0.884045,0.70487275,0.004648749999999979,0.5165972,0.8706430000000001,0.546642830952381,1,0,1,0,0,0,0,0.641728,0.3507960106214095,0.3507854867410909,0
23,real_09723,0,real,0,4.3e-05,0,1.9e-05,1,1,1,0.225542,0.53125,0.01,3.750232,0.999468,4.502907,-0.857662,2.688935,True,,,sample_0023_real_09723.json,AST,X-Shift,AST | X-Shift,C:\Users\domin\Downloads\jsony\jsony\xshift\ast,0.066903,0.315883,0.324201,0.238969,0.189343,0.11654,shift,0.05,0.061036,0.001434,1,-2.4e-05,2.4e-05,0.499957,0.499981,-2.4000000000024002e-05,0.999962,0,0,0,0.225542,0.53125,0.774458,0.46875,0.621604,1,0,1,0,0.7857805714285714,0.999468,0.8757267500000001,0.7855845,0.537787,0.933097,0.8195739702380953,1,0,1,0,0,1,0,0.621604,0.5094504581958811,0.5094310990784696,0
24,fake_05418_udio_0,1,fake,1,0.999277,1,0.996772,1,1,0,0.179852,0.205011,0.01,4.24469,0.998227,4.55075,-1.626867,2.599685,True,,,sample_0024_fake_05418_udio_0.json,AST,X-Shift,AST | X-Shift,C:\Users\domin\Downloads\jsony\jsony\xshift\ast,0.015977,0.199697,0.220719,0.143253,0.117868,0.220374,shift,0.05,0.085432,0.000454,1,-0.0025049999999999795,0.0025049999999999795,0.49927699999999997,0.496772,0.0025049999999999795,0.993544,0,0,0,0.179852,0.205011,0.820148,0.794989,0.8075684999999999,1,1,1,1,0.9270542857142858,0.998227,0.8876875,0.59328325,0.519937,0.984023,0.8183686726190477,1,1,1,1,1,1,1,0.8075684999999999,0.6608887613939554,0.656622063550396,0
24,fake_23504_suno_1,1,fake,1,0.999823,1,0.999713,1,1,1,0.129863,0.175401,0.01,3.970041,0.965369,4.078179,-2.211028,3.3986,True,,,sample_0024_fake_23504_suno_1.json,AST,X-Shift,AST | X-Shift,C:\Users\domin\Downloads\jsony\jsony\xshift\ast,0.039695,0.20122,0.263995,0.158413,0.103511,0.200988,shift,0.05,0.126417,0.000557,1,-0.0001100000000000545,0.0001100000000000545,0.499823,0.49971299999999996,0.0001100000000000545,0.9994259999999999,0,0,0,0.129863,0.175401,0.8701369999999999,0.824599,0.8473679999999999,1,1,1,1,0.8485831428571429,0.965369,0.7695447500000001,0.44724299999999995,0.67972,0.960305,0.7784608154761905,1,1,1,1,1,1,1,0.8473679999999999,0.6596427842884285,0.6592641493302469,0
24,fake_26293_suno_0,1,fake,1,0.99961,1,0.999272,1,1,0,0.086873,0.162779,0.01,3.882486,0.937568,4.059414,-1.40941,3.360472,True,,,sample_0024_fake_26293_suno_0.json,AST,X-Shift,AST | X-Shift,C:\Users\domin\Downloads\jsony\jsony\xshift\ast,0.06252,0.19442,0.193622,0.098822,0.099465,0.28128,shift,0.05,0.069843,0.000509,1,-0.00033799999999994945,0.00033799999999994945,0.49961,0.49927200000000005,0.00033799999999994945,0.9985440000000001,0,0,0,0.086873,0.162779,0.913127,0.837221,0.875174,1,1,1,1,0.8235674285714286,0.937568,0.7648535000000001,0.6476474999999999,0.6720944,0.93748,0.7972018047619046,1,1,1,1,1,1,1,0.875174,0.6976902922806951,0.6966744552151345,0
24,real_07293,0,real,0,0.00035,0,0.000807,1,1,1,0.247993,0.498518,0.01,3.653009,0.897422,3.583197,-3.768012,2.994257,True,,,sample_0024_real_07293.json,AST,X-Shift,AST | X-Shift,C:\Users\domin\Downloads\jsony\jsony\xshift\ast,0.203258,0.30318,0.262043,0.122071,0.134933,0.249123,shift,0.05,0.170674,0.002605,1,0.000457,0.000457,0.49965,0.499193,0.0004569999999999852,0.998386,0,0,0,0.247993,0.498518,0.752007,0.501482,0.6267445,1,0,1,0,0.7580025714285714,0.897422,0.64579925,0.057996999999999965,0.5988514,0.7967420000000001,0.6258023702380953,1,0,1,0,0,1,0,0.6267445,0.3922181936336899,0.39158515346916517,0
0,fake_26837_udio_0,1,fake,1,0.504763,1,0.999644,1,1,1,0.148789,0.314455,0.01,3.783279,0.98159,4.029158,-3.981354,3.448556,True,0.37702,0.427109,sample_0000_fake_26837_udio_0.json,VGG,Psychoacoustic,VGG | Psychoacoustic,C:\Users\domin\Downloads\jsony\jsony\pertubacje\vggish,,,,,,,,,,,1,0.494881,0.494881,0.004762999999999962,0.499644,-0.494881,0.999288,0,0,0,0.148789,0.314455,0.8512109999999999,0.6855450000000001,0.768378,1,0,1,0,0.7952225714285713,0.98159,0.7572895,0.004661499999999985,0.6897112,,0.6456949542857143,1,0,1,0,0,1,0,0.768378,0.4961377975841486,0.4957845474722687,0
0,fake_49482_udio_1,1,fake,1,1.0,1,1.0,1,1,1,0.16642,0.459409,0.01,4.643888,1.0,5.0,0.0,5.0,True,0.187295,0.467835,sample_0000_fake_49482_udio_1.json,VGG,Psychoacoustic,VGG | Psychoacoustic,C:\Users\domin\Downloads\jsony\jsony\pertubacje\vggish,,,,,,,,,,,1,0.0,0.0,0.5,0.5,0.0,1.0,0,0,0,0.16642,0.459409,0.83358,0.540591,0.6870855,1,0,1,0,1.0,1.0,1.0,1.0,1.0,,1.0,1,0,1,0,0,1,0,0.6870855,0.6870855,0.6870855,0
0,fake_51339_udio_0,1,fake,1,1.0,1,1.0,1,1,1,0.258751,0.231196,0.01,,0.999801,4.982133,-0.05072,4.778008,True,0.002986,0.309389,sample_0000_fake_51339_udio_0.json,VGG,Psychoacoustic,VGG | Psychoacoustic,C:\Users\domin\Downloads\jsony\jsony\pertubacje\vggish,,,,,,,,,,,1,0.0,0.0,0.5,0.5,0.0,1.0,0,0,0,0.258751,0.231196,0.741249,0.768804,0.7550265,1,1,1,1,,0.999801,0.99553325,0.98732,0.9556015999999999,,0.9845639625,1,1,1,1,1,0,0,0.7550265,0.7433718826325063,0.7433718826325063,0
0,real_12540,0,real,0,0.255203,0,4.1e-05,1,1,1,0.056306,0.639599,0.01,4.009563,0.96344,4.537974,-1.474419,4.210938,True,0.999314,0.864281,sample_0000_real_12540.json,VGG,Psychoacoustic,VGG | Psychoacoustic,C:\Users\domin\Downloads\jsony\jsony\pertubacje\vggish,,,,,,,,,,,1,-0.255162,0.255162,0.244797,0.499959,-0.255162,0.999918,0,0,0,0.056306,0.639599,0.943694,0.36040099999999997,0.6520475,1,0,1,0,0.8598751428571428,0.96344,0.8844935,0.63139525,0.8421875999999999,,0.8362782985714284,1,0,1,0,0,1,0,0.6520475,0.5452931738877534,0.5452484598474946,0
1,fake_48933_suno_1,1,fake,1,1.0,1,1.0,1,1,1,0.054289,0.690629,0.01,4.643888,1.0,5.0,0.0,5.0,True,0.989748,0.700145,sample_0001_fake_48933_suno_1.json,VGG,Psychoacoustic,VGG | Psychoacoustic,C:\Users\domin\Downloads\jsony\jsony\pertubacje\vggish,,,,,,,,,,,1,0.0,0.0,0.5,0.5,0.0,1.0,0,0,0,0.054289,0.690629,0.945711,0.30937099999999995,0.6275409999999999,1,0,1,0,1.0,1.0,1.0,1.0,1.0,,1.0,1,0,1,0,0,1,0,0.6275409999999999,0.6275409999999999,0.6275409999999999,0
1,fake_50028_suno_1,1,fake,1,1.0,1,0.999999,1,1,1,0.054846,0.579947,0.01,4.428142,0.999908,4.999984,-0.052948,4.990042,True,0.799843,0.668739,sample_0001_fake_50028_suno_1.json,VGG,Psychoacoustic,VGG | Psychoacoustic,C:\Users\domin\Downloads\jsony\jsony\pertubacje\vggish,,,,,,,,,,,1,-1.0000000000287557e-06,1.0000000000287557e-06,0.5,0.49999899999999997,1.0000000000287557e-06,0.9999979999999999,0,0,0,0.054846,0.579947,0.945154,0.420053,0.6826035,1,0,1,0,0.9794691428571429,0.999908,0.9999960000000001,0.986763,0.9980084,,0.9928289085714285,1,0,1,0,0,1,0,0.6826035,0.6777084878920371,0.6777071324750613,0
1,real_03147,0,real,0,0.000202,0,0.0,1,1,1,0.544245,0.153076,0.01,4.086098,0.996987,4.621186,-1.346125,3.643002,True,0.000639,0.065799,sample_0001_real_03147.json,VGG,Psychoacoustic,VGG | Psychoacoustic,C:\Users\domin\Downloads\jsony\jsony\pertubacje\vggish,,,,,,,,,,,1,-0.000202,0.000202,0.499798,0.5,-0.00020199999999997997,1.0,0,0,0,0.544245,0.153076,0.455755,0.846924,0.6513395,0,1,1,0,0.8817422857142857,0.996987,0.9052965,0.66346875,0.7286004,,0.8352189871428571,0,1,1,0,0,1,0,0.6513395,0.544011117476135,0.544011117476135,0
1,real_03751,0,real,0,0.0,0,0.0,1,1,1,0.42093,0.093809,0.01,3.693817,0.9613,4.315334,-2.524035,3.618088,True,0.041773,0.147768,sample_0001_real_03751.json,VGG,Psychoacoustic,VGG | Psychoacoustic,C:\Users\domin\Downloads\jsony\jsony\pertubacje\vggish,,,,,,,,,,,1,0.0,0.0,0.5,0.5,0.0,1.0,0,0,0,0.42093,0.093809,0.57907,0.906191,0.7426305,0,1,1,0,0.7696620000000001,0.9613,0.8288335,0.36899125,0.7236176000000001,,0.7304808700000001,0,1,1,0,0,1,0,0.7426305,0.542477373728535,0.542477373728535,0
2,real_00577,0,real,0,0.000129,0,0.0,1,1,1,0.468337,0.098395,0.01,2.963362,0.946038,3.994076,-3.984638,2.997313,True,0.001132,0.16588,sample_0002_real_00577.json,VGG,Psychoacoustic,VGG | Psychoacoustic,C:\Users\domin\Downloads\jsony\jsony\pertubacje\vggish,,,,,,,,,,,1,-0.000129,0.000129,0.499871,0.5,-0.00012899999999999023,1.0,0,0,0,0.468337,0.098395,0.531663,0.901605,0.716634,0,1,1,0,0.5609605714285715,0.946038,0.748519,0.0038405000000000244,0.5994626000000001,,0.5717641342857143,0,1,1,0,0,0,0,0.716634,0.40974561860970854,0.40974561860970854,0
2,real_03067,0,real,0,1e-06,0,0.0,1,1,1,0.412986,0.159412,0.01,4.288406,0.998403,4.865729,-1.009908,4.502339,True,0.000982,0.161455,sample_0002_real_03067.json,VGG,Psychoacoustic,VGG | Psychoacoustic,C:\Users\domin\Downloads\jsony\jsony\pertubacje\vggish,,,,,,,,,,,1,-1e-06,1e-06,0.499999,0.5,-9.999999999732445e-07,1.0,0,0,0,0.412986,0.159412,0.5870139999999999,0.840588,0.7138009999999999,0,1,1,0,0.9395445714285715,0.998403,0.96643225,0.7475229999999999,0.9004678,,0.9104741242857143,0,1,1,0,0,1,0,0.7138009999999999,0.649897340389267,0.649897340389267,0
2,real_03464,0,real,0,7.9e-05,0,0.0004,1,1,1,0.557511,0.117746,0.01,3.689402,0.966061,4.273382,-3.979674,3.926006,True,1.4e-05,0.076433,sample_0002_real_03464.json,VGG,Psychoacoustic,VGG | Psychoacoustic,C:\Users\domin\Downloads\jsony\jsony\pertubacje\vggish,,,,,,,,,,,1,0.000321,0.000321,0.499921,0.4996,0.0003210000000000157,0.9992,0,0,0,0.557511,0.117746,0.442489,0.882254,0.6623715,0,1,1,0,0.7684005714285714,0.966061,0.8183455,0.005081499999999961,0.7852012,,0.6686179542857142,0,1,1,0,0,1,0,0.6623715,0.44287347730716,0.44251917852531425,0
2,real_03705,0,real,0,0.0,0,0.0,1,1,1,0.360535,0.186266,0.01,3.987509,0.976387,4.345072,-2.458614,3.739918,True,0.295701,0.223848,sample_0002_real_03705.json,VGG,Psychoacoustic,VGG | Psychoacoustic,C:\Users\domin\Downloads\jsony\jsony\pertubacje\vggish,,,,,,,,,,,1,0.0,0.0,0.5,0.5,0.0,1.0,0,0,0,0.360535,0.186266,0.639465,0.813734,0.7265995,1,1,1,1,0.853574,0.976387,0.836268,0.38534650000000004,0.7479836,,0.75991182,1,1,1,1,1,1,1,0.7265995,0.5521515484560899,0.5521515484560899,0
3,fake_16796_suno_1,1,fake,1,1.0,1,1.0,1,1,1,0.049909,0.427907,0.01,4.58802,0.999953,4.999993,-0.014297,4.999014,True,0.813246,0.470456,sample_0003_fake_16796_suno_1.json,VGG,Psychoacoustic,VGG | Psychoacoustic,C:\Users\domin\Downloads\jsony\jsony\pertubacje\vggish,,,,,,,,,,,1,0.0,0.0,0.5,0.5,0.0,1.0,0,0,0,0.049909,0.427907,0.950091,0.572093,0.761092,1,0,1,0,1.0,0.999953,0.99999825,0.99642575,0.9998028,,0.99923596,1,0,1,0,0,1,0,0.761092,0.76051049526832,0.76051049526832,0
3,fake_35261_suno_1,1,fake,1,1.0,1,1.0,1,1,1,0.048611,0.900963,0.01,4.643888,1.0,5.0,0.0,5.0,True,0.752953,0.804553,sample_0003_fake_35261_suno_1.json,VGG,Psychoacoustic,VGG | Psychoacoustic,C:\Users\domin\Downloads\jsony\jsony\pertubacje\vggish,,,,,,,,,,,1,0.0,0.0,0.5,0.5,0.0,1.0,0,0,0,0.048611,0.900963,0.951389,0.09903700000000004,0.525213,1,0,1,0,1.0,1.0,1.0,1.0,1.0,,1.0,1,0,1,0,0,1,0,0.525213,0.525213,0.525213,0
3,fake_51789_suno_0,1,fake,1,1.0,1,1.0,1,1,1,0.04615,0.740554,0.01,4.475859,0.999662,4.91787,-0.182163,4.821326,True,0.989725,0.797262,sample_0003_fake_51789_suno_0.json,VGG,Psychoacoustic,VGG | Psychoacoustic,C:\Users\domin\Downloads\jsony\jsony\pertubacje\vggish,,,,,,,,,,,1,0.0,0.0,0.5,0.5,0.0,1.0,0,0,0,0.04615,0.740554,0.95385,0.25944599999999995,0.606648,1,0,1,0,0.9931025714285714,0.999662,0.9794674999999999,0.95445925,0.9642652,,0.9781913042857143,1,0,1,0,0,1,0,0.606648,0.59341779836232,0.59341779836232,0
3,real_06031,0,real,0,1e-06,0,0.0,1,1,1,0.456759,0.12135,0.01,3.302638,0.861493,3.895381,-3.968156,3.367854,True,9e-06,0.137216,sample_0003_real_06031.json,VGG,Psychoacoustic,VGG | Psychoacoustic,C:\Users\domin\Downloads\jsony\jsony\pertubacje\vggish,,,,,,,,,,,1,-1e-06,1e-06,0.499999,0.5,-9.999999999732445e-07,1.0,0,0,0,0.456759,0.12135,0.543241,0.87865,0.7109455,0,1,1,0,0.6578965714285714,0.861493,0.72384525,0.007960999999999996,0.6735708,,0.5849533242857143,0,1,1,0,0,1,0,0.7109455,0.4158699336109693,0.4158699336109693,0
4,fake_02193_udio_1,1,fake,1,1.0,1,1.0,1,1,1,0.134336,0.233637,0.01,4.643888,1.0,5.0,0.0,5.0,True,0.280579,0.542352,sample_0004_fake_02193_udio_1.json,VGG,Psychoacoustic,VGG | Psychoacoustic,C:\Users\domin\Downloads\jsony\jsony\pertubacje\vggish,,,,,,,,,,,1,0.0,0.0,0.5,0.5,0.0,1.0,0,0,0,0.134336,0.233637,0.865664,0.766363,0.8160135,1,1,1,1,1.0,1.0,1.0,1.0,1.0,,1.0,1,1,1,1,1,1,1,0.8160135,0.8160135,0.8160135,0
4,fake_27504_udio_1,1,fake,1,1.0,1,1.0,1,1,1,0.069523,0.488038,0.01,4.643888,1.0,5.0,0.0,5.0,True,0.930008,0.612286,sample_0004_fake_27504_udio_1.json,VGG,Psychoacoustic,VGG | Psychoacoustic,C:\Users\domin\Downloads\jsony\jsony\pertubacje\vggish,,,,,,,,,,,1,0.0,0.0,0.5,0.5,0.0,1.0,0,0,0,0.069523,0.488038,0.930477,0.511962,0.7212195,1,0,1,0,1.0,1.0,1.0,1.0,1.0,,1.0,1,0,1,0,0,1,0,0.7212195,0.7212195,0.7212195,0
4,real_12407,0,real,0,0.017894,0,0.006169,1,1,1,0.175484,0.379641,0.01,3.715481,0.875625,4.184566,-2.112405,4.288803,True,0.090091,0.344812,sample_0004_real_12407.json,VGG,Psychoacoustic,VGG | Psychoacoustic,C:\Users\domin\Downloads\jsony\jsony\pertubacje\vggish,,,,,,,,,,,1,-0.011725,0.011725,0.482106,0.493831,-0.011725000000000041,0.987662,0,0,0,0.175484,0.379641,0.824516,0.620359,0.7224375000000001,1,0,1,0,0.7758517142857143,0.875625,0.7961415000000001,0.47189875000000003,0.8577606,,0.7554555128571427,1,0,1,0,0,1,0,0.7224375000000001,0.5457693920697321,0.5390356893103757,0
4,real_19597,0,real,1,0.926315,1,0.924353,0,0,1,0.154942,0.44089,0.01,4.420962,0.996552,4.749589,-3.964744,4.78504,True,0.038396,0.328408,sample_0004_real_19597.json,VGG,Psychoacoustic,VGG | Psychoacoustic,C:\Users\domin\Downloads\jsony\jsony\pertubacje\vggish,,,,,,,,,,,1,-0.0019620000000000193,0.0019620000000000193,0.426315,0.424353,0.0019620000000000193,0.848706,0,0,0,0.154942,0.44089,0.845058,0.55911,0.7020839999999999,1,0,1,0,0.9774177142857143,0.996552,0.9373972500000001,0.008813999999999989,0.9570080000000001,,0.775437792857143,1,0,1,0,0,1,0,0.7020839999999999,0.5444224673603143,0.4620546145835029,0
5,fake_30244_udio_0,1,fake,1,0.998652,1,0.998652,1,1,1,0.422058,0.149298,0.01,4.643888,1.0,5.0,0.0,5.0,True,0.015263,0.147839,sample_0005_fake_30244_udio_0.json,VGG,Psychoacoustic,VGG | Psychoacoustic,C:\Users\domin\Downloads\jsony\jsony\pertubacje\vggish,,,,,,,,,,,1,0.0,0.0,0.498652,0.498652,0.0,0.997304,0,0,0,0.422058,0.149298,0.577942,0.8507020000000001,0.714322,0,1,1,0,1.0,1.0,1.0,1.0,1.0,,1.0,0,1,1,0,0,1,0,0.714322,0.714322,0.712396187888,0
5,fake_40188_udio_1,1,fake,1,1.0,1,0.999999,1,1,1,0.075454,0.446512,0.01,,0.999597,4.994078,-0.155362,4.924275,True,0.891634,0.641239,sample_0005_fake_40188_udio_1.json,VGG,Psychoacoustic,VGG | Psychoacoustic,C:\Users\domin\Downloads\jsony\jsony\pertubacje\vggish,,,,,,,,,,,1,-1.0000000000287557e-06,1.0000000000287557e-06,0.5,0.49999899999999997,1.0000000000287557e-06,0.9999979999999999,0,0,0,0.075454,0.446512,0.924546,0.553488,0.739017,1,0,1,0,,0.999597,0.9985195,0.9611594999999999,0.9848549999999999,,0.98603275,1,0,1,0,0,0,0,0.739017,0.72869496480675,0.7286935074168204,0
5,real_06308,0,real,0,0.0,0,0.0,1,1,1,0.521291,0.100155,0.01,3.269283,0.943311,4.178387,-2.351247,3.816861,True,0.000518,0.094305,sample_0005_real_06308.json,VGG,Psychoacoustic,VGG | Psychoacoustic,C:\Users\domin\Downloads\jsony\jsony\pertubacje\vggish,,,,,,,,,,,1,0.0,0.0,0.5,0.5,0.0,1.0,0,0,0,0.521291,0.100155,0.47870900000000005,0.899845,0.689277,0,1,1,0,0.6483665714285715,0.943311,0.79459675,0.41218825000000003,0.7633722,,0.7123669542857142,0,1,1,0,0,1,0,0.689277,0.4910181571491942,0.4910181571491942,0
5,real_11839,0,real,0,0.023311,0,0.0,1,1,1,0.561609,0.139572,0.01,3.714915,0.970707,4.488192,-2.531433,3.92516,True,0.000306,0.095465,sample_0005_real_11839.json,VGG,Psychoacoustic,VGG | Psychoacoustic,C:\Users\domin\Downloads\jsony\jsony\pertubacje\vggish,,,,,,,,,,,1,-0.023311,0.023311,0.47668900000000003,0.5,-0.02331099999999997,1.0,0,0,0,0.561609,0.139572,0.438391,0.860428,0.6494095,0,1,1,0,0.77569,0.970707,0.8720479999999999,0.36714175000000004,0.785032,,0.75412375,0,1,1,0,0,1,0,0.6494095,0.48973512742562497,0.48973512742562497,0
6,fake_41087_udio_1,1,fake,1,0.816809,1,0.7591,1,1,1,0.066809,0.586735,0.01,4.430952,0.998087,4.990278,-0.080353,4.863388,True,0.998412,0.72558,sample_0006_fake_41087_udio_1.json,VGG,Psychoacoustic,VGG | Psychoacoustic,C:\Users\domin\Downloads\jsony\jsony\pertubacje\vggish,,,,,,,,,,,1,-0.05770900000000001,0.05770900000000001,0.316809,0.2591,0.05770900000000001,0.5182,0,0,0,0.066809,0.586735,0.933191,0.413265,0.6732279999999999,1,0,1,0,0.9802719999999999,0.998087,0.9975695,0.97991175,0.9726775999999999,,0.9857035699999999,1,0,1,0,0,1,0,0.6732279999999999,0.6636032430239599,0.343879200535016,0
6,real_19284,0,real,0,0.0,0,1.7e-05,1,1,1,0.350311,0.145208,0.01,4.072103,0.954284,4.36462,-3.9796,4.553586,True,0.810805,0.243913,sample_0006_real_19284.json,VGG,Psychoacoustic,VGG | Psychoacoustic,C:\Users\domin\Downloads\jsony\jsony\pertubacje\vggish,,,,,,,,,,,1,1.7e-05,1.7e-05,0.5,0.499983,1.6999999999989246e-05,0.999966,0,0,0,0.350311,0.145208,0.649689,0.854792,0.7522405,1,1,1,1,0.8777437142857144,0.954284,0.8411550000000001,0.005099999999999993,0.9107172,,0.717799982857143,1,1,1,1,1,1,1,0.7522405,0.5399582180044487,0.5399398594250365,0
6,real_19441,0,real,0,0.0,0,0.0,1,1,1,0.520138,0.143476,0.01,1.820729,0.59652,2.905203,-3.645622,2.904447,True,0.370923,0.133636,sample_0006_real_19441.json,VGG,Psychoacoustic,VGG | Psychoacoustic,C:\Users\domin\Downloads\jsony\jsony\pertubacje\vggish,,,,,,,,,,,1,0.0,0.0,0.5,0.5,0.0,1.0,0,0,0,0.520138,0.143476,0.479862,0.8565240000000001,0.668193,0,1,1,0,0.234494,0.59652,0.47630075000000005,0.08859450000000002,0.5808894,,0.3953597300000001,0,1,1,0,0,0,0,0.668193,0.26417660406789006,0.26417660406789006,0
6,real_20445,0,real,0,0.280358,0,0.0,1,1,1,0.316058,0.137965,0.01,4.162723,0.930732,4.357337,-1.796186,4.033567,True,0.402572,0.211954,sample_0006_real_20445.json,VGG,Psychoacoustic,VGG | Psychoacoustic,C:\Users\domin\Downloads\jsony\jsony\pertubacje\vggish,,,,,,,,,,,1,-0.280358,0.280358,0.219642,0.5,-0.280358,1.0,0,0,0,0.316058,0.137965,0.683942,0.862035,0.7729885000000001,1,1,1,1,0.9036351428571427,0.930732,0.8393342500000001,0.5509535,0.8067133999999999,,0.8062736585714285,1,1,1,1,1,1,1,0.7729885000000001,0.6232402659286408,0.6232402659286408,0
7,fake_02868_suno_1,1,fake,1,1.0,1,1.0,1,1,1,0.051441,0.658204,0.01,4.643888,1.0,5.0,0.0,5.0,True,0.107408,0.769919,sample_0007_fake_02868_suno_1.json,VGG,Psychoacoustic,VGG | Psychoacoustic,C:\Users\domin\Downloads\jsony\jsony\pertubacje\vggish,,,,,,,,,,,1,0.0,0.0,0.5,0.5,0.0,1.0,0,0,0,0.051441,0.658204,0.948559,0.341796,0.6451775,1,0,1,0,1.0,1.0,1.0,1.0,1.0,,1.0,1,0,1,0,0,1,0,0.6451775,0.6451775,0.6451775,0
7,real_06994,0,real,0,0.141159,0,0.0,1,1,1,0.47352,0.153451,0.01,3.028341,0.97995,4.036414,-3.022,3.815156,True,0.246361,0.133737,sample_0007_real_06994.json,VGG,Psychoacoustic,VGG | Psychoacoustic,C:\Users\domin\Downloads\jsony\jsony\pertubacje\vggish,,,,,,,,,,,1,-0.141159,0.141159,0.35884099999999997,0.5,-0.14115900000000003,1.0,0,0,0,0.47352,0.153451,0.5264800000000001,0.846549,0.6865145,0,1,1,0,0.5795260000000001,0.97995,0.7591034999999999,0.24450000000000005,0.7630312,,0.66522214,0,1,1,0,0,1,0,0.6865145,0.45668464483103005,0.45668464483103005,0
7,real_10101,0,real,0,0.0,0,0.0,1,1,1,0.37,0.115416,0.01,2.426183,0.9593,4.582339,-3.98308,3.819528,True,0.119704,0.183166,sample_0007_real_10101.json,VGG,Psychoacoustic,VGG | Psychoacoustic,C:\Users\domin\Downloads\jsony\jsony\pertubacje\vggish,,,,,,,,,,,1,0.0,0.0,0.5,0.5,0.0,1.0,0,0,0,0.37,0.115416,0.63,0.884584,0.7572920000000001,1,1,1,1,0.40748085714285714,0.9593,0.89558475,0.004229999999999956,0.7639056,,0.6061002414285716,1,1,1,1,1,0,0,0.7572920000000001,0.45899486403192585,0.45899486403192585,0
7,real_12935,0,real,0,3e-05,0,7e-05,1,1,1,0.347699,0.124211,0.01,2.75872,0.890293,4.317224,-3.976241,4.583344,True,0.158435,0.160304,sample_0007_real_12935.json,VGG,Psychoacoustic,VGG | Psychoacoustic,C:\Users\domin\Downloads\jsony\jsony\pertubacje\vggish,,,,,,,,,,,1,3.9999999999999996e-05,3.9999999999999996e-05,0.49997,0.49993,4.0000000000040004e-05,0.99986,0,0,0,0.347699,0.124211,0.652301,0.875789,0.7640450000000001,1,1,1,1,0.5024914285714285,0.890293,0.8293060000000001,0.005939750000000021,0.9166688000000001,,0.6289397957142857,1,1,1,1,1,0,0,0.7640450000000001,0.4805383062165215,0.48047103085365117,0
8,fake_29238_suno_1,1,fake,1,1.0,1,1.0,1,1,1,0.024648,0.637926,0.01,4.643888,1.0,5.0,0.0,5.0,True,0.417955,0.875839,sample_0008_fake_29238_suno_1.json,VGG,Psychoacoustic,VGG | Psychoacoustic,C:\Users\domin\Downloads\jsony\jsony\pertubacje\vggish,,,,,,,,,,,1,0.0,0.0,0.5,0.5,0.0,1.0,0,0,0,0.024648,0.637926,0.975352,0.362074,0.668713,1,0,1,0,1.0,1.0,1.0,1.0,1.0,,1.0,1,0,1,0,0,1,0,0.668713,0.668713,0.668713,0
8,real_07251,0,real,0,0.121693,0,0.121693,1,1,1,0.294186,0.147368,0.01,,0.0,,0.0,5.0,True,0.001833,0.191344,sample_0008_real_07251.json,VGG,Psychoacoustic,VGG | Psychoacoustic,C:\Users\domin\Downloads\jsony\jsony\pertubacje\vggish,,,,,,,,,,,1,0.0,0.0,0.378307,0.378307,0.0,0.756614,0,0,0,0.294186,0.147368,0.7058139999999999,0.8526320000000001,0.779223,1,1,1,1,,0.0,,1.0,1.0,,0.6666666666666666,1,1,1,1,1,0,0,0.779223,0.519482,0.393047353948,0
8,real_07252,0,real,0,0.0,0,0.0,1,1,1,0.377241,0.108351,0.01,3.748447,0.988435,4.373071,-2.806266,3.446999,True,0.042465,0.090711,sample_0008_real_07252.json,VGG,Psychoacoustic,VGG | Psychoacoustic,C:\Users\domin\Downloads\jsony\jsony\pertubacje\vggish,,,,,,,,,,,1,0.0,0.0,0.5,0.5,0.0,1.0,0,0,0,0.377241,0.108351,0.6227590000000001,0.891649,0.757204,1,1,1,1,0.7852705714285715,0.988435,0.8432677500000001,0.2984335,0.6893998,,0.7209613242857142,1,1,1,1,1,1,1,0.757204,0.5459147985944399,0.5459147985944399,0
8,real_18998,0,real,0,0.007376,0,0.0,1,1,1,0.56931,0.122291,0.01,4.454453,0.996796,4.910161,-1.028496,4.539587,True,0.148106,0.104102,sample_0008_real_18998.json,VGG,Psychoacoustic,VGG | Psychoacoustic,C:\Users\domin\Downloads\jsony\jsony\pertubacje\vggish,,,,,,,,,,,1,-0.007376,0.007376,0.492624,0.5,-0.007375999999999994,1.0,0,0,0,0.56931,0.122291,0.43069,0.877709,0.6541995,0,1,1,0,0.9869865714285714,0.996796,0.9775402500000001,0.742876,0.9079174,,0.9224232442857142,0,1,1,0,0,1,0,0.6541995,0.6034488252000921,0.6034488252000921,0
9,real_06334,0,real,0,1e-06,0,0.0,1,1,1,0.423714,0.111528,0.01,3.579042,0.946358,4.157856,-3.908787,3.530082,True,0.005064,0.136092,sample_0009_real_06334.json,VGG,Psychoacoustic,VGG | Psychoacoustic,C:\Users\domin\Downloads\jsony\jsony\pertubacje\vggish,,,,,,,,,,,1,-1e-06,1e-06,0.499999,0.5,-9.999999999732445e-07,1.0,0,0,0,0.423714,0.111528,0.5762860000000001,0.888472,0.7323790000000001,0,1,1,0,0.7368691428571428,0.946358,0.7894639999999999,0.022803250000000053,0.7060164,,0.6403021585714285,0,1,1,0,0,1,0,0.7323790000000001,0.4689438545923843,0.4689438545923843,0
9,real_10022,0,real,0,0.015382,0,0.383081,1,1,1,0.115248,0.247457,0.01,3.748709,0.975181,4.795583,-3.981189,4.601854,True,0.937848,0.634191,sample_0009_real_10022.json,VGG,Psychoacoustic,VGG | Psychoacoustic,C:\Users\domin\Downloads\jsony\jsony\pertubacje\vggish,,,,,,,,,,,1,0.367699,0.367699,0.484618,0.116919,0.367699,0.233838,0,0,0,0.115248,0.247457,0.884752,0.752543,0.8186475,1,1,1,1,0.7853454285714285,0.975181,0.9488957499999999,0.004702749999999978,0.9203708,,0.7268991457142857,1,1,1,1,1,1,1,0.8186475,0.5950741683911357,0.13915095338824637,0
9,real_13937,0,real,0,0.00101,0,0.0,1,1,1,0.318517,0.23719,0.01,4.426458,0.998307,4.954645,-1.446153,4.688178,True,0.40526,0.380162,sample_0009_real_13937.json,VGG,Psychoacoustic,VGG | Psychoacoustic,C:\Users\domin\Downloads\jsony\jsony\pertubacje\vggish,,,,,,,,,,,1,-0.00101,0.00101,0.49899,0.5,-0.0010100000000000109,1.0,0,0,0,0.318517,0.23719,0.6814830000000001,0.76281,0.7221465,1,1,1,1,0.9789880000000001,0.998307,0.98866125,0.63846175,0.9376355999999999,,0.9084107200000002,1,1,1,1,1,1,1,0.7221465,0.6560056220104802,0.6560056220104802,0
9,real_19731,0,real,0,0.000184,0,0.001045,1,1,1,0.10556,0.453251,0.01,4.194366,0.886237,4.457457,-2.048511,4.41584,True,0.915318,0.749744,sample_0009_real_19731.json,VGG,Psychoacoustic,VGG | Psychoacoustic,C:\Users\domin\Downloads\jsony\jsony\pertubacje\vggish,,,,,,,,,,,1,0.0008609999999999999,0.0008609999999999999,0.499816,0.498955,0.0008610000000000007,0.99791,0,0,0,0.10556,0.453251,0.89444,0.5467489999999999,0.7205945,1,0,1,0,0.9126759999999999,0.886237,0.86436425,0.48787225,0.8831680000000001,,0.8068635000000001,1,0,1,0,0,1,0,0.7205945,0.5814214003507501,0.580206229624017,0
10,fake_01429_suno_1,1,fake,1,1.0,1,1.0,1,1,1,0.086495,0.651471,0.01,4.477194,0.999479,4.999545,-0.064237,4.984982,True,0.05182,0.725799,sample_0010_fake_01429_suno_1.json,VGG,Psychoacoustic,VGG | Psychoacoustic,C:\Users\domin\Downloads\jsony\jsony\pertubacje\vggish,,,,,,,,,,,1,0.0,0.0,0.5,0.5,0.0,1.0,0,0,0,0.086495,0.651471,0.913505,0.348529,0.6310169999999999,1,0,1,0,0.9934839999999999,0.999479,0.9998862500000001,0.98394075,0.9969963999999999,,0.99475728,1,0,1,0,0,1,0,0.6310169999999999,0.62770875455376,0.62770875455376,0
10,fake_18908_suno_1,1,fake,1,1.0,1,1.0,1,1,1,0.06327,0.685918,0.01,4.507431,0.996619,4.969223,-0.109969,4.956233,True,0.327241,0.544871,sample_0010_fake_18908_suno_1.json,VGG,Psychoacoustic,VGG | Psychoacoustic,C:\Users\domin\Downloads\jsony\jsony\pertubacje\vggish,,,,,,,,,,,1,0.0,0.0,0.5,0.5,0.0,1.0,0,0,0,0.06327,0.685918,0.93673,0.314082,0.6254059999999999,1,0,1,0,1.0,0.996619,0.9923057500000001,0.97250775,0.9912466,,0.9905358200000001,1,0,1,0,0,1,0,0.6254059999999999,0.61948704504292,0.61948704504292,0
10,fake_46798_udio_1,1,fake,1,1.0,1,1.0,1,1,1,0.049309,0.552671,0.01,4.643888,1.0,5.0,0.0,5.0,True,0.094018,0.755808,sample_0010_fake_46798_udio_1.json,VGG,Psychoacoustic,VGG | Psychoacoustic,C:\Users\domin\Downloads\jsony\jsony\pertubacje\vggish,,,,,,,,,,,1,0.0,0.0,0.5,0.5,0.0,1.0,0,0,0,0.049309,0.552671,0.950691,0.447329,0.6990099999999999,1,0,1,0,1.0,1.0,1.0,1.0,1.0,,1.0,1,0,1,0,0,1,0,0.6990099999999999,0.6990099999999999,0.6990099999999999,0
10,fake_50637_suno_0,1,fake,1,1.0,1,1.0,1,1,1,0.046223,0.928603,0.01,4.643888,1.0,5.0,0.0,5.0,True,0.471921,0.757197,sample_0010_fake_50637_suno_0.json,VGG,Psychoacoustic,VGG | Psychoacoustic,C:\Users\domin\Downloads\jsony\jsony\pertubacje\vggish,,,,,,,,,,,1,0.0,0.0,0.5,0.5,0.0,1.0,0,0,0,0.046223,0.928603,0.953777,0.07139700000000004,0.512587,1,0,1,0,1.0,1.0,1.0,1.0,1.0,,1.0,1,0,1,0,0,1,0,0.512587,0.512587,0.512587,0
11,real_07265,0,real,0,0.043829,0,0.0,1,1,1,0.367677,0.213298,0.01,3.936202,0.980819,4.3307,-3.975876,3.61659,True,0.112307,0.212009,sample_0011_real_07265.json,VGG,Psychoacoustic,VGG | Psychoacoustic,C:\Users\domin\Downloads\jsony\jsony\pertubacje\vggish,,,,,,,,,,,1,-0.043829,0.043829,0.456171,0.5,-0.04382900000000001,1.0,0,0,0,0.367677,0.213298,0.632323,0.786702,0.7095125,1,1,1,1,0.8389148571428572,0.980819,0.832675,0.006031000000000009,0.723318,,0.6763515714285715,1,1,1,1,1,1,1,0.7095125,0.4798798943232143,0.4798798943232143,0
11,real_09534,0,real,0,6.7e-05,0,0.0,1,1,1,0.512106,0.101913,0.01,,0.965267,4.51675,-2.697222,3.820722,True,0.001538,0.112305,sample_0011_real_09534.json,VGG,Psychoacoustic,VGG | Psychoacoustic,C:\Users\domin\Downloads\jsony\jsony\pertubacje\vggish,,,,,,,,,,,1,-6.7e-05,6.7e-05,0.499933,0.5,-6.699999999998374e-05,1.0,0,0,0,0.512106,0.101913,0.48789400000000005,0.898087,0.6929905000000001,0,1,1,0,,0.965267,0.8791875,0.3256945,0.7641444,,0.7335733499999999,0,1,1,0,0,0,0,0.6929905000000001,0.5083593626031749,0.5083593626031749,0
11,real_12741,0,real,0,0.000112,0,2e-06,1,1,1,0.61064,0.141387,0.01,4.042036,0.997979,4.827123,-2.273504,4.785823,True,0.001751,0.096532,sample_0011_real_12741.json,VGG,Psychoacoustic,VGG | Psychoacoustic,C:\Users\domin\Downloads\jsony\jsony\pertubacje\vggish,,,,,,,,,,,1,-0.00011,0.00011,0.499888,0.499998,-0.00010999999999999899,0.999996,0,0,0,0.61064,0.141387,0.38936000000000004,0.858613,0.6239865,0,1,1,0,0.869153142857143,0.997979,0.9567807500000001,0.431624,0.9571645999999999,,0.8425402985714285,0,1,1,0,0,1,0,0.6239865,0.5257337720145407,0.5257316690794527,0
11,real_13325,0,real,1,0.918426,1,0.996789,0,0,1,0.432109,0.193653,0.01,3.073697,0.817242,3.847859,-2.724029,3.674551,True,0.000768,0.18523,sample_0011_real_13325.json,VGG,Psychoacoustic,VGG | Psychoacoustic,C:\Users\domin\Downloads\jsony\jsony\pertubacje\vggish,,,,,,,,,,,1,0.07836300000000007,0.07836300000000007,0.41842599999999996,0.49678900000000004,-0.07836300000000007,0.9935780000000001,0,0,0,0.432109,0.193653,0.5678909999999999,0.806347,0.687119,0,1,1,0,0.5924848571428571,0.817242,0.71196475,0.31899275000000005,0.7349102000000001,,0.6351189114285715,0,1,1,0,0,0,0,0.687119,0.43640227130188863,0.43359969591558795,0
12,fake_13581_udio_0,1,fake,1,0.954369,1,0.857435,1,1,1,0.215543,0.285655,0.01,4.538224,0.980081,4.695247,-0.587039,4.543305,True,0.008237,0.223259,sample_0012_fake_13581_udio_0.json,VGG,Psychoacoustic,VGG | Psychoacoustic,C:\Users\domin\Downloads\jsony\jsony\pertubacje\vggish,,,,,,,,,,,1,-0.09693400000000008,0.09693400000000008,0.454369,0.35743499999999995,0.09693400000000008,0.7148699999999999,0,0,0,0.215543,0.285655,0.784457,0.714345,0.749401,1,1,1,1,1.0,0.980081,0.92381175,0.85324025,0.908661,,0.9331588,1,1,1,1,1,1,1,0.749401,0.6993101378787999,0.49991583826541763,0
12,real_00689,0,real,0,0.0,0,0.0,1,1,1,0.420411,0.129379,0.01,3.455944,0.943683,4.195717,-1.579387,3.296793,True,0.443191,0.205907,sample_0012_real_00689.json,VGG,Psychoacoustic,VGG | Psychoacoustic,C:\Users\domin\Downloads\jsony\jsony\pertubacje\vggish,,,,,,,,,,,1,0.0,0.0,0.5,0.5,0.0,1.0,0,0,0,0.420411,0.129379,0.579589,0.870621,0.725105,0,1,1,0,0.7016982857142857,0.943683,0.79892925,0.60515325,0.6593586,,0.7417644771428572,0,1,1,0,0,1,0,0.725105,0.5378571311986715,0.5378571311986715,0
12,real_03041,0,real,0,4e-06,0,0.0,1,1,1,0.438127,0.175325,0.01,3.329229,0.860018,3.816521,-2.685723,3.301894,True,0.001081,0.119402,sample_0012_real_03041.json,VGG,Psychoacoustic,VGG | Psychoacoustic,C:\Users\domin\Downloads\jsony\jsony\pertubacje\vggish,,,,,,,,,,,1,-4e-06,4e-06,0.499996,0.5,-4.000000000004e-06,1.0,0,0,0,0.438127,0.175325,0.5618730000000001,0.824675,0.6932740000000001,0,1,1,0,0.665494,0.860018,0.70413025,0.32856925000000003,0.6603787999999999,,0.64371806,0,1,1,0,0,1,0,0.6932740000000001,0.44627299432844003,0.44627299432844003,0
12,real_11262,0,real,0,1e-06,0,0.0,1,1,1,0.245407,0.2523,0.01,4.177462,0.985799,4.619191,-1.765361,3.852551,True,0.64254,0.350068,sample_0012_real_11262.json,VGG,Psychoacoustic,VGG | Psychoacoustic,C:\Users\domin\Downloads\jsony\jsony\pertubacje\vggish,,,,,,,,,,,1,-1e-06,1e-06,0.499999,0.5,-9.999999999732445e-07,1.0,0,0,0,0.245407,0.2523,0.7545930000000001,0.7477,0.7511465,1,1,1,1,0.9078462857142858,0.985799,0.90479775,0.55865975,0.7705102,,0.825522597142857,1,1,1,1,1,1,1,0.7511465,0.6200884095147671,0.6200884095147671,0
13,fake_13018_udio_0,1,fake,1,0.999187,1,0.998354,1,1,1,0.194026,0.400901,0.01,,0.997453,4.951477,-0.206556,4.637979,True,0.634543,0.398003,sample_0013_fake_13018_udio_0.json,VGG,Psychoacoustic,VGG | Psychoacoustic,C:\Users\domin\Downloads\jsony\jsony\pertubacje\vggish,,,,,,,,,,,1,-0.0008330000000000837,0.0008330000000000837,0.49918700000000005,0.49835399999999996,0.0008330000000000837,0.9967079999999999,0,0,0,0.194026,0.400901,0.805974,0.599099,0.7025365,1,0,1,0,,0.997453,0.9878692499999999,0.948361,0.9275958,,0.9653197624999998,1,0,1,0,0,0,0,0.7025365,0.6781723673275811,0.6759398238943387,0
13,fake_14334_suno_1,1,fake,1,1.0,1,1.0,1,1,1,0.044404,0.625739,0.01,4.643888,1.0,5.0,0.0,5.0,True,0.995289,0.838867,sample_0013_fake_14334_suno_1.json,VGG,Psychoacoustic,VGG | Psychoacoustic,C:\Users\domin\Downloads\jsony\jsony\pertubacje\vggish,,,,,,,,,,,1,0.0,0.0,0.5,0.5,0.0,1.0,0,0,0,0.044404,0.625739,0.955596,0.37426099999999995,0.6649285,1,0,1,0,1.0,1.0,1.0,1.0,1.0,,1.0,1,0,1,0,0,1,0,0.6649285,0.6649285,0.6649285,0
13,fake_46348_udio_1,1,fake,1,0.999995,1,0.999987,1,1,1,0.078262,0.215318,0.01,4.267551,0.9968,4.996177,-0.180297,4.89931,True,0.745847,0.575683,sample_0013_fake_46348_udio_1.json,VGG,Psychoacoustic,VGG | Psychoacoustic,C:\Users\domin\Downloads\jsony\jsony\pertubacje\vggish,,,,,,,,,,,1,-8.000000000008e-06,8.000000000008e-06,0.49999499999999997,0.49998699999999996,8.000000000008e-06,0.9999739999999999,0,0,0,0.078262,0.215318,0.921738,0.784682,0.85321,1,1,1,1,0.933586,0.9968,0.9990442500000001,0.95492575,0.979862,,0.9728436,1,1,1,1,1,1,1,0.85321,0.830039887956,0.8300183069189131,0
13,real_13270,0,real,0,0.000251,0,0.00037,1,1,1,0.355326,0.175168,0.01,4.113307,0.942124,4.47167,-1.056001,4.117021,True,0.009127,0.193692,sample_0013_real_13270.json,VGG,Psychoacoustic,VGG | Psychoacoustic,C:\Users\domin\Downloads\jsony\jsony\pertubacje\vggish,,,,,,,,,,,1,0.00011900000000000002,0.00011900000000000002,0.499749,0.49963,0.00011899999999998023,0.99926,0,0,0,0.355326,0.175168,0.644674,0.824832,0.734753,1,1,1,1,0.8895162857142856,0.942124,0.8679174999999999,0.73599975,0.8234042,,0.851792347142857,1,1,1,1,1,1,1,0.734753,0.6258569824402556,0.6253938482732498,0
14,fake_30470_udio_1,1,fake,1,0.998204,1,0.998145,1,1,1,0.071388,0.335337,0.01,4.436585,0.998973,4.86116,-0.113228,4.534592,True,0.943604,0.521765,sample_0014_fake_30470_udio_1.json,VGG,Psychoacoustic,VGG | Psychoacoustic,C:\Users\domin\Downloads\jsony\jsony\pertubacje\vggish,,,,,,,,,,,1,-5.900000000003125e-05,5.900000000003125e-05,0.498204,0.49814499999999995,5.900000000003125e-05,0.9962899999999999,0,0,0,0.071388,0.335337,0.928612,0.664663,0.7966375,1,0,1,0,0.9818814285714286,0.998973,0.96529,0.971693,0.9069184,,0.9649511657142857,1,0,1,0,0,1,0,0.7966375,0.7687162842767143,0.7658643468620476,0
14,fake_46574_suno_1,1,fake,1,1.0,1,1.0,1,1,1,0.062723,0.81774,0.01,4.643888,1.0,5.0,0.0,5.0,True,0.999985,0.970153,sample_0014_fake_46574_suno_1.json,VGG,Psychoacoustic,VGG | Psychoacoustic,C:\Users\domin\Downloads\jsony\jsony\pertubacje\vggish,,,,,,,,,,,1,0.0,0.0,0.5,0.5,0.0,1.0,0,0,0,0.062723,0.81774,0.937277,0.18225999999999998,0.5597685,1,0,1,0,1.0,1.0,1.0,1.0,1.0,,1.0,1,0,1,0,0,1,0,0.5597685,0.5597685,0.5597685,0
14,real_00224,0,real,1,0.999992,1,0.999992,0,0,1,0.470869,0.121631,0.01,4.467528,0.999932,4.92457,-0.209939,4.594025,True,0.118053,0.126346,sample_0014_real_00224.json,VGG,Psychoacoustic,VGG | Psychoacoustic,C:\Users\domin\Downloads\jsony\jsony\pertubacje\vggish,,,,,,,,,,,1,0.0,0.0,0.499992,0.499992,0.0,0.999984,0,0,0,0.470869,0.121631,0.529131,0.878369,0.70375,0,1,1,0,0.9907222857142857,0.999932,0.9811425,0.94751525,0.9188050000000001,,0.9676234071428572,0,1,1,0,0,1,0,0.70375,0.6809649727767858,0.6809540773372214,0
14,real_12041,0,real,0,0.0,0,0.0,1,1,1,0.622644,0.156242,0.01,4.288346,0.981153,4.577232,-3.976958,4.537487,True,0.000436,0.162591,sample_0014_real_12041.json,VGG,Psychoacoustic,VGG | Psychoacoustic,C:\Users\domin\Downloads\jsony\jsony\pertubacje\vggish,,,,,,,,,,,1,0.0,0.0,0.5,0.5,0.0,1.0,0,0,0,0.622644,0.156242,0.377356,0.843758,0.610557,0,1,1,0,0.9395274285714285,0.981153,0.8943080000000001,0.005760499999999946,0.9074973999999999,,0.7456492657142857,0,1,1,0,0,1,0,0.610557,0.4552613787267171,0.4552613787267171,0
15,fake_09896_suno_1,1,fake,1,1.0,1,1.0,1,1,1,0.063458,0.413661,0.01,4.580269,0.999911,4.999996,-0.017649,4.998247,True,0.662188,0.462798,sample_0015_fake_09896_suno_1.json,VGG,Psychoacoustic,VGG | Psychoacoustic,C:\Users\domin\Downloads\jsony\jsony\pertubacje\vggish,,,,,,,,,,,1,0.0,0.0,0.5,0.5,0.0,1.0,0,0,0,0.063458,0.413661,0.936542,0.5863389999999999,0.7614405,1,0,1,0,1.0,0.999911,0.9999990000000001,0.99558775,0.9996494,,0.9990294299999999,1,0,1,0,0,1,0,0.7614405,0.7607014686939149,0.7607014686939149,0
15,fake_43253_udio_0,1,fake,1,1.0,1,1.0,1,1,1,0.060181,0.62742,0.01,4.566687,0.999785,4.996147,-0.045194,4.87763,True,0.930256,0.785864,sample_0015_fake_43253_udio_0.json,VGG,Psychoacoustic,VGG | Psychoacoustic,C:\Users\domin\Downloads\jsony\jsony\pertubacje\vggish,,,,,,,,,,,1,0.0,0.0,0.5,0.5,0.0,1.0,0,0,0,0.060181,0.62742,0.939819,0.37258,0.6561995,1,0,1,0,1.0,0.999785,0.9990367499999999,0.9887015,0.975526,,0.99260985,1,0,1,0,0,1,0,0.6561995,0.651350087265075,0.651350087265075,0
15,fake_49262_suno_1,1,fake,1,1.0,1,1.0,1,1,1,0.051065,0.471387,0.01,4.535821,0.999599,4.973351,-0.046495,4.834747,True,0.101992,0.603077,sample_0015_fake_49262_suno_1.json,VGG,Psychoacoustic,VGG | Psychoacoustic,C:\Users\domin\Downloads\jsony\jsony\pertubacje\vggish,,,,,,,,,,,1,0.0,0.0,0.5,0.5,0.0,1.0,0,0,0,0.051065,0.471387,0.948935,0.528613,0.738774,1,0,1,0,1.0,0.999599,0.99333775,0.98837625,0.9669494000000001,,0.98965248,1,0,1,0,0,1,0,0.738774,0.73112952125952,0.73112952125952,0
15,real_12285,0,real,0,0.0,0,0.006552,1,1,1,0.447164,0.116054,0.01,4.342936,0.994486,4.834022,-3.973103,4.496407,True,0.000342,0.097475,sample_0015_real_12285.json,VGG,Psychoacoustic,VGG | Psychoacoustic,C:\Users\domin\Downloads\jsony\jsony\pertubacje\vggish,,,,,,,,,,,1,0.006552,0.006552,0.5,0.493448,0.006552000000000002,0.986896,0,0,0,0.447164,0.116054,0.552836,0.883946,0.718391,0,1,1,0,0.9551245714285714,0.994486,0.9585055,0.006724249999999987,0.8992813999999999,,0.7628243442857142,0,1,1,0,0,1,0,0.718391,0.5480061435157585,0.540825071011128,0
16,fake_24388_suno_1,1,fake,1,1.0,1,1.0,1,1,1,0.021926,0.670091,0.01,4.484619,0.999664,4.948939,-0.193243,4.757437,True,0.649391,0.601553,sample_0016_fake_24388_suno_1.json,VGG,Psychoacoustic,VGG | Psychoacoustic,C:\Users\domin\Downloads\jsony\jsony\pertubacje\vggish,,,,,,,,,,,1,0.0,0.0,0.5,0.5,0.0,1.0,0,0,0,0.021926,0.670091,0.978074,0.329909,0.6539915000000001,1,0,1,0,0.9956054285714286,0.999664,0.98723475,0.95168925,0.9514874000000001,,0.9771361657142859,1,0,1,0,0,1,0,0.6539915000000001,0.6390387467197345,0.6390387467197345,0
16,fake_25170_suno_0,1,fake,1,1.0,1,1.0,1,1,1,0.083623,0.794618,0.01,4.643888,1.0,5.0,0.0,5.0,True,0.998536,0.728784,sample_0016_fake_25170_suno_0.json,VGG,Psychoacoustic,VGG | Psychoacoustic,C:\Users\domin\Downloads\jsony\jsony\pertubacje\vggish,,,,,,,,,,,1,0.0,0.0,0.5,0.5,0.0,1.0,0,0,0,0.083623,0.794618,0.916377,0.20538199999999995,0.5608795,1,0,1,0,1.0,1.0,1.0,1.0,1.0,,1.0,1,0,1,0,0,1,0,0.5608795,0.5608795,0.5608795,0
16,real_00268,0,real,0,0.000216,0,0.0,1,1,1,0.408075,0.094333,0.01,4.249204,0.983878,4.429353,-1.753925,3.60087,True,0.001392,0.086043,sample_0016_real_00268.json,VGG,Psychoacoustic,VGG | Psychoacoustic,C:\Users\domin\Downloads\jsony\jsony\pertubacje\vggish,,,,,,,,,,,1,-0.000216,0.000216,0.499784,0.5,-0.00021599999999999397,1.0,0,0,0,0.408075,0.094333,0.591925,0.905667,0.748796,0,1,1,0,0.928344,0.983878,0.85733825,0.5615187500000001,0.720174,,0.8102506,0,1,1,0,0,1,0,0.748796,0.6067124082776001,0.6067124082776001,0
16,real_06665,0,real,0,9.7e-05,0,0.325591,1,1,1,0.506254,0.123902,0.01,4.411396,0.994252,4.835469,-2.239455,4.762174,True,0.003104,0.098271,sample_0016_real_06665.json,VGG,Psychoacoustic,VGG | Psychoacoustic,C:\Users\domin\Downloads\jsony\jsony\pertubacje\vggish,,,,,,,,,,,1,0.325494,0.325494,0.499903,0.17440899999999998,0.325494,0.34881799999999996,0,0,0,0.506254,0.123902,0.493746,0.876098,0.684922,0,1,1,0,0.9746845714285713,0.994252,0.95886725,0.44013625,0.9524348,,0.8640749742857142,0,1,1,0,0,1,0,0.684922,0.5918239595377199,0.20643884991802838,0
17,fake_18041_udio_1,1,fake,1,0.824563,1,1.0,1,1,1,0.101098,0.43649,0.01,3.878903,0.946123,4.518006,-2.190817,3.678641,True,0.893851,0.709134,sample_0017_fake_18041_udio_1.json,VGG,Psychoacoustic,VGG | Psychoacoustic,C:\Users\domin\Downloads\jsony\jsony\pertubacje\vggish,,,,,,,,,,,1,0.17543699999999995,0.17543699999999995,0.32456300000000005,0.5,-0.17543699999999995,1.0,0,0,0,0.101098,0.43649,0.898902,0.56351,0.731206,1,0,1,0,0.8225437142857144,0.946123,0.8795014999999999,0.45229575,0.7357281999999999,,0.767238432857143,1,0,1,0,0,1,0,0.731206,0.5610093455357401,0.5610093455357401,0
17,fake_38961_udio_0,1,fake,1,1.0,1,1.0,1,1,1,0.078449,0.477435,0.01,4.584728,0.999957,5.0,-0.025327,4.991123,True,0.986202,0.743261,sample_0017_fake_38961_udio_0.json,VGG,Psychoacoustic,VGG | Psychoacoustic,C:\Users\domin\Downloads\jsony\jsony\pertubacje\vggish,,,,,,,,,,,1,0.0,0.0,0.5,0.5,0.0,1.0,0,0,0,0.078449,0.477435,0.921551,0.522565,0.722058,1,0,1,0,1.0,0.999957,1.0,0.99366825,0.9982246,,0.99836997,1,0,1,0,0,1,0,0.722058,0.72088102379826,0.72088102379826,0
17,real_19661,0,real,0,0.000668,0,0.205314,1,1,1,0.333242,0.14324,0.01,2.036644,0.845354,3.933985,-2.542264,4.131292,True,0.002813,0.154608,sample_0017_real_19661.json,VGG,Psychoacoustic,VGG | Psychoacoustic,C:\Users\domin\Downloads\jsony\jsony\pertubacje\vggish,,,,,,,,,,,1,0.204646,0.204646,0.499332,0.294686,0.204646,0.589372,0,0,0,0.333242,0.14324,0.666758,0.85676,0.761759,1,1,1,1,0.29618399999999995,0.845354,0.73349625,0.36443400000000004,0.8262584000000001,,0.6131453299999999,1,1,1,1,1,0,0,0.761759,0.46706897343546994,0.2752773750116098,0
17,real_20757,0,real,0,0.0,0,2e-06,1,1,1,0.412783,0.172071,0.01,4.468682,0.952427,4.528693,-0.88729,4.405563,True,0.000642,0.116917,sample_0017_real_20757.json,VGG,Psychoacoustic,VGG | Psychoacoustic,C:\Users\domin\Downloads\jsony\jsony\pertubacje\vggish,,,,,,,,,,,1,2e-06,2e-06,0.5,0.499998,2.000000000002e-06,0.999996,0,0,0,0.412783,0.172071,0.587217,0.827929,0.707573,0,1,1,0,0.991052,0.952427,0.8821732499999999,0.7781775,0.8811126,,0.8969884699999999,0,1,1,0,0,1,0,0.707573,0.63468482268331,0.6346822839440193,0
18,fake_14886_suno_0,1,fake,1,1.0,1,1.0,1,1,1,0.089765,0.684023,0.01,4.400431,0.999662,5.0,-0.039073,4.988731,True,0.315045,0.675814,sample_0018_fake_14886_suno_0.json,VGG,Psychoacoustic,VGG | Psychoacoustic,C:\Users\domin\Downloads\jsony\jsony\pertubacje\vggish,,,,,,,,,,,1,0.0,0.0,0.5,0.5,0.0,1.0,0,0,0,0.089765,0.684023,0.910235,0.31597699999999995,0.6131059999999999,1,0,1,0,0.9715517142857143,0.999662,1.0,0.99023175,0.9977461999999999,,0.9918383328571428,1,0,1,0,0,1,0,0.6131059999999999,0.6081020329047113,0.6081020329047113,0
18,fake_42122_suno_1,1,fake,1,1.0,1,1.0,1,1,1,0.02171,0.822017,0.01,4.569995,0.999376,4.998941,-0.06153,4.983357,True,0.947328,0.749318,sample_0018_fake_42122_suno_1.json,VGG,Psychoacoustic,VGG | Psychoacoustic,C:\Users\domin\Downloads\jsony\jsony\pertubacje\vggish,,,,,,,,,,,1,0.0,0.0,0.5,0.5,0.0,1.0,0,0,0,0.02171,0.822017,0.97829,0.177983,0.5781365,1,0,1,0,1.0,0.999376,0.9997352500000001,0.9846175,0.9966714,,0.9960800300000001,1,0,1,0,0,1,0,0.5781365,0.5758702222640951,0.5758702222640951,0
18,real_11244,0,real,0,0.0,0,0.0,1,1,1,0.440152,0.087562,0.01,,0.996848,4.958271,-3.961238,4.920121,True,0.00029,0.090522,sample_0018_real_11244.json,VGG,Psychoacoustic,VGG | Psychoacoustic,C:\Users\domin\Downloads\jsony\jsony\pertubacje\vggish,,,,,,,,,,,1,0.0,0.0,0.5,0.5,0.0,1.0,0,0,0,0.440152,0.087562,0.559848,0.912438,0.736143,0,1,1,0,,0.996848,0.98956775,0.009690500000000046,0.9840242,,0.7450326125,0,1,1,0,0,0,0,0.736143,0.5484505424635875,0.5484505424635875,0
18,real_19119,0,real,0,1e-06,0,0.0,1,1,1,0.339096,0.174213,0.01,4.423817,0.942085,4.71445,-3.084327,4.400374,True,0.005668,0.132932,sample_0018_real_19119.json,VGG,Psychoacoustic,VGG | Psychoacoustic,C:\Users\domin\Downloads\jsony\jsony\pertubacje\vggish,,,,,,,,,,,1,-1e-06,1e-06,0.499999,0.5,-9.999999999732445e-07,1.0,0,0,0,0.339096,0.174213,0.6609039999999999,0.825787,0.7433455,1,1,1,1,0.9782334285714285,0.942085,0.9286125000000001,0.22891825,0.8800748,,0.7915847957142857,1,1,1,1,1,1,1,0.7433455,0.5884209957626336,0.5884209957626336,0
19,fake_06014_udio_0,1,fake,1,0.999996,1,0.999996,1,1,1,0.326256,0.228278,0.01,,0.999894,4.999645,-0.040173,4.832577,True,0.223508,0.232118,sample_0019_fake_06014_udio_0.json,VGG,Psychoacoustic,VGG | Psychoacoustic,C:\Users\domin\Downloads\jsony\jsony\pertubacje\vggish,,,,,,,,,,,1,0.0,0.0,0.499996,0.499996,0.0,0.999992,0,0,0,0.326256,0.228278,0.673744,0.771722,0.7227330000000001,1,1,1,1,,0.999894,0.99991125,0.98995675,0.9665153999999999,,0.9890693500000001,1,1,1,1,1,0,0,0.7227330000000001,0.7148330585335502,0.7148273398690819,0
19,fake_32764_suno_0,1,fake,1,1.0,1,1.0,1,1,1,0.028278,0.738912,0.01,4.643888,1.0,5.0,0.0,5.0,True,0.983533,0.839623,sample_0019_fake_32764_suno_0.json,VGG,Psychoacoustic,VGG | Psychoacoustic,C:\Users\domin\Downloads\jsony\jsony\pertubacje\vggish,,,,,,,,,,,1,0.0,0.0,0.5,0.5,0.0,1.0,0,0,0,0.028278,0.738912,0.971722,0.261088,0.616405,1,0,1,0,1.0,1.0,1.0,1.0,1.0,,1.0,1,0,1,0,0,1,0,0.616405,0.616405,0.616405,0
19,real_06824,0,real,0,0.047683,0,0.0,1,1,1,0.228466,0.275182,0.01,3.579241,0.974235,4.244635,-2.000301,3.578283,True,0.656852,0.423646,sample_0019_real_06824.json,VGG,Psychoacoustic,VGG | Psychoacoustic,C:\Users\domin\Downloads\jsony\jsony\pertubacje\vggish,,,,,,,,,,,1,-0.047683,0.047683,0.45231699999999997,0.5,-0.04768300000000003,1.0,0,0,0,0.228466,0.275182,0.7715339999999999,0.724818,0.748176,1,1,1,1,0.7369260000000001,0.974235,0.8111587499999999,0.49992475000000003,0.7156566,,0.74758022,1,1,1,1,1,1,1,0.748176,0.55932157867872,0.55932157867872,0
19,real_09833,0,real,0,0.121693,0,0.121693,1,1,1,0.484638,0.133485,0.01,,0.0,,0.0,5.0,True,0.014532,0.141245,sample_0019_real_09833.json,VGG,Psychoacoustic,VGG | Psychoacoustic,C:\Users\domin\Downloads\jsony\jsony\pertubacje\vggish,,,,,,,,,,,1,0.0,0.0,0.378307,0.378307,0.0,0.756614,0,0,0,0.484638,0.133485,0.515362,0.866515,0.6909385,0,1,1,0,,0.0,,1.0,1.0,,0.6666666666666666,0,1,1,0,0,0,0,0.6909385,0.46062566666666666,0.34851582815933335,0
20,fake_09727_udio_1,1,fake,1,1.0,1,1.0,1,1,1,0.084943,0.485196,0.01,4.556473,0.999836,4.99995,-0.04169,4.975787,True,0.059974,0.386725,sample_0020_fake_09727_udio_1.json,VGG,Psychoacoustic,VGG | Psychoacoustic,C:\Users\domin\Downloads\jsony\jsony\pertubacje\vggish,,,,,,,,,,,1,0.0,0.0,0.5,0.5,0.0,1.0,0,0,0,0.084943,0.485196,0.915057,0.514804,0.7149305,1,0,1,0,1.0,0.999836,0.9999875,0.9895775,0.9951574000000001,,0.99691168,1,0,1,0,0,1,0,0.7149305,0.71272256583824,0.71272256583824,0
20,fake_41199_suno_0,1,fake,1,1.0,1,1.0,1,1,1,0.079599,0.718193,0.01,4.643888,1.0,5.0,0.0,5.0,True,0.010897,0.683193,sample_0020_fake_41199_suno_0.json,VGG,Psychoacoustic,VGG | Psychoacoustic,C:\Users\domin\Downloads\jsony\jsony\pertubacje\vggish,,,,,,,,,,,1,0.0,0.0,0.5,0.5,0.0,1.0,0,0,0,0.079599,0.718193,0.920401,0.28180700000000003,0.6011040000000001,1,0,1,0,1.0,1.0,1.0,1.0,1.0,,1.0,1,0,1,0,0,1,0,0.6011040000000001,0.6011040000000001,0.6011040000000001,0
20,real_00193,0,real,0,0.000629,0,3e-06,1,1,1,0.533244,0.168653,0.01,4.436346,0.963823,4.522075,-0.700336,4.260658,True,5.8e-05,0.088758,sample_0020_real_00193.json,VGG,Psychoacoustic,VGG | Psychoacoustic,C:\Users\domin\Downloads\jsony\jsony\pertubacje\vggish,,,,,,,,,,,1,-0.000626,0.000626,0.499371,0.499997,-0.0006260000000000154,0.999994,0,0,0,0.533244,0.168653,0.46675599999999995,0.8313470000000001,0.6490515,0,1,1,0,0.9818131428571429,0.963823,0.88051875,0.824916,0.8521316000000001,,0.9006404985714285,0,1,1,0,0,1,0,0.6490515,0.5845620665585335,0.5845585591861342,0
20,real_06651,0,real,0,1.1e-05,0,0.0,1,1,1,0.443472,0.144686,0.01,1.177723,0.442111,2.444764,-3.488789,2.700349,True,5e-05,0.112427,sample_0020_real_06651.json,VGG,Psychoacoustic,VGG | Psychoacoustic,C:\Users\domin\Downloads\jsony\jsony\pertubacje\vggish,,,,,,,,,,,1,-1.1e-05,1.1e-05,0.499989,0.5,-1.0999999999983245e-05,1.0,0,0,0,0.443472,0.144686,0.556528,0.855314,0.705921,0,1,1,0,0.050778000000000025,0.442111,0.36119100000000004,0.12780274999999996,0.5400698,,0.30439051,0,1,1,0,0,0,0,0.705921,0.21487565320971,0.21487565320971,0
21,fake_07770_udio_0,1,fake,1,0.99999,1,0.999992,1,1,1,0.067411,0.205894,0.01,4.483457,0.999821,4.87664,-0.180532,4.551283,True,0.373463,0.624125,sample_0021_fake_07770_udio_0.json,VGG,Psychoacoustic,VGG | Psychoacoustic,C:\Users\domin\Downloads\jsony\jsony\pertubacje\vggish,,,,,,,,,,,1,1.999999999946489e-06,1.999999999946489e-06,0.49999000000000005,0.499992,-1.999999999946489e-06,0.999984,0,0,0,0.067411,0.205894,0.932589,0.794106,0.8633474999999999,1,1,1,1,0.9952734285714284,0.999821,0.96916,0.954867,0.9102566,,0.9658756057142858,1,1,1,1,1,1,1,0.8633474999999999,0.8338862895044142,0.8338729473237821,0
21,fake_19538_udio_0,1,fake,1,0.99994,1,0.999942,1,1,1,0.152912,0.270944,0.01,4.492682,0.999768,4.903097,-0.044664,4.498355,True,0.680633,0.48838,sample_0021_fake_19538_udio_0.json,VGG,Psychoacoustic,VGG | Psychoacoustic,C:\Users\domin\Downloads\jsony\jsony\pertubacje\vggish,,,,,,,,,,,1,1.999999999946489e-06,1.999999999946489e-06,0.49994000000000005,0.499942,-1.999999999946489e-06,0.999884,0,0,0,0.152912,0.270944,0.8470880000000001,0.7290559999999999,0.788072,1,1,1,1,0.9979091428571429,0.999768,0.97577425,0.988834,0.899671,,0.9723912785714285,1,1,1,1,1,1,1,0.788072,0.7663143396863428,0.7662254472229392,0
21,fake_23884_suno_1,1,fake,1,1.0,1,1.0,1,1,1,0.052818,0.543642,0.01,4.643888,1.0,5.0,0.0,5.0,True,0.330147,0.600076,sample_0021_fake_23884_suno_1.json,VGG,Psychoacoustic,VGG | Psychoacoustic,C:\Users\domin\Downloads\jsony\jsony\pertubacje\vggish,,,,,,,,,,,1,0.0,0.0,0.5,0.5,0.0,1.0,0,0,0,0.052818,0.543642,0.947182,0.45635800000000004,0.70177,1,0,1,0,1.0,1.0,1.0,1.0,1.0,,1.0,1,0,1,0,0,1,0,0.70177,0.70177,0.70177,0
21,real_01021,0,real,0,0.0,0,0.0,1,1,1,0.525911,0.196183,0.01,4.285009,0.962974,4.43358,-0.871611,4.248574,True,0.000442,0.088671,sample_0021_real_01021.json,VGG,Psychoacoustic,VGG | Psychoacoustic,C:\Users\domin\Downloads\jsony\jsony\pertubacje\vggish,,,,,,,,,,,1,0.0,0.0,0.5,0.5,0.0,1.0,0,0,0,0.525911,0.196183,0.474089,0.803817,0.638953,0,1,1,0,0.9385739999999999,0.962974,0.858395,0.78209725,0.8497147999999999,,0.8783510099999999,0,1,1,0,0,1,0,0.638953,0.5612250128925299,0.5612250128925299,0
22,fake_12630_suno_1,1,fake,1,1.0,1,1.0,1,1,1,0.070201,0.497561,0.01,4.576937,0.999982,4.999996,-0.018364,4.997822,True,0.236633,0.540632,sample_0022_fake_12630_suno_1.json,VGG,Psychoacoustic,VGG | Psychoacoustic,C:\Users\domin\Downloads\jsony\jsony\pertubacje\vggish,,,,,,,,,,,1,0.0,0.0,0.5,0.5,0.0,1.0,0,0,0,0.070201,0.497561,0.929799,0.5024390000000001,0.7161190000000001,1,0,1,0,1.0,0.999982,0.9999990000000001,0.995409,0.9995644,,0.99899088,1,0,1,0,0,1,0,0.7161190000000001,0.7153963499947201,0.7153963499947201,0
22,fake_23853_udio_1,1,fake,1,0.997012,1,0.998227,1,1,1,0.121552,0.262175,0.01,4.518982,0.999706,4.974249,-0.069682,4.833954,True,0.402187,0.470633,sample_0022_fake_23853_udio_1.json,VGG,Psychoacoustic,VGG | Psychoacoustic,C:\Users\domin\Downloads\jsony\jsony\pertubacje\vggish,,,,,,,,,,,1,0.001214999999999966,0.001214999999999966,0.497012,0.498227,-0.001214999999999966,0.996454,0,0,0,0.121552,0.262175,0.878448,0.737825,0.8081365,1,1,1,1,1.0,0.999706,0.9935622500000001,0.9825795,0.9667908000000001,,0.98852771,1,1,1,1,1,1,1,0.8081365,0.798865323712415,0.7960325472745308,0
22,fake_37097_udio_0,1,fake,1,1.0,1,1.0,1,1,1,0.065905,0.31113,0.01,4.400284,0.997021,4.918038,-0.232762,4.558987,True,0.999295,0.581542,sample_0022_fake_37097_udio_0.json,VGG,Psychoacoustic,VGG | Psychoacoustic,C:\Users\domin\Downloads\jsony\jsony\pertubacje\vggish,,,,,,,,,,,1,0.0,0.0,0.5,0.5,0.0,1.0,0,0,0,0.065905,0.31113,0.934095,0.68887,0.8114825,1,0,1,0,0.9715097142857143,0.997021,0.9795095,0.9418095,0.9117974,,0.9603294228571428,1,0,1,0,0,1,0,0.8114825,0.7792905208836715,0.7792905208836715,0
22,fake_52861_suno_1,1,fake,1,1.0,1,1.0,1,1,1,0.043869,0.554656,0.01,4.57722,0.999523,5.0,-0.026148,4.995389,True,0.761309,0.639602,sample_0022_fake_52861_suno_1.json,VGG,Psychoacoustic,VGG | Psychoacoustic,C:\Users\domin\Downloads\jsony\jsony\pertubacje\vggish,,,,,,,,,,,1,0.0,0.0,0.5,0.5,0.0,1.0,0,0,0,0.043869,0.554656,0.956131,0.44534399999999996,0.7007375,1,0,1,0,1.0,0.999523,1.0,0.993463,0.9990778,,0.9984127600000001,1,0,1,0,0,1,0,0.7007375,0.6996252614105001,0.6996252614105001,0
23,fake_31014_suno_0,1,fake,1,1.0,1,1.0,1,1,1,0.036136,0.487884,0.01,4.630702,1.0,4.999999,-0.000198,5.0,True,0.441632,0.597725,sample_0023_fake_31014_suno_0.json,VGG,Psychoacoustic,VGG | Psychoacoustic,C:\Users\domin\Downloads\jsony\jsony\pertubacje\vggish,,,,,,,,,,,1,0.0,0.0,0.5,0.5,0.0,1.0,0,0,0,0.036136,0.487884,0.963864,0.512116,0.73799,1,0,1,0,1.0,1.0,0.99999975,0.9999505,1.0,,0.9999900499999999,1,0,1,0,0,1,0,0.73799,0.7379826569994999,0.7379826569994999,0
23,fake_44098_suno_0,1,fake,1,1.0,1,1.0,1,1,1,0.016108,0.872629,0.01,4.582941,0.999941,4.999067,-0.025077,4.996301,True,0.239838,0.763974,sample_0023_fake_44098_suno_0.json,VGG,Psychoacoustic,VGG | Psychoacoustic,C:\Users\domin\Downloads\jsony\jsony\pertubacje\vggish,,,,,,,,,,,1,0.0,0.0,0.5,0.5,0.0,1.0,0,0,0,0.016108,0.872629,0.983892,0.127371,0.5556315000000001,1,0,1,0,1.0,0.999941,0.99976675,0.99373075,0.9992601999999999,,0.99853974,1,0,1,0,0,1,0,0.5556315000000001,0.5548201335458101,0.5548201335458101,0
23,real_01192,0,real,0,0.0,0,0.0,1,1,1,0.243575,0.208834,0.01,1.633594,0.838142,3.404568,-3.986623,2.615532,True,0.287711,0.339952,sample_0023_real_01192.json,VGG,Psychoacoustic,VGG | Psychoacoustic,C:\Users\domin\Downloads\jsony\jsony\pertubacje\vggish,,,,,,,,,,,1,0.0,0.0,0.5,0.5,0.0,1.0,0,0,0,0.243575,0.208834,0.756425,0.791166,0.7737955000000001,1,1,1,1,0.18102685714285713,0.838142,0.601142,0.0033442500000000486,0.5231064,,0.42935230142857145,1,1,1,1,1,0,0,0.7737955000000001,0.3322308787600722,0.3322308787600722,0
23,real_09723,0,real,0,0.006759,0,0.0,1,1,1,0.166532,0.283804,0.01,3.616116,0.994093,4.427545,-3.238821,3.845138,True,0.13385,0.328289,sample_0023_real_09723.json,VGG,Psychoacoustic,VGG | Psychoacoustic,C:\Users\domin\Downloads\jsony\jsony\pertubacje\vggish,,,,,,,,,,,1,-0.006759,0.006759,0.493241,0.5,-0.006759000000000015,1.0,0,0,0,0.166532,0.283804,0.833468,0.716196,0.774832,1,1,1,1,0.7474617142857143,0.994093,0.8568862500000001,0.19029474999999996,0.7690276,,0.7115526628571429,1,1,1,1,1,1,1,0.774832,0.5513337728669258,0.5513337728669258,0
24,fake_05418_udio_0,1,fake,1,1.0,1,1.0,1,1,1,0.068791,0.455993,0.01,4.566835,0.999995,4.996159,-0.030957,4.896427,True,0.993563,0.61409,sample_0024_fake_05418_udio_0.json,VGG,Psychoacoustic,VGG | Psychoacoustic,C:\Users\domin\Downloads\jsony\jsony\pertubacje\vggish,,,,,,,,,,,1,0.0,0.0,0.5,0.5,0.0,1.0,0,0,0,0.068791,0.455993,0.931209,0.544007,0.737608,1,0,1,0,1.0,0.999995,0.9990397499999999,0.99226075,0.9792854,,0.99411618,1,0,1,0,0,1,0,0.737608,0.7332680472974401,0.7332680472974401,0
24,fake_23504_suno_1,1,fake,1,1.0,1,1.0,1,1,1,0.048799,0.478024,0.01,4.500621,0.999442,4.967135,-0.100229,4.966699,True,0.119551,0.652741,sample_0024_fake_23504_suno_1.json,VGG,Psychoacoustic,VGG | Psychoacoustic,C:\Users\domin\Downloads\jsony\jsony\pertubacje\vggish,,,,,,,,,,,1,0.0,0.0,0.5,0.5,0.0,1.0,0,0,0,0.048799,0.478024,0.951201,0.521976,0.7365885,1,0,1,0,1.0,0.999442,0.99178375,0.97494275,0.9933398,,0.9919016599999999,1,0,1,0,0,1,0,0.7365885,0.73062335588691,0.73062335588691,0
24,fake_26293_suno_0,1,fake,1,1.0,1,1.0,1,1,1,0.083677,0.547898,0.01,4.643888,1.0,5.0,0.0,5.0,True,0.903644,0.553841,sample_0024_fake_26293_suno_0.json,VGG,Psychoacoustic,VGG | Psychoacoustic,C:\Users\domin\Downloads\jsony\jsony\pertubacje\vggish,,,,,,,,,,,1,0.0,0.0,0.5,0.5,0.0,1.0,0,0,0,0.083677,0.547898,0.916323,0.452102,0.6842125,1,0,1,0,1.0,1.0,1.0,1.0,1.0,,1.0,1,0,1,0,0,1,0,0.6842125,0.6842125,0.6842125,0
24,real_07293,0,real,1,0.856314,1,0.999979,0,0,1,0.335394,0.101423,0.01,3.491872,0.877402,3.381587,-3.984107,2.551772,True,0.000392,0.101319,sample_0024_real_07293.json,VGG,Psychoacoustic,VGG | Psychoacoustic,C:\Users\domin\Downloads\jsony\jsony\pertubacje\vggish,,,,,,,,,,,1,0.14366499999999993,0.14366499999999993,0.356314,0.49997899999999995,-0.14366499999999993,0.9999579999999999,0,0,0,0.335394,0.101423,0.664606,0.898577,0.7815915,1,1,1,1,0.7119634285714286,0.877402,0.59539675,0.003973250000000039,0.5103544,,0.5398179657142856,1,1,1,1,1,1,1,0.7815915,0.4219171335495771,0.421899413029968,0
0,fake_26837_udio_0,1,fake,1,0.504763,1,0.657422,1,1,1,0.522204,0.12568,0.01,1.770915,0.98858,3.201568,-3.993097,2.557307,True,0.00049,0.080616,sample_0000_fake_26837_udio_0.json,VGG,PGD,VGG | PGD,C:\Users\domin\Downloads\jsony\jsony\pgd\vggish,0.163605,,,,,,,,0.473679,0.198975,1,0.152659,0.152659,0.004762999999999962,0.15742199999999995,-0.152659,0.3148439999999999,0,0,0,0.522204,0.12568,0.477796,0.87432,0.676058,0,1,1,0,0.22026142857142858,0.98858,0.550392,0.0017257499999999704,0.5114614000000001,0.836395,0.5181359297619047,0,1,1,0,0,0,0,0.676058,0.3502899404029738,0.11028668599623384,0
0,fake_49482_udio_1,1,fake,1,1.0,1,1.0,1,1,0,0.514721,0.214773,0.01,2.098418,0.948028,3.485448,-3.650422,3.28973,True,0.003853,0.124953,sample_0000_fake_49482_udio_1.json,VGG,PGD,VGG | PGD,C:\Users\domin\Downloads\jsony\jsony\pgd\vggish,0.16983,,,,,,,,0.466709,0.463318,1,0.0,0.0,0.5,0.5,0.0,1.0,0,0,0,0.514721,0.214773,0.485279,0.785227,0.6352530000000001,0,1,1,0,0.3138337142857143,0.948028,0.621362,0.08739450000000004,0.657946,0.83017,0.5764557023809523,0,1,1,0,0,0,0,0.6352530000000001,0.36619521430460716,0.36619521430460716,0
0,fake_51339_udio_0,1,fake,1,1.0,1,1.0,1,1,1,0.514128,0.15231,0.01,,0.977106,4.092404,-3.947995,3.3441,True,0.002114,0.097308,sample_0000_fake_51339_udio_0.json,VGG,PGD,VGG | PGD,C:\Users\domin\Downloads\jsony\jsony\pgd\vggish,0.105632,,,,,,,,0.496179,0.401276,1,0.0,0.0,0.5,0.5,0.0,1.0,0,0,0,0.514128,0.15231,0.48587199999999997,0.84769,0.6667810000000001,0,1,1,0,,0.977106,0.773101,0.013001249999999964,0.66882,0.894368,0.66527925,0,1,1,0,0,0,0,0.6667810000000001,0.44359556359425006,0.44359556359425006,0
0,real_12540,0,real,0,0.255203,0,0.323366,1,1,1,0.466374,0.060056,0.01,1.227602,0.95363,1.990748,-3.743176,2.563038,True,0.000507,0.089601,sample_0000_real_12540.json,VGG,PGD,VGG | PGD,C:\Users\domin\Downloads\jsony\jsony\pgd\vggish,0.935508,,,,,,,,0.684338,0.830444,1,0.06816299999999997,0.06816299999999997,0.244797,0.176634,0.06816299999999997,0.353268,0,0,0,0.466374,0.060056,0.5336259999999999,0.939944,0.736785,0,1,1,0,0.06502914285714288,0.95363,0.247687,0.06420599999999999,0.5126076,0.064492,0.31794195714285717,0,1,1,0,0,0,0,0.736785,0.23425486489350003,0.08275474761119697,0
1,fake_48933_suno_1,1,fake,1,1.0,1,1.0,1,1,1,0.42705,0.064965,0.01,3.013007,0.923342,4.0143,-2.719172,3.181388,True,0.001988,0.099582,sample_0001_fake_48933_suno_1.json,VGG,PGD,VGG | PGD,C:\Users\domin\Downloads\jsony\jsony\pgd\vggish,0.203125,,,,,,,,0.914681,0.188467,1,0.0,0.0,0.5,0.5,0.0,1.0,0,0,0,0.42705,0.064965,0.5729500000000001,0.9350350000000001,0.7539925000000001,0,1,1,0,0.5751448571428571,0.923342,0.7535750000000001,0.320207,0.6362776,0.796875,0.6675702428571428,0,1,1,0,0,1,0,0.7539925000000001,0.5033429563374643,0.5033429563374643,0
1,fake_50028_suno_1,1,fake,1,1.0,1,1.0,1,1,1,0.448563,0.084966,0.01,2.05562,0.97934,3.585501,-3.056618,2.59022,True,0.000181,0.091941,sample_0001_fake_50028_suno_1.json,VGG,PGD,VGG | PGD,C:\Users\domin\Downloads\jsony\jsony\pgd\vggish,0.137746,,,,,,,,0.673963,0.118595,1,0.0,0.0,0.5,0.5,0.0,1.0,0,0,0,0.448563,0.084966,0.551437,0.915034,0.7332354999999999,0,1,1,0,0.3016057142857142,0.97934,0.64637525,0.23584550000000004,0.518044,0.862254,0.5905774107142857,0,1,1,0,0,0,0,0.7332354999999999,0.4330323230337946,0.4330323230337946,0
1,real_03147,0,real,0,0.000202,0,0.00048,1,1,1,0.451302,0.077778,0.01,3.555466,0.997837,4.447384,-1.963793,3.395966,True,0.0019,0.069843,sample_0001_real_03147.json,VGG,PGD,VGG | PGD,C:\Users\domin\Downloads\jsony\jsony\pgd\vggish,0.128269,,,,,,,,0.612814,0.886292,1,0.00027800000000000004,0.00027800000000000004,0.499798,0.49952,0.00027800000000000047,0.99904,0,0,0,0.451302,0.077778,0.548698,0.922222,0.73546,0,1,1,0,0.7301331428571428,0.997837,0.8618459999999999,0.50905175,0.6791932,0.871731,0.774965348809524,0,1,1,0,0,1,0,0.73546,0.5699560154354525,0.5694088576606344,0
1,real_03751,0,real,0,0.0,0,0.0,1,1,0,0.478149,0.053857,0.01,2.361564,0.975112,4.022402,-3.542802,3.211859,True,0.000267,0.069936,sample_0001_real_03751.json,VGG,PGD,VGG | PGD,C:\Users\domin\Downloads\jsony\jsony\pgd\vggish,0.172897,,,,,,,,0.65529,0.172691,1,0.0,0.0,0.5,0.5,0.0,1.0,0,0,0,0.478149,0.053857,0.5218510000000001,0.946143,0.733997,0,1,1,0,0.3890182857142857,0.975112,0.7556004999999999,0.1142995,0.6423718,0.827103,0.6172508476190476,0,1,1,0,0,0,0,0.733997,0.4530602703998381,0.4530602703998381,0
2,real_00577,0,real,0,0.000129,0,0.000382,1,1,0,0.440602,0.046407,0.01,1.93279,0.937451,3.439262,-3.995387,2.444356,True,0.000146,0.095336,sample_0002_real_00577.json,VGG,PGD,VGG | PGD,C:\Users\domin\Downloads\jsony\jsony\pgd\vggish,0.212461,,,,,,,,0.618689,0.184734,1,0.000253,0.000253,0.499871,0.499618,0.0002530000000000032,0.999236,0,0,0,0.440602,0.046407,0.5593980000000001,0.953593,0.7564955,0,1,1,0,0.26651142857142857,0.937451,0.6098155,0.0011532499999999946,0.4888712,0.787539,0.5152235630952381,0,1,1,0,0,0,0,0.7564955,0.3897643069755137,0.3894665270449844,0
2,real_03067,0,real,0,1e-06,0,0.0,1,1,0,0.513205,0.097398,0.01,4.129457,0.99924,4.876213,-1.368863,4.414457,True,0.022386,0.066254,sample_0002_real_03067.json,VGG,PGD,VGG | PGD,C:\Users\domin\Downloads\jsony\jsony\pgd\vggish,0.039301,,,,,,,,0.523268,0.489502,1,-1e-06,1e-06,0.499999,0.5,-9.999999999732445e-07,1.0,0,0,0,0.513205,0.097398,0.486795,0.902602,0.6946985,0,1,1,0,0.8941305714285716,0.99924,0.96905325,0.65778425,0.8828913999999999,0.960699,0.893966411904762,0,1,1,0,0,1,0,0.6946985,0.6210371254006203,0.6210371254006203,0
2,real_03464,0,real,0,7.9e-05,0,0.000488,1,1,0,0.472972,0.102226,0.01,1.893801,0.858752,2.888066,-3.995735,2.694119,True,0.000148,0.084435,sample_0002_real_03464.json,VGG,PGD,VGG | PGD,C:\Users\domin\Downloads\jsony\jsony\pgd\vggish,0.311392,,,,,,,,0.610011,0.772034,1,0.00040899999999999997,0.00040899999999999997,0.499921,0.499512,0.0004089999999999927,0.999024,0,0,0,0.472972,0.102226,0.527028,0.897774,0.7124010000000001,0,1,1,0,0.2553717142857143,0.858752,0.47201649999999995,0.0010662500000000463,0.5388238000000001,0.688608,0.46910637738095234,0,1,1,0,0,0,0,0.7124010000000001,0.3341918523525679,0.3338656811046718,0
2,real_03705,0,real,0,0.0,0,0.0,1,1,0,0.498282,0.065209,0.01,3.45589,0.987636,4.181641,-3.250349,3.935917,True,0.001722,0.069794,sample_0002_real_03705.json,VGG,PGD,VGG | PGD,C:\Users\domin\Downloads\jsony\jsony\pgd\vggish,0.119393,,,,,,,,0.699132,0.407181,1,0.0,0.0,0.5,0.5,0.0,1.0,0,0,0,0.498282,0.065209,0.501718,0.934791,0.7182545,0,1,1,0,0.7016828571428572,0.987636,0.79541025,0.18741275000000002,0.7871834,0.880607,0.7233220428571429,0,1,1,0,0,1,0,0.7182545,0.5195293122313357,0.5195293122313357,0
3,fake_16796_suno_1,1,fake,1,1.0,1,1.0,1,1,1,0.524557,0.102085,0.01,4.492625,0.998207,4.970269,-0.457216,4.96706,True,0.000698,0.077201,sample_0003_fake_16796_suno_1.json,VGG,PGD,VGG | PGD,C:\Users\domin\Downloads\jsony\jsony\pgd\vggish,0.0105,,,,,,,,0.464389,1.075317,1,0.0,0.0,0.5,0.5,0.0,1.0,0,0,0,0.524557,0.102085,0.47544299999999995,0.897915,0.686679,0,1,1,0,0.9978928571428572,0.998207,0.99256725,0.885696,0.993412,0.9895,0.9762125178571429,0,1,1,0,0,1,0,0.686679,0.6703446355496251,0.6703446355496251,0
3,fake_35261_suno_1,1,fake,1,1.0,1,1.0,1,1,1,0.47459,0.08707,0.01,3.452239,0.989173,4.549727,-1.76806,3.972446,True,0.004613,0.085308,sample_0003_fake_35261_suno_1.json,VGG,PGD,VGG | PGD,C:\Users\domin\Downloads\jsony\jsony\pgd\vggish,0.047412,,,,,,,,0.793184,0.22678,1,0.0,0.0,0.5,0.5,0.0,1.0,0,0,0,0.47459,0.08707,0.5254099999999999,0.91293,0.71917,0,1,1,0,0.7006397142857143,0.989173,0.88743175,0.557985,0.7944892,0.952588,0.8137177773809524,0,1,1,0,0,1,0,0.71917,0.5852014139590596,0.5852014139590596,0
3,fake_51789_suno_0,1,fake,1,1.0,1,1.0,1,1,1,0.449842,0.0535,0.01,1.935965,0.951016,3.664613,-3.269853,2.606105,True,0.001481,0.123197,sample_0003_fake_51789_suno_0.json,VGG,PGD,VGG | PGD,C:\Users\domin\Downloads\jsony\jsony\pgd\vggish,0.268097,,,,,,,,0.724809,0.101702,1,0.0,0.0,0.5,0.5,0.0,1.0,0,0,0,0.449842,0.0535,0.5501579999999999,0.9465,0.748329,0,1,1,0,0.2674185714285714,0.951016,0.66615325,0.18253675000000003,0.5212209999999999,0.731903,0.5533747619047619,0,1,1,0,0,0,0,0.748329,0.41410638220142854,0.41410638220142854,0
3,real_06031,0,real,0,1e-06,0,0.0,1,1,0,0.489839,0.067883,0.01,2.455528,0.851113,3.317943,-3.990165,2.99495,True,4.9e-05,0.084937,sample_0003_real_06031.json,VGG,PGD,VGG | PGD,C:\Users\domin\Downloads\jsony\jsony\pgd\vggish,0.190418,,,,,,,,0.668872,0.495697,1,-1e-06,1e-06,0.499999,0.5,-9.999999999732445e-07,1.0,0,0,0,0.489839,0.067883,0.510161,0.932117,0.721139,0,1,1,0,0.4158651428571429,0.851113,0.57948575,0.002458749999999954,0.5989899999999999,0.809582,0.5429157738095238,0,1,1,0,0,0,0,0.721139,0.3915177382092262,0.3915177382092262,0
4,fake_02193_udio_1,1,fake,1,1.0,1,1.0,1,1,0,0.523069,0.143501,0.01,2.022028,0.986062,3.116922,-3.9935,2.959209,True,0.001436,0.110866,sample_0004_fake_02193_udio_1.json,VGG,PGD,VGG | PGD,C:\Users\domin\Downloads\jsony\jsony\pgd\vggish,0.303073,,,,,,,,0.532461,0.215851,1,0.0,0.0,0.5,0.5,0.0,1.0,0,0,0,0.523069,0.143501,0.476931,0.856499,0.666715,0,1,1,0,0.29200800000000005,0.986062,0.5292305,0.0016249999999999876,0.5918418,0.6969270000000001,0.5162823833333333,0,1,1,0,0,0,0,0.666715,0.34421320920408327,0.34421320920408327,0
4,fake_27504_udio_1,1,fake,1,1.0,1,1.0,1,1,1,0.449766,0.093723,0.01,4.088714,0.997632,4.961481,-0.826083,4.702653,True,0.000371,0.09351,sample_0004_fake_27504_udio_1.json,VGG,PGD,VGG | PGD,C:\Users\domin\Downloads\jsony\jsony\pgd\vggish,0.0245,,,,,,,,0.47772,1.297974,1,0.0,0.0,0.5,0.5,0.0,1.0,0,0,0,0.449766,0.093723,0.550234,0.906277,0.7282555,0,1,1,0,0.8824897142857144,0.997632,0.99037025,0.79347925,0.9405306,0.9755,0.9300003023809524,0,1,1,0,0,1,0,0.7282555,0.6772778352105917,0.6772778352105917,0
4,real_12407,0,real,0,0.017894,0,0.002491,1,1,0,0.480406,0.053184,0.01,1.977291,0.525596,2.122776,-3.742025,2.563837,True,0.009841,0.069467,sample_0004_real_12407.json,VGG,PGD,VGG | PGD,C:\Users\domin\Downloads\jsony\jsony\pgd\vggish,0.37769,,,,,,,,0.796291,0.080026,1,-0.015403,0.015403,0.482106,0.497509,-0.015403,0.995018,0,0,0,0.480406,0.053184,0.519594,0.946816,0.733205,0,1,1,0,0.279226,0.525596,0.280694,0.06449375000000002,0.5127674,0.6223099999999999,0.3808478583333333,0,1,1,0,0,0,0,0.733205,0.2792395539692916,0.2778483825114166,0
4,real_19597,0,real,1,0.926315,1,0.967041,0,0,0,0.521133,0.075409,0.01,2.956428,0.80668,2.915281,-3.993571,2.843535,True,3e-05,0.05848,sample_0004_real_19597.json,VGG,PGD,VGG | PGD,C:\Users\domin\Downloads\jsony\jsony\pgd\vggish,0.361373,,,,,,,,0.714069,0.038045,1,0.04072600000000004,0.04072600000000004,0.426315,0.46704100000000004,-0.04072600000000004,0.9340820000000001,0,0,0,0.521133,0.075409,0.47886700000000004,0.9245909999999999,0.701729,0,1,1,0,0.5589794285714286,0.80668,0.47882024999999995,0.001607249999999949,0.5687070000000001,0.6386270000000001,0.5089034880952381,0,1,1,0,0,0,0,0.701729,0.3571123357975834,0.3335722048464783,0
5,fake_30244_udio_0,1,fake,1,0.998652,1,0.99878,1,1,0,0.486581,0.080884,0.01,3.589896,0.955394,4.223277,-3.986671,3.563152,True,0.000954,0.105682,sample_0005_fake_30244_udio_0.json,VGG,PGD,VGG | PGD,C:\Users\domin\Downloads\jsony\jsony\pgd\vggish,0.058286,,,,,,,,0.658275,0.503418,1,0.000128000000000017,0.000128000000000017,0.498652,0.49878,-0.000128000000000017,0.99756,0,0,0,0.486581,0.080884,0.5134190000000001,0.919116,0.7162675000000001,0,1,1,0,0.7399702857142857,0.955394,0.8058192500000001,0.0033322500000000366,0.7126304,0.941714,0.6931433642857142,0,1,1,0,0,1,0,0.7162675000000001,0.49647606467851785,0.49526466308070227,0
5,fake_40188_udio_1,1,fake,1,1.0,1,0.999999,1,1,0,0.506956,0.141957,0.01,,0.973759,4.328247,-2.736067,3.679179,True,0.003226,0.092826,sample_0005_fake_40188_udio_1.json,VGG,PGD,VGG | PGD,C:\Users\domin\Downloads\jsony\jsony\pgd\vggish,0.042102,,,,,,,,0.444078,0.671265,1,-1.0000000000287557e-06,1.0000000000287557e-06,0.5,0.49999899999999997,1.0000000000287557e-06,0.9999979999999999,0,0,0,0.506956,0.141957,0.49304400000000004,0.858043,0.6755435000000001,0,1,1,0,,0.973759,0.83206175,0.31598325000000005,0.7358358,0.957898,0.7631075600000001,0,1,1,0,0,0,0,0.6755435000000001,0.5155123519588601,0.5155113209341562,0
5,real_06308,0,real,0,0.0,0,0.0,1,1,1,0.474593,0.150004,0.01,3.122959,0.954552,4.168989,-2.676532,3.77661,True,0.001116,0.105078,sample_0005_real_06308.json,VGG,PGD,VGG | PGD,C:\Users\domin\Downloads\jsony\jsony\pgd\vggish,0.223036,,,,,,,,0.417676,0.515045,1,0.0,0.0,0.5,0.5,0.0,1.0,0,0,0,0.474593,0.150004,0.525407,0.849996,0.6877015,0,1,1,0,0.6065597142857142,0.954552,0.79224725,0.330867,0.7553219999999999,0.776964,0.702751994047619,0,1,1,0,0,1,0,0.6877015,0.48328360043453866,0.48328360043453866,0
5,real_11839,0,real,0,0.023311,0,0.010807,1,1,1,0.516336,0.100427,0.01,3.227458,0.962327,4.300406,-2.938557,3.862352,True,0.003774,0.098828,sample_0005_real_11839.json,VGG,PGD,VGG | PGD,C:\Users\domin\Downloads\jsony\jsony\pgd\vggish,0.066202,,,,,,,,0.34832,0.450012,1,-0.012503999999999998,0.012503999999999998,0.47668900000000003,0.489193,-0.01250399999999996,0.978386,0,0,0,0.516336,0.100427,0.483664,0.899573,0.6916184999999999,0,1,1,0,0.6364165714285714,0.962327,0.8251014999999999,0.26536075000000003,0.7724704,0.933798,0.7325790369047619,0,1,1,0,0,1,0,0.6916184999999999,0.506665214635516,0.4957141526863839,0
6,fake_41087_udio_1,1,fake,1,0.816809,0,0.464144,1,0,0,0.468094,0.075646,0.01,1.572209,0.801637,3.325291,-3.522336,2.636808,True,0.000246,0.076968,sample_0006_fake_41087_udio_1.json,VGG,PGD,VGG | PGD,C:\Users\domin\Downloads\jsony\jsony\pgd\vggish,0.244152,,,,,,,,0.856105,0.139843,0,-0.352665,0.352665,0.316809,0.035856,0.280953,0.071712,1,1,1,0.468094,0.075646,0.531906,0.924354,0.7281299999999999,0,1,1,0,0.1634882857142857,0.801637,0.58132275,0.11941599999999997,0.5273616,0.755848,0.49151227261904756,0,0,0,0,0,0,0,0.0,0.0,0.0,1
6,real_19284,0,real,0,0.0,0,0.0,1,1,0,0.492065,0.048132,0.01,2.328571,0.943649,3.472875,-3.993616,3.920046,True,8.2e-05,0.062542,sample_0006_real_19284.json,VGG,PGD,VGG | PGD,C:\Users\domin\Downloads\jsony\jsony\pgd\vggish,0.172758,,,,,,,,0.622388,0.314201,1,0.0,0.0,0.5,0.5,0.0,1.0,0,0,0,0.492065,0.048132,0.507935,0.951868,0.7299015,0,1,1,0,0.3795917142857143,0.943649,0.61821875,0.0015960000000000418,0.7840092000000001,0.827242,0.5923844440476191,0,1,1,0,0,0,0,0.7299015,0.4323822942870233,0.4323822942870233,0
6,real_19441,0,real,0,0.0,0,0.0,1,1,1,0.531951,0.212978,0.01,2.030862,0.646795,3.034353,-3.695426,3.177865,True,0.00225,0.09232,sample_0006_real_19441.json,VGG,PGD,VGG | PGD,C:\Users\domin\Downloads\jsony\jsony\pgd\vggish,0.312218,,,,,,,,0.376275,0.219635,1,0.0,0.0,0.5,0.5,0.0,1.0,0,0,0,0.531951,0.212978,0.46804900000000005,0.787022,0.6275355,0,1,1,0,0.29453199999999996,0.646795,0.50858825,0.07614350000000003,0.635573,0.687782,0.4749022916666667,0,1,1,0,0,0,0,0.6275355,0.29801804705218754,0.29801804705218754,0
6,real_20445,0,real,0,0.280358,0,0.42795,1,1,0,0.53248,0.077298,0.01,3.384939,0.920877,4.005518,-2.005129,3.722703,True,0.000316,0.069731,sample_0006_real_20445.json,VGG,PGD,VGG | PGD,C:\Users\domin\Downloads\jsony\jsony\pgd\vggish,0.102197,,,,,,,,0.556481,0.248459,1,0.147592,0.147592,0.219642,0.07205,0.147592,0.1441,0,1,1,0.53248,0.077298,0.46752000000000005,0.922702,0.695111,0,1,1,0,0.6814111428571429,0.920877,0.7513795000000001,0.49871774999999996,0.7445406,0.897803,0.7491214988095237,0,1,1,0,0,1,0,0.695111,0.5207225941589869,0.07503612581831001,0
7,fake_02868_suno_1,1,fake,1,1.0,1,1.0,1,1,0,0.488446,0.09563,0.01,3.235174,0.968784,4.337894,-2.135098,3.473068,True,0.000142,0.086438,sample_0007_fake_02868_suno_1.json,VGG,PGD,VGG | PGD,C:\Users\domin\Downloads\jsony\jsony\pgd\vggish,0.044345,,,,,,,,0.617707,0.173683,1,0.0,0.0,0.5,0.5,0.0,1.0,0,0,0,0.488446,0.09563,0.5115540000000001,0.90437,0.707962,0,1,1,0,0.6386211428571429,0.968784,0.8344735000000001,0.46622549999999996,0.6946136,0.955655,0.7597287904761906,0,1,1,0,0,1,0,0.707962,0.5378591139631048,0.5378591139631048,0
7,real_06994,0,real,0,0.141159,0,0.34493,1,1,1,0.498704,0.111545,0.01,1.524812,0.972531,3.043913,-3.711693,3.019316,True,0.000242,0.08124,sample_0007_real_06994.json,VGG,PGD,VGG | PGD,C:\Users\domin\Downloads\jsony\jsony\pgd\vggish,0.366609,,,,,,,,0.435121,0.359741,1,0.203771,0.203771,0.35884099999999997,0.15506999999999999,0.20377099999999998,0.31013999999999997,0,0,0,0.498704,0.111545,0.501296,0.888455,0.6948755,0,1,1,0,0.14994628571428573,0.972531,0.51097825,0.07207675000000002,0.6038631999999999,0.633391,0.49046441428571436,0,1,1,0,0,0,0,0.6948755,0.3408117051089929,0.10569934222250305,0
7,real_10101,0,real,0,0.0,0,0.0,1,1,0,0.45841,0.07734,0.01,1.641308,0.696803,1.908761,-3.995343,2.826229,True,0.000479,0.079387,sample_0007_real_10101.json,VGG,PGD,VGG | PGD,C:\Users\domin\Downloads\jsony\jsony\pgd\vggish,0.400145,,,,,,,,0.669752,0.415833,1,0.0,0.0,0.5,0.5,0.0,1.0,0,0,0,0.45841,0.07734,0.54159,0.92266,0.732125,0,1,1,0,0.18323085714285714,0.696803,0.22719024999999998,0.0011642499999999778,0.5652458,0.599855,0.3789148595238095,0,1,1,0,0,0,0,0.732125,0.27741304152886903,0.27741304152886903,0
7,real_12935,0,real,0,3e-05,0,1e-06,1,1,0,0.536996,0.076184,0.01,,0.304701,1.481455,-3.998142,2.71488,True,0.001136,0.076992,sample_0007_real_12935.json,VGG,PGD,VGG | PGD,C:\Users\domin\Downloads\jsony\jsony\pgd\vggish,0.356083,,,,,,,,0.471744,0.213089,1,-2.9e-05,2.9e-05,0.49997,0.499999,-2.9000000000001247e-05,0.999998,0,0,0,0.536996,0.076184,0.46300399999999997,0.923816,0.69341,0,1,1,0,,0.304701,0.12036374999999999,0.0004644999999999788,0.542976,0.6439170000000001,0.32248445000000003,0,1,1,0,0,0,0,0.69341,0.2236139424745,0.22361349524661506,0
8,fake_29238_suno_1,1,fake,1,1.0,1,1.0,1,1,1,0.501001,0.132601,0.01,3.192713,0.915263,4.301127,-2.069419,3.783591,True,0.000345,0.06558,sample_0008_fake_29238_suno_1.json,VGG,PGD,VGG | PGD,C:\Users\domin\Downloads\jsony\jsony\pgd\vggish,0.043405,,,,,,,,0.653424,0.355156,1,0.0,0.0,0.5,0.5,0.0,1.0,0,0,0,0.501001,0.132601,0.49899899999999997,0.867399,0.683199,0,1,1,0,0.6264894285714285,0.915263,0.82528175,0.48264525,0.7567182,0.956595,0.7604987714285714,0,1,1,0,0,1,0,0.683199,0.5195720001412285,0.5195720001412285,0
8,real_07251,0,real,0,0.121693,0,0.000999,1,1,1,0.420827,0.052232,0.01,,0.0,5.0,-4.0,1.805795,True,0.001369,0.09034,sample_0008_real_07251.json,VGG,PGD,VGG | PGD,C:\Users\domin\Downloads\jsony\jsony\pgd\vggish,1.372321,,,,,,,,0.664703,0.119297,1,-0.120694,0.120694,0.378307,0.499001,-0.12069399999999997,0.998002,0,0,0,0.420827,0.052232,0.5791729999999999,0.9477679999999999,0.7634704999999999,0,1,1,0,,0.0,1.0,0.0,0.361159,0.0,0.2722318,0,1,1,0,0,0,0,0.7634704999999999,0.20784094846190002,0.20742568224687313,0
8,real_07252,0,real,0,0.0,0,0.0,1,1,1,0.45731,0.068441,0.01,3.013324,0.992646,4.189176,-3.578732,3.162457,True,0.000549,0.083822,sample_0008_real_07252.json,VGG,PGD,VGG | PGD,C:\Users\domin\Downloads\jsony\jsony\pgd\vggish,0.098515,,,,,,,,0.682289,0.342316,1,0.0,0.0,0.5,0.5,0.0,1.0,0,0,0,0.45731,0.068441,0.54269,0.931559,0.7371245,0,1,1,0,0.5752354285714285,0.992646,0.797294,0.105317,0.6324913999999999,0.901485,0.6674114714285714,0,1,1,0,0,1,0,0.7371245,0.49196534717104995,0.49196534717104995,0
8,real_18998,0,real,0,0.007376,0,0.000256,1,1,0,0.539018,0.107515,0.01,4.280248,0.99865,4.927966,-0.929823,4.520314,True,0.000489,0.095783,sample_0008_real_18998.json,VGG,PGD,VGG | PGD,C:\Users\domin\Downloads\jsony\jsony\pgd\vggish,0.009782,,,,,,,,0.307814,0.716309,1,-0.00712,0.00712,0.492624,0.499744,-0.007120000000000015,0.999488,0,0,0,0.539018,0.107515,0.460982,0.892485,0.6767335,0,1,1,0,0.9372137142857143,0.99865,0.9819914999999999,0.76754425,0.9040627999999999,0.990218,0.9299467107142858,0,1,1,0,0,1,0,0.6767335,0.6293260923551661,0.6290038773958803,0
9,real_06334,0,real,0,1e-06,0,0.0,1,1,0,0.476089,0.056065,0.01,3.223584,0.95719,4.02071,-3.958429,3.304957,True,0.000198,0.070312,sample_0009_real_06334.json,VGG,PGD,VGG | PGD,C:\Users\domin\Downloads\jsony\jsony\pgd\vggish,0.153049,,,,,,,,0.782957,0.301323,1,-1e-06,1e-06,0.499999,0.5,-9.999999999732445e-07,1.0,0,0,0,0.476089,0.056065,0.523911,0.943935,0.733923,0,1,1,0,0.6353097142857143,0.95719,0.7551775000000001,0.01039274999999995,0.6609914,0.846951,0.644335394047619,0,1,1,0,0,1,0,0.733923,0.47289256540561064,0.47289256540561064,0
9,real_10022,0,real,0,0.015382,0,0.002547,1,1,1,0.472976,0.052734,0.01,1.191103,0.987411,2.381887,-3.998105,2.675588,True,0.000404,0.068652,sample_0009_real_10022.json,VGG,PGD,VGG | PGD,C:\Users\domin\Downloads\jsony\jsony\pgd\vggish,0.910144,,,,,,,,0.604619,0.160908,1,-0.012835,0.012835,0.484618,0.497453,-0.012834999999999985,0.994906,0,0,0,0.472976,0.052734,0.5270239999999999,0.9472659999999999,0.7371449999999999,0,1,1,0,0.05460085714285715,0.987411,0.34547174999999997,0.0004737500000000505,0.5351176,0.08985600000000005,0.3354884928571429,0,1,1,0,0,0,0,0.7371449999999999,0.24730366506717857,0.24604390019732636,0
9,real_13937,0,real,0,0.00101,0,0.000235,1,1,0,0.566088,0.118304,0.01,4.014069,0.999085,4.946623,-2.184925,4.656126,True,0.000304,0.09991,sample_0009_real_13937.json,VGG,PGD,VGG | PGD,C:\Users\domin\Downloads\jsony\jsony\pgd\vggish,0.025473,,,,,,,,0.290788,0.241699,1,-0.0007750000000000001,0.0007750000000000001,0.49899,0.499765,-0.0007750000000000257,0.99953,0,0,0,0.566088,0.118304,0.43391199999999996,0.881696,0.657804,0,1,1,0,0.8611625714285714,0.999085,0.9866557499999999,0.45376875000000005,0.9312252000000001,0.974527,0.8677373785714285,0,1,1,0,0,1,0,0.657804,0.5708011185738,0.5705328420480703,0
9,real_19731,0,real,0,0.000184,0,0.000287,1,1,0,0.474247,0.057546,0.01,1.822037,0.538398,2.009761,-3.857658,2.549374,True,0.000586,0.068447,sample_0009_real_19731.json,VGG,PGD,VGG | PGD,C:\Users\domin\Downloads\jsony\jsony\pgd\vggish,0.434932,,,,,,,,0.693332,0.330406,1,0.00010299999999999998,0.00010299999999999998,0.499816,0.499713,0.00010299999999996423,0.999426,0,0,0,0.474247,0.057546,0.525753,0.942454,0.7341035,0,1,1,0,0.23486771428571426,0.538398,0.25244025000000003,0.03558550000000005,0.5098748,0.565068,0.35603904404761905,0,1,1,0,0,0,0,0.7341035,0.26136950837201134,0.2612194822742058,0
10,fake_01429_suno_1,1,fake,1,1.0,1,1.0,1,1,1,0.481191,0.145631,0.01,3.141526,0.972972,4.411528,-2.423577,3.444074,True,0.000489,0.12747,sample_0010_fake_01429_suno_1.json,VGG,PGD,VGG | PGD,C:\Users\domin\Downloads\jsony\jsony\pgd\vggish,0.091084,,,,,,,,0.734627,0.173367,1,0.0,0.0,0.5,0.5,0.0,1.0,0,0,0,0.481191,0.145631,0.5188090000000001,0.8543689999999999,0.686589,0,1,1,0,0.6118645714285714,0.972972,0.8528819999999999,0.39410575000000003,0.6888148000000001,0.9089160000000001,0.7382591869047618,0,1,1,0,0,1,0,0.686589,0.5068806368777535,0.5068806368777535,0
10,fake_18908_suno_1,1,fake,1,1.0,1,1.0,1,1,1,0.466015,0.059828,0.01,2.611197,0.857854,3.752752,-3.038727,3.269188,True,0.005362,0.079828,sample_0010_fake_18908_suno_1.json,VGG,PGD,VGG | PGD,C:\Users\domin\Downloads\jsony\jsony\pgd\vggish,0.243851,,,,,,,,0.806076,0.109795,1,0.0,0.0,0.5,0.5,0.0,1.0,0,0,0,0.466015,0.059828,0.5339849999999999,0.940172,0.7370785,0,1,1,0,0.4603420000000001,0.857854,0.688188,0.24031824999999996,0.6538376,0.756149,0.6094481416666667,0,1,1,0,0,0,0,0.7370785,0.4492111220874542,0.4492111220874542,0
10,fake_46798_udio_1,1,fake,1,1.0,1,1.0,1,1,0,0.497013,0.070462,0.01,1.760926,0.886686,2.615518,-3.995847,3.087579,True,0.00492,0.074909,sample_0010_fake_46798_udio_1.json,VGG,PGD,VGG | PGD,C:\Users\domin\Downloads\jsony\jsony\pgd\vggish,0.610948,,,,,,,,0.745804,0.035807,1,0.0,0.0,0.5,0.5,0.0,1.0,0,0,0,0.497013,0.070462,0.5029870000000001,0.929538,0.7162625,0,1,1,0,0.21740742857142856,0.886686,0.40387949999999995,0.0010382500000000183,0.6175158,0.38905199999999995,0.4192631630952381,0,1,1,0,0,0,0,0.7162625,0.300302481356503,0.300302481356503,0
10,fake_50637_suno_0,1,fake,1,1.0,1,1.0,1,1,1,0.478305,0.106177,0.01,3.075228,0.866968,3.828391,-2.666134,3.663488,True,0.000367,0.083086,sample_0010_fake_50637_suno_0.json,VGG,PGD,VGG | PGD,C:\Users\domin\Downloads\jsony\jsony\pgd\vggish,0.126978,,,,,,,,0.814583,0.166203,1,0.0,0.0,0.5,0.5,0.0,1.0,0,0,0,0.478305,0.106177,0.521695,0.893823,0.707759,0,1,1,0,0.5929222857142857,0.866968,0.70709775,0.3334665,0.7326976000000001,0.873022,0.6843623559523809,0,1,1,0,0,1,0,0.707759,0.4843636166865012,0.4843636166865012,0
11,real_07265,0,real,0,0.043829,0,0.050538,1,1,0,0.567428,0.148654,0.01,2.70507,0.98366,3.924519,-3.990958,2.961214,True,0.00054,0.087841,sample_0011_real_07265.json,VGG,PGD,VGG | PGD,C:\Users\domin\Downloads\jsony\jsony\pgd\vggish,0.091104,,,,,,,,0.356144,0.328857,1,0.006709,0.006709,0.456171,0.44946200000000003,0.006708999999999965,0.8989240000000001,0,0,0,0.567428,0.148654,0.43257199999999996,0.8513459999999999,0.641959,0,1,1,0,0.4871628571428572,0.98366,0.73112975,0.0022604999999999986,0.5922428,0.908896,0.6175586511904763,0,1,1,0,0,0,0,0.641959,0.39644733415958694,0.35637602341207253,0
11,real_09534,0,real,0,6.7e-05,0,7e-06,1,1,0,0.563323,0.160995,0.01,,0.974109,4.429713,-3.073732,3.568173,True,0.000126,0.084372,sample_0011_real_09534.json,VGG,PGD,VGG | PGD,C:\Users\domin\Downloads\jsony\jsony\pgd\vggish,0.086739,,,,,,,,0.328031,0.416626,1,-6e-05,6e-05,0.499933,0.499993,-6.0000000000004494e-05,0.999986,0,0,0,0.563323,0.160995,0.436677,0.839005,0.637841,0,1,1,0,,0.974109,0.8574282499999999,0.23156699999999997,0.7136346,0.913261,0.73799997,0,1,1,0,0,0,0,0.637841,0.47072663886476995,0.4707200486918259,0
11,real_12741,0,real,0,0.000112,0,0.000261,1,1,0,0.515832,0.163586,0.01,1.352848,0.99529,3.661077,-3.474788,2.292997,True,0.00188,0.097398,sample_0011_real_12741.json,VGG,PGD,VGG | PGD,C:\Users\domin\Downloads\jsony\jsony\pgd\vggish,0.166824,,,,,,,,0.395519,0.632446,1,0.000149,0.000149,0.499888,0.499739,0.00014900000000001024,0.999478,0,0,0,0.515832,0.163586,0.48416800000000004,0.836414,0.660291,0,1,1,0,0.1008137142857143,0.99529,0.66526925,0.13130299999999995,0.45859940000000005,0.833176,0.5307418940476191,0,1,1,0,0,0,0,0.660291,0.3504440959625964,0.3502611641445039,0
11,real_13325,0,real,1,0.918426,0,0.330337,0,1,0,0.513725,0.072016,0.01,2.453638,0.712424,3.063993,-3.156751,3.261164,True,5.6e-05,0.087931,sample_0011_real_13325.json,VGG,PGD,VGG | PGD,C:\Users\domin\Downloads\jsony\jsony\pgd\vggish,0.264362,,,,,,,,0.632569,0.062885,0,-0.588089,0.588089,0.41842599999999996,0.169663,0.24876299999999996,0.339326,0,0,0,0.513725,0.072016,0.486275,0.927984,0.7071295,0,1,1,0,0.4153251428571429,0.712424,0.51599825,0.21081225000000003,0.6522328,0.735638,0.5404050738095237,0,0,0,0,0,0,0,0.0,0.0,0.0,-1
12,fake_13581_udio_0,1,fake,1,0.954369,1,0.975024,1,1,0,0.524392,0.076746,0.01,2.576101,0.794038,3.095558,-3.442591,2.959555,True,0.000605,0.079702,sample_0012_fake_13581_udio_0.json,VGG,PGD,VGG | PGD,C:\Users\domin\Downloads\jsony\jsony\pgd\vggish,0.225507,,,,,,,,0.705164,0.082024,1,0.02065499999999998,0.02065499999999998,0.454369,0.475024,-0.02065499999999998,0.950048,0,0,0,0.524392,0.076746,0.47560800000000003,0.923254,0.699431,0,1,1,0,0.4503145714285714,0.794038,0.5238895,0.13935224999999996,0.591911,0.774493,0.5456663869047619,0,1,1,0,0,0,0,0.699431,0.38165598665918454,0.362591506813585,0
12,real_00689,0,real,0,0.0,0,0.0,1,1,1,0.422732,0.07742,0.01,3.241203,0.956896,4.257473,-1.478178,3.369852,True,0.007139,0.156819,sample_0012_real_00689.json,VGG,PGD,VGG | PGD,C:\Users\domin\Downloads\jsony\jsony\pgd\vggish,0.104239,,,,,,,,0.649418,0.830078,1,0.0,0.0,0.5,0.5,0.0,1.0,0,0,0,0.422732,0.07742,0.577268,0.92258,0.749924,0,1,1,0,0.6403437142857143,0.956896,0.81436825,0.6304555000000001,0.6739704,0.895761,0.7686324773809524,0,1,1,0,0,1,0,0.749924,0.5764159419674334,0.5764159419674334,0
12,real_03041,0,real,0,4e-06,0,1e-06,1,1,0,0.462258,0.057977,0.01,2.052597,0.838267,3.346175,-3.231372,3.221438,True,1.9e-05,0.066517,sample_0012_real_03041.json,VGG,PGD,VGG | PGD,C:\Users\domin\Downloads\jsony\jsony\pgd\vggish,0.26619,,,,,,,,0.73357,0.313263,1,-3e-06,3e-06,0.499996,0.499999,-3.000000000030756e-06,0.999998,0,0,0,0.462258,0.057977,0.5377419999999999,0.942023,0.7398825,0,1,1,0,0.300742,0.838267,0.58654375,0.19215700000000002,0.6442876,0.7338100000000001,0.5493012249999999,0,1,1,0,0,0,0,0.7398825,0.4064183636060624,0.4064175507693352,0
12,real_11262,0,real,0,1e-06,0,1e-06,1,1,0,0.566913,0.155543,0.01,3.989148,0.985234,4.607822,-1.978908,3.670875,True,0.000243,0.071457,sample_0012_real_11262.json,VGG,PGD,VGG | PGD,C:\Users\domin\Downloads\jsony\jsony\pgd\vggish,0.062876,,,,,,,,0.430612,0.264984,1,0.0,0.0,0.499999,0.499999,0.0,0.999998,0,0,0,0.566913,0.155543,0.433087,0.844457,0.638772,0,1,1,0,0.8540422857142858,0.985234,0.9019554999999999,0.5052730000000001,0.734175,0.937124,0.8196339642857143,0,1,1,0,0,1,0,0.638772,0.5235592266347143,0.523558179516261,0
13,fake_13018_udio_0,1,fake,1,0.999187,1,0.999848,1,1,0,0.488149,0.111866,0.01,,0.972018,4.03378,-3.895601,3.249352,True,0.000462,0.080792,sample_0013_fake_13018_udio_0.json,VGG,PGD,VGG | PGD,C:\Users\domin\Downloads\jsony\jsony\pgd\vggish,0.066978,,,,,,,,0.679763,0.574005,1,0.0006609999999999117,0.0006609999999999117,0.49918700000000005,0.49984799999999996,-0.0006609999999999117,0.9996959999999999,0,0,0,0.488149,0.111866,0.5118510000000001,0.888134,0.6999925,0,1,1,0,,0.972018,0.758445,0.026099749999999977,0.6498704,0.933022,0.66789103,0,1,1,0,0,0,0,0.6999925,0.46751871181727506,0.46737658612888255,0
13,fake_14334_suno_1,1,fake,1,1.0,1,1.0,1,1,1,0.476175,0.113746,0.01,2.609209,0.893357,4.028183,-3.020517,3.498046,True,0.003325,0.114984,sample_0013_fake_14334_suno_1.json,VGG,PGD,VGG | PGD,C:\Users\domin\Downloads\jsony\jsony\pgd\vggish,0.144355,,,,,,,,0.637635,0.177799,1,0.0,0.0,0.5,0.5,0.0,1.0,0,0,0,0.476175,0.113746,0.523825,0.886254,0.7050395,0,1,1,0,0.45977399999999996,0.893357,0.7570457500000001,0.24487075000000003,0.6996092,0.855645,0.65171695,0,1,1,0,0,0,0,0.7050395,0.459486192569525,0.459486192569525,0
13,fake_46348_udio_1,1,fake,1,0.999995,1,1.0,1,1,0,0.513106,0.09097,0.01,1.834564,0.921371,3.199766,-3.995989,3.467234,True,0.001149,0.093114,sample_0013_fake_46348_udio_1.json,VGG,PGD,VGG | PGD,C:\Users\domin\Downloads\jsony\jsony\pgd\vggish,0.337453,,,,,,,,0.677864,0.047396,1,5.000000000032756e-06,5.000000000032756e-06,0.49999499999999997,0.5,-5.000000000032756e-06,1.0,0,0,0,0.513106,0.09097,0.48689400000000005,0.90903,0.697962,0,1,1,0,0.23844685714285715,0.921371,0.5499415,0.0010027500000000522,0.6934468,0.662547,0.5111259845238095,0,1,1,0,0,0,0,0.697962,0.3567465144102071,0.3567465144102071,0
13,real_13270,0,real,0,0.000251,0,0.00088,1,1,0,0.460734,0.04862,0.01,2.094144,0.534645,1.98367,-2.768832,2.188813,True,0.004746,0.088695,sample_0013_real_13270.json,VGG,PGD,VGG | PGD,C:\Users\domin\Downloads\jsony\jsony\pgd\vggish,0.678941,,,,,,,,0.78773,0.218353,1,0.000629,0.000629,0.499749,0.49912,0.0006289999999999907,0.99824,0,0,0,0.460734,0.04862,0.539266,0.95138,0.745323,0,1,1,0,0.3126125714285714,0.534645,0.2459175,0.30779199999999995,0.4377626,0.321059,0.3599647785714286,0,1,1,0,0,0,0,0.745323,0.2682900286591929,0.2678178382087527,0
14,fake_30470_udio_1,1,fake,1,0.998204,1,0.878781,1,1,0,0.525743,0.068445,0.01,1.362768,0.725018,2.110715,-3.996547,2.627302,True,0.000228,0.060241,sample_0014_fake_30470_udio_1.json,VGG,PGD,VGG | PGD,C:\Users\domin\Downloads\jsony\jsony\pgd\vggish,0.880177,,,,,,,,0.716792,0.051275,1,-0.11942299999999995,0.11942299999999995,0.498204,0.37878100000000003,0.11942299999999995,0.7575620000000001,0,0,0,0.525743,0.068445,0.47425700000000004,0.931555,0.702906,0,1,1,0,0.10364799999999999,0.725018,0.27767875,0.0008632499999999821,0.5254603999999999,0.11982300000000001,0.2920819,0,1,1,0,0,0,0,0.702906,0.2053061200014,0.1555321148805006,0
14,fake_46574_suno_1,1,fake,1,1.0,1,1.0,1,1,1,0.458492,0.130336,0.01,3.861975,0.990491,4.778896,-1.295717,4.477655,True,0.081242,0.216048,sample_0014_fake_46574_suno_1.json,VGG,PGD,VGG | PGD,C:\Users\domin\Downloads\jsony\jsony\pgd\vggish,0.017794,,,,,,,,0.78236,0.306797,1,0.0,0.0,0.5,0.5,0.0,1.0,0,0,0,0.458492,0.130336,0.541508,0.869664,0.705586,0,1,1,0,0.8177071428571429,0.990491,0.9447239999999999,0.67607075,0.8955310000000001,0.982206,0.8844549821428571,0,1,1,0,0,1,0,0.705586,0.62405905303025,0.62405905303025,0
14,real_00224,0,real,1,0.999992,1,0.999998,0,0,0,0.524031,0.120185,0.01,2.655506,0.994383,3.537969,-3.382304,2.366683,True,0.000265,0.074314,sample_0014_real_00224.json,VGG,PGD,VGG | PGD,C:\Users\domin\Downloads\jsony\jsony\pgd\vggish,0.224072,,,,,,,,0.411915,0.260727,1,6.000000000061512e-06,6.000000000061512e-06,0.499992,0.49999800000000005,-6.000000000061512e-06,0.9999960000000001,0,0,0,0.524031,0.120185,0.475969,0.879815,0.6778919999999999,0,1,1,0,0.47300171428571425,0.994383,0.63449225,0.154424,0.4733366,0.775928,0.5842609273809524,0,1,1,0,0,0,0,0.6778919999999999,0.39606580858412854,0.3960642243208943,0
14,real_12041,0,real,0,0.0,0,1e-06,1,1,1,0.428626,0.085206,0.01,3.214134,0.953255,3.700013,-3.989837,3.559847,True,0.009973,0.122847,sample_0014_real_12041.json,VGG,PGD,VGG | PGD,C:\Users\domin\Downloads\jsony\jsony\pgd\vggish,0.20703,,,,,,,,0.619343,0.560333,1,1e-06,1e-06,0.5,0.499999,9.999999999732445e-07,0.999998,0,0,0,0.428626,0.085206,0.571374,0.914794,0.7430840000000001,0,1,1,0,0.6326097142857143,0.953255,0.67500325,0.0025407499999999805,0.7119694,0.79297,0.6280580190476192,0,1,1,0,0,1,0,0.7430840000000001,0.4666998650259811,0.4666989316262511,0
15,fake_09896_suno_1,1,fake,1,1.0,1,1.0,1,1,1,0.480893,0.061681,0.01,,0.997272,4.977205,-0.511468,4.912291,True,0.005431,0.071799,sample_0015_fake_09896_suno_1.json,VGG,PGD,VGG | PGD,C:\Users\domin\Downloads\jsony\jsony\pgd\vggish,0.006796,,,,,,,,0.668213,1.066193,1,0.0,0.0,0.5,0.5,0.0,1.0,0,0,0,0.480893,0.061681,0.519107,0.938319,0.7287129999999999,0,1,1,0,,0.997272,0.9943012499999999,0.872133,0.9824582,0.993204,0.96787369,0,1,1,0,0,0,0,0.7287129999999999,0.7053021402609699,0.7053021402609699,0
15,fake_43253_udio_0,1,fake,1,1.0,1,1.0,1,1,0,0.470704,0.093026,0.01,2.760241,0.996133,3.437264,-3.739463,3.453666,True,0.003872,0.118619,sample_0015_fake_43253_udio_0.json,VGG,PGD,VGG | PGD,C:\Users\domin\Downloads\jsony\jsony\pgd\vggish,0.225139,,,,,,,,0.725605,0.554916,1,0.0,0.0,0.5,0.5,0.0,1.0,0,0,0,0.470704,0.093026,0.529296,0.906974,0.718135,0,1,1,0,0.5029260000000001,0.996133,0.609316,0.06513424999999995,0.6907332,0.774861,0.6065172416666667,0,1,1,0,0,0,0,0.718135,0.43556125934429163,0.43556125934429163,0
15,fake_49262_suno_1,1,fake,1,1.0,1,1.0,1,1,1,0.472643,0.033276,0.01,2.914392,0.871126,3.871209,-2.402747,3.216879,True,0.000326,0.064042,sample_0015_fake_49262_suno_1.json,VGG,PGD,VGG | PGD,C:\Users\domin\Downloads\jsony\jsony\pgd\vggish,0.140844,,,,,,,,0.821106,0.098656,1,0.0,0.0,0.5,0.5,0.0,1.0,0,0,0,0.472643,0.033276,0.5273570000000001,0.966724,0.7470405,0,1,1,0,0.5469691428571428,0.871126,0.71780225,0.39931324999999995,0.6433758,0.859156,0.6729570738095237,0,1,1,0,0,0,0,0.7470405,0.5027261888972036,0.5027261888972036,0
15,real_12285,0,real,0,0.0,0,0.0,1,1,1,0.479764,0.126557,0.01,3.699847,0.993581,4.241543,-3.989958,3.599296,True,0.000943,0.096184,sample_0015_real_12285.json,VGG,PGD,VGG | PGD,C:\Users\domin\Downloads\jsony\jsony\pgd\vggish,0.070526,,,,,,,,0.51614,0.682922,1,0.0,0.0,0.5,0.5,0.0,1.0,0,0,0,0.479764,0.126557,0.5202359999999999,0.873443,0.6968395,0,1,1,0,0.7713848571428572,0.993581,0.81038575,0.002510499999999971,0.7198591999999999,0.929474,0.7045325511904762,0,1,1,0,0,1,0,0.6968395,0.4909461107052958,0.4909461107052958,0
16,fake_24388_suno_1,1,fake,1,1.0,1,1.0,1,1,0,0.450375,0.034798,0.01,2.794576,0.918224,3.196631,-3.20154,2.784729,True,0.001001,0.082497,sample_0016_fake_24388_suno_1.json,VGG,PGD,VGG | PGD,C:\Users\domin\Downloads\jsony\jsony\pgd\vggish,0.264512,,,,,,,,0.813828,0.11129,1,0.0,0.0,0.5,0.5,0.0,1.0,0,0,0,0.450375,0.034798,0.549625,0.965202,0.7574135,0,1,1,0,0.5127360000000001,0.918224,0.54915775,0.199615,0.5569458,0.7354879999999999,0.5786944250000001,0,1,1,0,0,0,0,0.7574135,0.43831096986973755,0.43831096986973755,0
16,fake_25170_suno_0,1,fake,1,1.0,1,1.0,1,1,1,0.480686,0.115988,0.01,4.267625,0.993543,4.937044,-0.77461,4.898171,True,0.000571,0.103838,sample_0016_fake_25170_suno_0.json,VGG,PGD,VGG | PGD,C:\Users\domin\Downloads\jsony\jsony\pgd\vggish,0.010513,,,,,,,,0.689223,0.245392,1,0.0,0.0,0.5,0.5,0.0,1.0,0,0,0,0.480686,0.115988,0.519314,0.884012,0.701663,0,1,1,0,0.9336071428571427,0.993543,0.984261,0.8063475,0.9796341999999999,0.989487,0.9478133071428569,0,1,1,0,0,1,0,0.701663,0.6650455285297785,0.6650455285297785,0
16,real_00268,0,real,0,0.000216,0,4e-06,1,1,1,0.442068,0.081611,0.01,3.480981,0.981504,4.015433,-2.310703,3.078229,True,0.000517,0.0822,sample_0016_real_00268.json,VGG,PGD,VGG | PGD,C:\Users\domin\Downloads\jsony\jsony\pgd\vggish,0.147761,,,,,,,,0.626713,0.658539,1,-0.000212,0.000212,0.499784,0.499996,-0.00021199999999998997,0.999992,0,0,0,0.442068,0.081611,0.557932,0.918389,0.7381605,0,1,1,0,0.7088517142857143,0.981504,0.75385825,0.42232424999999996,0.6156458,0.852239,0.7224038357142857,0,1,1,0,0,1,0,0.7381605,0.533249976572775,0.5332457105729623,0
16,real_06665,0,real,0,9.7e-05,0,0.000194,1,1,0,0.513076,0.109141,0.01,2.792684,0.960076,4.019347,-3.360512,3.718696,True,0.00093,0.071737,sample_0016_real_06665.json,VGG,PGD,VGG | PGD,C:\Users\domin\Downloads\jsony\jsony\pgd\vggish,0.180866,,,,,,,,0.439538,0.474976,1,9.7e-05,9.7e-05,0.499903,0.499806,9.700000000001374e-05,0.999612,0,0,0,0.513076,0.109141,0.486924,0.890859,0.6888915,0,1,1,0,0.5121954285714285,0.960076,0.75483675,0.15987200000000001,0.7437392,0.819134,0.6583088964285714,0,1,1,0,0,0,0,0.6888915,0.45350340312402315,0.453327443803611,0
17,fake_18041_udio_1,1,fake,1,0.824563,0,0.465146,1,0,0,0.52047,0.09741,0.01,3.094377,0.93658,4.244822,-2.763401,3.313539,True,0.001074,0.087845,sample_0017_fake_18041_udio_1.json,VGG,PGD,VGG | PGD,C:\Users\domin\Downloads\jsony\jsony\pgd\vggish,0.078485,,,,,,,,0.521196,0.349396,0,-0.35941700000000004,0.35941700000000004,0.32456300000000005,0.034853999999999996,0.28970900000000005,0.06970799999999999,1,1,1,0.52047,0.09741,0.47953,0.90259,0.69106,0,1,1,0,0.5983934285714286,0.93658,0.8112055,0.30914975,0.6627078,0.921515,0.7065919130952382,0,0,0,0,0,1,0,0.0,0.0,0.0,1
17,fake_38961_udio_0,1,fake,1,1.0,1,1.0,1,1,1,0.455071,0.120966,0.01,3.883061,0.997695,4.789459,-3.576985,4.314406,True,0.000419,0.12955,sample_0017_fake_38961_udio_0.json,VGG,PGD,VGG | PGD,C:\Users\domin\Downloads\jsony\jsony\pgd\vggish,0.060841,,,,,,,,0.601024,1.09375,1,0.0,0.0,0.5,0.5,0.0,1.0,0,0,0,0.455071,0.120966,0.544929,0.879034,0.7119815,0,1,1,0,0.8237317142857143,0.997695,0.94736475,0.10575374999999998,0.8628812,0.939159,0.7794309023809523,0,1,1,0,0,1,0,0.7119815,0.554940383023544,0.554940383023544,0
17,real_19661,0,real,0,0.000668,0,5e-06,1,1,0,0.447186,0.032527,0.01,,0.128577,1.0,-3.958584,1.837489,True,1.1e-05,0.066065,sample_0017_real_19661.json,VGG,PGD,VGG | PGD,C:\Users\domin\Downloads\jsony\jsony\pgd\vggish,0.452064,,,,,,,,0.888349,0.537933,1,-0.000663,0.000663,0.499332,0.499995,-0.0006630000000000247,0.99999,0,0,0,0.447186,0.032527,0.552814,0.967473,0.7601435000000001,0,1,1,0,,0.128577,0.0,0.010353999999999974,0.3674978,0.547936,0.21087295999999997,0,1,1,0,0,0,0,0.7601435000000001,0.16029370986976,0.1602921069326613,0
17,real_20757,0,real,0,0.0,0,0.0,1,1,1,0.45712,0.067734,0.01,3.547963,0.780012,2.86488,-2.937073,2.398714,True,0.002568,0.125098,sample_0017_real_20757.json,VGG,PGD,VGG | PGD,C:\Users\domin\Downloads\jsony\jsony\pgd\vggish,0.227751,,,,,,,,0.682315,0.378517,1,0.0,0.0,0.5,0.5,0.0,1.0,0,0,0,0.45712,0.067734,0.54288,0.932266,0.737573,0,1,1,0,0.7279894285714287,0.780012,0.46621999999999997,0.26573175000000004,0.4797428,0.772249,0.5819908297619047,0,1,1,0,0,0,0,0.737573,0.4292607222799774,0.4292607222799774,0
18,fake_14886_suno_0,1,fake,1,1.0,1,1.0,1,1,1,0.488274,0.116237,0.01,2.717118,0.961672,4.622968,-2.63137,3.50188,True,0.018867,0.112141,sample_0018_fake_14886_suno_0.json,VGG,PGD,VGG | PGD,C:\Users\domin\Downloads\jsony\jsony\pgd\vggish,0.102518,,,,,,,,0.683718,0.193722,1,0.0,0.0,0.5,0.5,0.0,1.0,0,0,0,0.488274,0.116237,0.511726,0.883763,0.6977445,0,1,1,0,0.4906051428571429,0.961672,0.905742,0.3421575,0.700376,0.897482,0.716339107142857,0,1,1,0,0,0,0,0.6977445,0.49982167214383916,0.49982167214383916,0
18,fake_42122_suno_1,1,fake,1,1.0,1,1.0,1,1,1,0.451437,0.050429,0.01,3.448827,0.931868,4.336894,-1.965443,3.697399,True,0.00222,0.102059,sample_0018_fake_42122_suno_1.json,VGG,PGD,VGG | PGD,C:\Users\domin\Downloads\jsony\jsony\pgd\vggish,0.05403,,,,,,,,0.928582,0.149733,1,0.0,0.0,0.5,0.5,0.0,1.0,0,0,0,0.451437,0.050429,0.548563,0.9495709999999999,0.7490669999999999,0,1,1,0,0.6996648571428572,0.931868,0.8342235,0.50863925,0.7394798,0.94597,0.7766409011904761,0,1,1,0,0,1,0,0.7490669999999999,0.5817560699320463,0.5817560699320463,0
18,real_11244,0,real,0,0.0,0,0.0,1,1,1,0.440363,0.152337,0.01,,0.999252,4.881296,-3.985814,4.711249,True,0.000535,0.091684,sample_0018_real_11244.json,VGG,PGD,VGG | PGD,C:\Users\domin\Downloads\jsony\jsony\pgd\vggish,0.057474,,,,,,,,0.602997,1.087769,1,0.0,0.0,0.5,0.5,0.0,1.0,0,0,0,0.440363,0.152337,0.5596369999999999,0.847663,0.70365,0,1,1,0,,0.999252,0.970324,0.003546500000000008,0.9422497999999999,0.942526,0.77157966,0,1,1,0,0,0,0,0.70365,0.542922027759,0.542922027759,0
18,real_19119,0,real,0,1e-06,0,2e-06,1,1,0,0.498557,0.061029,0.01,3.629881,0.778541,3.198481,-3.656655,2.548097,True,0.006404,0.091636,sample_0018_real_19119.json,VGG,PGD,VGG | PGD,C:\Users\domin\Downloads\jsony\jsony\pgd\vggish,0.27722,,,,,,,,0.695913,0.398438,1,1e-06,1e-06,0.499999,0.499998,1.0000000000287557e-06,0.999996,0,0,0,0.498557,0.061029,0.5014430000000001,0.938971,0.720207,0,1,1,0,0.7513945714285715,0.778541,0.54962025,0.08583624999999995,0.5096194,0.72278,0.5662985785714286,0,1,1,0,0,0,0,0.720207,0.40785220037719294,0.40785056896839145,0
19,fake_06014_udio_0,1,fake,1,0.999996,1,1.0,1,1,0,0.564133,0.200277,0.01,,0.983364,4.36389,-3.855443,3.592257,True,0.000114,0.084077,sample_0019_fake_06014_udio_0.json,VGG,PGD,VGG | PGD,C:\Users\domin\Downloads\jsony\jsony\pgd\vggish,0.087895,,,,,,,,0.409312,0.351929,1,4.000000000004e-06,4.000000000004e-06,0.499996,0.5,-4.000000000004e-06,1.0,0,0,0,0.564133,0.200277,0.435867,0.799723,0.617795,0,1,1,0,,0.983364,0.8409724999999999,0.036139249999999956,0.7184514,0.9121049999999999,0.6982064299999999,0,1,1,0,0,0,0,0.617795,0.43134844142184997,0.43134844142184997,0
19,fake_32764_suno_0,1,fake,1,1.0,1,1.0,1,1,1,0.451835,0.086265,0.01,2.838301,0.897204,3.804724,-2.917905,3.244079,True,0.00019,0.090563,sample_0019_fake_32764_suno_0.json,VGG,PGD,VGG | PGD,C:\Users\domin\Downloads\jsony\jsony\pgd\vggish,0.112122,,,,,,,,0.784982,0.250587,1,0.0,0.0,0.5,0.5,0.0,1.0,0,0,0,0.451835,0.086265,0.548165,0.913735,0.73095,0,1,1,0,0.5252288571428572,0.897204,0.701181,0.27052374999999995,0.6488158,0.887878,0.655138567857143,0,1,1,0,0,0,0,0.73095,0.47887353617517864,0.47887353617517864,0
19,real_06824,0,real,0,0.047683,0,0.003174,1,1,0,0.529019,0.124138,0.01,2.508249,0.966784,3.844574,-2.770572,3.070489,True,0.002309,0.075829,sample_0019_real_06824.json,VGG,PGD,VGG | PGD,C:\Users\domin\Downloads\jsony\jsony\pgd\vggish,0.241337,,,,,,,,0.464691,0.209167,1,-0.044509,0.044509,0.45231699999999997,0.496826,-0.04450900000000002,0.993652,0,0,0,0.529019,0.124138,0.470981,0.875862,0.6734215,0,1,1,0,0.43092828571428576,0.966784,0.7111435,0.307357,0.6140977999999999,0.758663,0.6314955976190476,0,1,1,0,0,0,0,0.6734215,0.4252627125920155,0.42256314489248137,0
19,real_09833,0,real,0,0.121693,0,0.159435,1,1,1,0.449061,0.043602,0.01,,0.0,5.0,-4.0,1.811502,True,0.001135,0.07499,sample_0019_real_09833.json,VGG,PGD,VGG | PGD,C:\Users\domin\Downloads\jsony\jsony\pgd\vggish,1.368515,,,,,,,,0.765457,0.163204,1,0.037742,0.037742,0.378307,0.340565,0.037742,0.68113,0,0,0,0.449061,0.043602,0.5509390000000001,0.956398,0.7536685000000001,0,1,1,0,,0.0,1.0,0.0,0.36230039999999997,0.0,0.27246008,0,1,1,0,0,0,0,0.7536685000000001,0.20534457980348,0.13986635364154434,0
20,fake_09727_udio_1,1,fake,1,1.0,1,1.0,1,1,0,0.522146,0.17903,0.01,3.63532,0.99645,4.831198,-3.949741,4.356788,True,0.000912,0.08981,sample_0020_fake_09727_udio_1.json,VGG,PGD,VGG | PGD,C:\Users\domin\Downloads\jsony\jsony\pgd\vggish,0.041108,,,,,,,,0.428686,0.845825,1,0.0,0.0,0.5,0.5,0.0,1.0,0,0,0,0.522146,0.17903,0.477854,0.82097,0.649412,0,1,1,0,0.7529485714285714,0.99645,0.9577994999999999,0.012564750000000013,0.8713576,0.958892,0.7583354035714286,0,1,1,0,0,1,0,0.649412,0.4924721111041286,0.4924721111041286,0
20,fake_41199_suno_0,1,fake,1,1.0,1,1.0,1,1,1,0.47335,0.095167,0.01,3.268125,0.941643,3.984364,-2.700891,3.122462,True,0.000139,0.093084,sample_0020_fake_41199_suno_0.json,VGG,PGD,VGG | PGD,C:\Users\domin\Downloads\jsony\jsony\pgd\vggish,0.094333,,,,,,,,0.693427,0.138725,1,0.0,0.0,0.5,0.5,0.0,1.0,0,0,0,0.47335,0.095167,0.5266500000000001,0.904833,0.7157415,0,1,1,0,0.6480357142857143,0.941643,0.746091,0.32477725,0.6244924000000001,0.905667,0.6984510607142856,0,1,1,0,0,1,0,0.7157415,0.4999104098722339,0.4999104098722339,0
20,real_00193,0,real,0,0.000629,0,1.2e-05,1,1,1,0.487379,0.089123,0.01,3.567054,0.876956,3.587057,-2.733291,2.18125,True,0.000109,0.071714,sample_0020_real_00193.json,VGG,PGD,VGG | PGD,C:\Users\domin\Downloads\jsony\jsony\pgd\vggish,0.135485,,,,,,,,0.597299,0.563934,1,-0.000617,0.000617,0.499371,0.499988,-0.0006169999999999787,0.999976,0,0,0,0.487379,0.089123,0.512621,0.910877,0.711749,0,1,1,0,0.7334440000000001,0.876956,0.64676425,0.31667725,0.43624999999999997,0.864515,0.64576775,0,1,1,0,0,1,0,0.711749,0.45962455029474997,0.4596135193055429,0
20,real_06651,0,real,0,1.1e-05,0,7e-06,1,1,0,0.476766,0.072093,0.01,1.121124,0.33182,1.0,-3.969211,2.960832,True,1.9e-05,0.064941,sample_0020_real_06651.json,VGG,PGD,VGG | PGD,C:\Users\domin\Downloads\jsony\jsony\pgd\vggish,0.468465,,,,,,,,0.673412,0.230515,1,-4e-06,4e-06,0.499989,0.499993,-4.000000000004e-06,0.999986,0,0,0,0.476766,0.072093,0.523234,0.927907,0.7255705,0,1,1,0,0.03460685714285715,0.33182,0.0,0.007697249999999989,0.5921664,0.531535,0.24963758452380955,0,1,1,0,0,0,0,0.7255705,0.18112966702173275,0.18112713120639445,0
21,fake_07770_udio_0,1,fake,1,0.99999,1,1.0,1,1,0,0.457503,0.068733,0.01,1.762331,0.966193,2.879192,-3.996538,2.503443,True,0.000762,0.091675,sample_0021_fake_07770_udio_0.json,VGG,PGD,VGG | PGD,C:\Users\domin\Downloads\jsony\jsony\pgd\vggish,0.294012,,,,,,,,0.703962,0.218922,1,9.99999999995449e-06,9.99999999995449e-06,0.49999000000000005,0.5,-9.99999999995449e-06,1.0,0,0,0,0.457503,0.068733,0.542497,0.931267,0.736882,0,1,1,0,0.21780885714285717,0.966193,0.46979800000000005,0.0008654999999999635,0.5006885999999999,0.7059880000000001,0.4768903261904762,0,1,1,0,0,0,0,0.736882,0.3514118973438905,0.3514118973438905,0
21,fake_19538_udio_0,1,fake,1,0.99994,1,0.99998,1,1,0,0.508155,0.072365,0.01,1.813354,0.933505,3.040009,-3.995665,2.951996,True,0.004587,0.089202,sample_0021_fake_19538_udio_0.json,VGG,PGD,VGG | PGD,C:\Users\domin\Downloads\jsony\jsony\pgd\vggish,0.22351,,,,,,,,0.687164,0.09516,1,3.999999999992898e-05,3.999999999992898e-05,0.49994000000000005,0.49998,-3.999999999992898e-05,0.99996,0,0,0,0.508155,0.072365,0.491845,0.927635,0.70974,0,1,1,0,0.23238685714285712,0.933505,0.51000225,0.00108375000000005,0.5903992,0.77649,0.5073111761904762,0,1,1,0,0,0,0,0.70974,0.3600590341894286,0.360044631828061,0
21,fake_23884_suno_1,1,fake,1,1.0,1,1.0,1,1,1,0.462906,0.086159,0.01,3.717686,0.879487,3.866111,-2.545784,3.482887,True,0.000562,0.092794,sample_0021_fake_23884_suno_1.json,VGG,PGD,VGG | PGD,C:\Users\domin\Downloads\jsony\jsony\pgd\vggish,0.105427,,,,,,,,0.743909,0.153399,1,0.0,0.0,0.5,0.5,0.0,1.0,0,0,0,0.462906,0.086159,0.537094,0.913841,0.7254674999999999,0,1,1,0,0.7764817142857143,0.879487,0.71652775,0.36355400000000004,0.6965774,0.894573,0.7212001440476191,0,1,1,0,0,1,0,0.7254674999999999,0.523207265501866,0.523207265501866,0
21,real_01021,0,real,0,0.0,0,0.0,1,1,0,0.510866,0.106743,0.01,3.031398,0.827269,3.041166,-2.868005,2.669713,True,0.000391,0.082528,sample_0021_real_01021.json,VGG,PGD,VGG | PGD,C:\Users\domin\Downloads\jsony\jsony\pgd\vggish,0.272763,,,,,,,,0.52696,0.261932,1,0.0,0.0,0.5,0.5,0.0,1.0,0,0,0,0.510866,0.106743,0.48913399999999996,0.893257,0.6911955,0,1,1,0,0.5803994285714286,0.827269,0.5102915,0.28299874999999997,0.5339425999999999,0.727237,0.5770230464285715,0,1,1,0,0,0,0,0.6911955,0.3988357330877197,0.3988357330877197,0
22,fake_12630_suno_1,1,fake,1,1.0,1,1.0,1,1,1,0.509625,0.081108,0.01,4.372906,0.998278,4.96414,-0.489442,4.886101,True,0.000242,0.079745,sample_0022_fake_12630_suno_1.json,VGG,PGD,VGG | PGD,C:\Users\domin\Downloads\jsony\jsony\pgd\vggish,0.007003,,,,,,,,0.538877,1.002136,1,0.0,0.0,0.5,0.5,0.0,1.0,0,0,0,0.509625,0.081108,0.490375,0.918892,0.7046335,0,1,1,0,0.9636874285714286,0.998278,0.9910350000000001,0.8776395,0.9772202,0.992997,0.9668095214285715,0,1,1,0,0,1,0,0.7046335,0.6812463769175393,0.6812463769175393,0
22,fake_23853_udio_1,1,fake,1,0.997012,1,0.999445,1,1,0,0.503314,0.060828,0.01,2.895367,0.94509,3.822661,-3.98929,2.835065,True,0.000571,0.078789,sample_0022_fake_23853_udio_1.json,VGG,PGD,VGG | PGD,C:\Users\domin\Downloads\jsony\jsony\pgd\vggish,0.100927,,,,,,,,0.79856,0.280319,1,0.0024330000000000185,0.0024330000000000185,0.497012,0.49944500000000003,-0.0024330000000000185,0.9988900000000001,0,0,0,0.503314,0.060828,0.49668599999999996,0.939172,0.717929,0,1,1,0,0.5415334285714285,0.94509,0.70566525,0.0026774999999999993,0.567013,0.899073,0.610175363095238,0,1,1,0,0,0,0,0.717929,0.43806258825160116,0.4375763387786419,0
22,fake_37097_udio_0,1,fake,1,1.0,1,1.0,1,1,1,0.484357,0.06495,0.01,1.667041,0.873731,2.672886,-3.997204,2.99512,True,0.000181,0.063742,sample_0022_fake_37097_udio_0.json,VGG,PGD,VGG | PGD,C:\Users\domin\Downloads\jsony\jsony\pgd\vggish,0.580632,,,,,,,,0.798709,0.047691,1,0.0,0.0,0.5,0.5,0.0,1.0,0,0,0,0.484357,0.06495,0.5156430000000001,0.93505,0.7253465000000001,0,1,1,0,0.19058314285714287,0.873731,0.4182215,0.0006990000000000052,0.599024,0.41936799999999996,0.41693777380952385,0,1,1,0,0,0,0,0.7253465000000001,0.30242435495052983,0.30242435495052983,0
22,fake_52861_suno_1,1,fake,1,1.0,1,1.0,1,1,1,0.462213,0.07239,0.01,4.235413,0.990206,4.774521,-0.944876,4.663065,True,0.004092,0.102805,sample_0022_fake_52861_suno_1.json,VGG,PGD,VGG | PGD,C:\Users\domin\Downloads\jsony\jsony\pgd\vggish,0.028595,,,,,,,,0.836349,0.227314,1,0.0,0.0,0.5,0.5,0.0,1.0,0,0,0,0.462213,0.07239,0.537787,0.92761,0.7326985,0,1,1,0,0.9244037142857143,0.990206,0.94363025,0.763781,0.9326129999999999,0.971405,0.921006494047619,0,1,1,0,0,1,0,0.7326985,0.6748200766789494,0.6748200766789494,0
23,fake_31014_suno_0,1,fake,1,1.0,1,1.0,1,1,1,0.485166,0.080378,0.01,4.381921,0.99718,4.937339,-0.6592,4.902504,True,0.000684,0.064486,sample_0023_fake_31014_suno_0.json,VGG,PGD,VGG | PGD,C:\Users\domin\Downloads\jsony\jsony\pgd\vggish,0.009433,,,,,,,,0.673741,0.909271,1,0.0,0.0,0.5,0.5,0.0,1.0,0,0,0,0.485166,0.080378,0.514834,0.9196219999999999,0.717228,0,1,1,0,0.9662631428571429,0.99718,0.9843347499999999,0.8351999999999999,0.9805008000000001,0.990567,0.9590076154761903,0,1,1,0,0,1,0,0.717228,0.687827114032757,0.687827114032757,0
23,fake_44098_suno_0,1,fake,1,1.0,1,1.0,1,1,1,0.486267,0.110986,0.01,1.709922,0.843086,3.362838,-3.007774,3.145361,True,0.001503,0.102426,sample_0023_fake_44098_suno_0.json,VGG,PGD,VGG | PGD,C:\Users\domin\Downloads\jsony\jsony\pgd\vggish,0.207294,,,,,,,,0.808289,0.226946,1,0.0,0.0,0.5,0.5,0.0,1.0,0,0,0,0.486267,0.110986,0.513733,0.889014,0.7013735,0,1,1,0,0.20283485714285712,0.843086,0.5907095,0.2480565,0.6290722,0.792706,0.5510775095238095,0,1,1,0,0,0,0,0.7013735,0.3865111616259976,0.3865111616259976,0
23,real_01192,0,real,0,0.0,0,0.0,1,1,0,0.514493,0.068611,0.01,1.346315,0.889625,3.204375,-3.994079,2.611011,True,0.000369,0.081822,sample_0023_real_01192.json,VGG,PGD,VGG | PGD,C:\Users\domin\Downloads\jsony\jsony\pgd\vggish,0.23984,,,,,,,,0.585159,0.171272,1,0.0,0.0,0.5,0.5,0.0,1.0,0,0,0,0.514493,0.068611,0.485507,0.931389,0.708448,0,1,1,0,0.09894714285714283,0.889625,0.55109375,0.0014802499999999608,0.5222022,0.76016,0.47058472380952376,0,1,1,0,0,0,0,0.708448,0.33338480641340945,0.33338480641340945,0
23,real_09723,0,real,0,0.006759,0,0.025166,1,1,0,0.560937,0.134052,0.01,2.3827,0.995638,4.123796,-3.704274,3.132998,True,0.002232,0.071566,sample_0023_real_09723.json,VGG,PGD,VGG | PGD,C:\Users\domin\Downloads\jsony\jsony\pgd\vggish,0.127724,,,,,,,,0.404002,0.20961,1,0.018407,0.018407,0.493241,0.474834,0.018407000000000007,0.949668,0,0,0,0.560937,0.134052,0.439063,0.8659479999999999,0.6525055,0,1,1,0,0.39505714285714283,0.995638,0.7809489999999999,0.07393150000000004,0.6265996,0.872276,0.6240752071428571,0,1,1,0,0,0,0,0.6525055,0.4072125050743535,0.38671668526895114,0
24,fake_05418_udio_0,1,fake,1,1.0,1,1.0,1,1,0,0.5136,0.184961,0.01,3.165079,0.984463,4.049981,-3.921461,3.077464,True,0.000181,0.107417,sample_0024_fake_05418_udio_0.json,VGG,PGD,VGG | PGD,C:\Users\domin\Downloads\jsony\jsony\pgd\vggish,0.095561,,,,,,,,0.629681,0.252258,1,0.0,0.0,0.5,0.5,0.0,1.0,0,0,0,0.5136,0.184961,0.48640000000000005,0.8150390000000001,0.6507195000000001,0,1,1,0,0.618594,0.984463,0.76249525,0.019634750000000034,0.6154928,0.904439,0.6508531333333334,0,1,1,0,0,1,0,0.6507195000000001,0.4235228254961001,0.4235228254961001,0
24,fake_23504_suno_1,1,fake,1,1.0,1,1.0,1,1,1,0.443301,0.105491,0.01,2.835879,0.920894,3.550112,-3.097528,2.822498,True,0.000503,0.113185,sample_0024_fake_23504_suno_1.json,VGG,PGD,VGG | PGD,C:\Users\domin\Downloads\jsony\jsony\pgd\vggish,0.118517,,,,,,,,0.653981,0.164345,1,0.0,0.0,0.5,0.5,0.0,1.0,0,0,0,0.443301,0.105491,0.556699,0.894509,0.725604,0,1,1,0,0.5245368571428571,0.920894,0.637528,0.22561799999999999,0.5644996,0.881483,0.6257599095238096,0,1,1,0,0,0,0,0.725604,0.4540538933901143,0.4540538933901143,0
24,fake_26293_suno_0,1,fake,1,1.0,1,1.0,1,1,0,0.46989,0.053049,0.01,2.79864,0.802342,3.239466,-2.815591,2.960402,True,0.001266,0.087332,sample_0024_fake_26293_suno_0.json,VGG,PGD,VGG | PGD,C:\Users\domin\Downloads\jsony\jsony\pgd\vggish,0.217679,,,,,,,,0.74706,0.096434,1,0.0,0.0,0.5,0.5,0.0,1.0,0,0,0,0.46989,0.053049,0.5301100000000001,0.946951,0.7385305,0,1,1,0,0.5138971428571428,0.802342,0.5598665,0.29610225,0.5920804000000001,0.782321,0.5911015488095238,0,1,1,0,0,0,0,0.7385305,0.436546522393072,0.436546522393072,0
24,real_07293,0,real,1,0.856314,0,0.11165,0,1,0,0.454656,0.047179,0.01,2.43053,0.861664,2.937508,-3.994238,3.213178,True,0.0002,0.070983,sample_0024_real_07293.json,VGG,PGD,VGG | PGD,C:\Users\domin\Downloads\jsony\jsony\pgd\vggish,0.214922,,,,,,,,0.710598,0.759033,0,-0.744664,0.744664,0.356314,0.38835,-0.03203599999999995,0.7767,0,0,0,0.454656,0.047179,0.545344,0.952821,0.7490825000000001,0,1,1,0,0.40872285714285717,0.861664,0.48437699999999995,0.0014404999999999557,0.6426356,0.7850779999999999,0.5306529928571428,0,0,0,0,0,0,0,0.0,0.0,0.0,-1
0,fake_26837_udio_0,1,fake,1,0.504763,1,0.99905,1,1,0,0.003868,0.100365,0.01,3.064182,0.998515,4.439738,-3.041858,2.17137,True,,,sample_0000_fake_26837_udio_0.json,VGG,X-Shift,VGG | X-Shift,C:\Users\domin\Downloads\jsony\jsony\xshift\vggish,0.117614,0.402401,0.640404,0.216247,0.086628,0.19324,shift,0.05,0.114137,0.001308,1,0.49428700000000003,0.49428700000000003,0.004762999999999962,0.49905,-0.49428700000000003,0.9981,0,0,0,0.003868,0.100365,0.996132,0.899635,0.9478835,1,1,1,1,0.5897662857142858,0.998515,0.8599345,0.2395355,0.434274,0.882386,0.6674018809523811,1,1,1,1,1,1,1,0.9478835,0.6326192308237263,0.6314172542851612,0
0,fake_49482_udio_1,1,fake,1,1.0,1,1.0,1,1,0,0.004846,0.119336,0.01,3.480058,0.992272,3.926315,-3.094589,2.951764,True,,,sample_0000_fake_49482_udio_1.json,VGG,X-Shift,VGG | X-Shift,C:\Users\domin\Downloads\jsony\jsony\xshift\vggish,0.093839,0.4106,0.663687,0.304498,0.165391,0.214151,shift,0.05,0.153591,0.001789,1,0.0,0.0,0.5,0.5,0.0,1.0,0,0,0,0.004846,0.119336,0.995154,0.880664,0.937909,1,1,1,1,0.708588,0.992272,0.73157875,0.22635275,0.5903528,0.906161,0.6925508833333334,1,1,1,1,1,1,1,0.937909,0.6495497064362834,0.6495497064362834,0
0,fake_51339_udio_0,1,fake,1,1.0,1,1.0,1,1,0,0.000224,0.1112,0.01,,0.996389,4.189716,-3.268202,3.484421,True,,,sample_0000_fake_51339_udio_0.json,VGG,X-Shift,VGG | X-Shift,C:\Users\domin\Downloads\jsony\jsony\xshift\vggish,0.046301,0.442574,0.664941,0.261108,0.13873,0.279821,shift,0.05,0.305365,0.014666,1,0.0,0.0,0.5,0.5,0.0,1.0,0,0,0,0.000224,0.1112,0.999776,0.8888,0.944288,1,1,1,1,,0.996389,0.7974289999999999,0.1829495,0.6968842000000001,0.953699,0.7254701399999999,1,1,1,1,1,0,0,0.944288,0.6850527475603199,0.6850527475603199,0
0,real_12540,0,real,0,0.255203,0,7.2e-05,1,1,0,0.000253,0.093413,0.01,1.770922,0.988314,1.990766,-3.517216,2.846016,True,,,sample_0000_real_12540.json,VGG,X-Shift,VGG | X-Shift,C:\Users\domin\Downloads\jsony\jsony\xshift\vggish,1.230785,0.558999,0.72202,0.211356,0.083464,0.24806,shift,0.05,0.137677,0.000932,1,-0.255131,0.255131,0.244797,0.499928,-0.255131,0.999856,0,0,0,0.000253,0.093413,0.999747,0.906587,0.9531670000000001,1,1,1,1,0.2202634285714286,0.988314,0.2476915,0.12069600000000003,0.5692032,0.0,0.3576946880952381,1,1,1,1,1,0,0,0.9531670000000001,0.3409427727676738,0.34089367700839524,0
1,fake_48933_suno_1,1,fake,1,1.0,1,1.0,1,1,0,0.000785,0.124666,0.01,3.616688,0.973393,4.385778,-1.945975,3.54901,True,,,sample_0001_fake_48933_suno_1.json,VGG,X-Shift,VGG | X-Shift,C:\Users\domin\Downloads\jsony\jsony\xshift\vggish,0.115556,0.537161,0.628566,0.165425,0.106752,0.180278,shift,0.05,0.224305,0.003302,1,0.0,0.0,0.5,0.5,0.0,1.0,0,0,0,0.000785,0.124666,0.999215,0.8753340000000001,0.9372745,1,1,1,1,0.7476251428571429,0.973393,0.8464445,0.51350625,0.709802,0.884444,0.7792024821428573,1,1,1,1,1,1,1,0.9372745,0.7303266168492055,0.7303266168492055,0
1,fake_50028_suno_1,1,fake,1,1.0,1,1.0,1,1,1,0.000588,0.116907,0.01,3.194281,0.995737,4.098831,-2.168487,3.194078,True,,,sample_0001_fake_50028_suno_1.json,VGG,X-Shift,VGG | X-Shift,C:\Users\domin\Downloads\jsony\jsony\xshift\vggish,0.073447,0.474694,0.662724,0.218566,0.10199,0.18841,shift,0.05,0.140354,0.000808,1,0.0,0.0,0.5,0.5,0.0,1.0,0,0,0,0.000588,0.116907,0.999412,0.883093,0.9412525,1,1,1,1,0.6269374285714286,0.995737,0.7747077499999999,0.45787825000000004,0.6388156,0.926553,0.7367715047619048,1,1,1,1,1,1,1,0.9412525,0.6934880207859048,0.6934880207859048,0
1,real_03147,0,real,0,0.000202,0,0.0,1,1,0,0.002354,0.103046,0.01,4.230035,0.999617,4.664232,-1.08025,3.55576,True,,,sample_0001_real_03147.json,VGG,X-Shift,VGG | X-Shift,C:\Users\domin\Downloads\jsony\jsony\xshift\vggish,0.093434,0.426086,0.697788,0.264751,0.062221,0.139906,shift,0.05,0.079504,0.005615,1,-0.000202,0.000202,0.499798,0.5,-0.00020199999999997997,1.0,0,0,0,0.002354,0.103046,0.997646,0.896954,0.9473,1,1,1,1,0.9228671428571429,0.999617,0.916058,0.7299375,0.711152,0.906566,0.8643662738095238,1,1,1,1,1,1,1,0.9473,0.818814171179762,0.818814171179762,0
1,real_03751,0,real,0,0.0,0,0.0,1,1,0,0.001612,0.137904,0.01,2.949229,0.991384,4.280511,-3.28072,3.777278,True,,,sample_0001_real_03751.json,VGG,X-Shift,VGG | X-Shift,C:\Users\domin\Downloads\jsony\jsony\xshift\vggish,0.134781,0.492317,0.653532,0.152954,0.068256,0.169876,shift,0.05,0.221318,0.003907,1,0.0,0.0,0.5,0.5,0.0,1.0,0,0,0,0.001612,0.137904,0.998388,0.862096,0.930242,1,1,1,1,0.5569225714285714,0.991384,0.8201277499999999,0.17981999999999998,0.7554556,0.865219,0.6948214869047619,1,1,1,1,1,0,0,0.930242,0.6463521296212595,0.6463521296212595,0
2,real_00577,0,real,0,0.000129,0,0.0,1,1,0,0.000617,0.151359,0.01,3.329859,0.990546,4.544953,-2.335555,2.929451,True,,,sample_0002_real_00577.json,VGG,X-Shift,VGG | X-Shift,C:\Users\domin\Downloads\jsony\jsony\xshift\vggish,0.055664,0.49696,0.635189,0.169053,0.107739,0.207467,shift,0.05,0.08473,0.000283,1,-0.000129,0.000129,0.499871,0.5,-0.00012899999999999023,1.0,0,0,0,0.000617,0.151359,0.999383,0.848641,0.9240120000000001,1,1,1,1,0.665674,0.990546,0.8862382499999999,0.41611125000000004,0.5858901999999999,0.944336,0.7481326166666666,1,1,1,1,1,1,1,0.9240120000000001,0.6912835153914,0.6912835153914,0
2,real_03067,0,real,0,1e-06,0,6.7e-05,1,1,0,0.000502,0.082708,0.01,4.33323,0.999909,4.952394,-0.473412,4.758306,True,,,sample_0002_real_03067.json,VGG,X-Shift,VGG | X-Shift,C:\Users\domin\Downloads\jsony\jsony\xshift\vggish,0.028321,0.447892,0.639174,0.195151,0.086065,0.252098,shift,0.05,0.057618,0.003906,1,6.6e-05,6.6e-05,0.499999,0.499933,6.60000000000105e-05,0.999866,0,0,0,0.000502,0.082708,0.999498,0.917292,0.958395,1,1,1,1,0.9523514285714286,0.999909,0.9880985,0.881647,0.9516612,0.971679,0.9575576880952381,1,1,1,1,1,1,1,0.958395,0.9177185004820357,0.9175955262029711,0
2,real_03464,0,real,0,7.9e-05,0,0.004859,1,1,0,6.1e-05,0.119941,0.01,3.286349,0.938826,4.102282,-3.979376,3.102429,True,,,sample_0002_real_03464.json,VGG,X-Shift,VGG | X-Shift,C:\Users\domin\Downloads\jsony\jsony\xshift\vggish,0.097025,0.45301,0.662538,0.279974,0.160606,0.216937,shift,0.05,0.110224,0.000583,1,0.0047799999999999995,0.0047799999999999995,0.499921,0.495141,0.0047800000000000065,0.990282,0,0,0,6.1e-05,0.119941,0.999939,0.880059,0.939999,1,1,1,1,0.6532425714285715,0.938826,0.7755704999999999,0.005156000000000049,0.6204858,0.902975,0.6493759785714285,1,1,1,1,1,1,1,0.939999,0.6104127704811643,0.6044807791776283,0
2,real_03705,0,real,0,0.0,0,0.0,1,1,0,0.00259,0.089369,0.01,3.821589,0.995742,4.366555,-2.884446,4.147113,True,,,sample_0002_real_03705.json,VGG,X-Shift,VGG | X-Shift,C:\Users\domin\Downloads\jsony\jsony\xshift\vggish,0.135972,0.505976,0.636986,0.15435,0.09568,0.212677,shift,0.05,0.288862,0.017954,1,0.0,0.0,0.5,0.5,0.0,1.0,0,0,0,0.00259,0.089369,0.99741,0.910631,0.9540204999999999,1,1,1,1,0.8061682857142857,0.995742,0.84163875,0.2788885,0.8294226,0.864028,0.7693146892857143,1,1,1,1,1,1,1,0.9540204999999999,0.7339419845297018,0.7339419845297018,0
3,fake_16796_suno_1,1,fake,1,1.0,1,1.0,1,1,1,0.004724,0.091131,0.01,4.571181,0.999753,4.99671,-0.13724,4.996946,True,,,sample_0003_fake_16796_suno_1.json,VGG,X-Shift,VGG | X-Shift,C:\Users\domin\Downloads\jsony\jsony\xshift\vggish,0.001679,0.587784,0.860715,0.377885,0.061976,0.089464,shift,0.05,0.051228,0.006958,1,0.0,0.0,0.5,0.5,0.0,1.0,0,0,0,0.004724,0.091131,0.995276,0.908869,0.9520725000000001,1,1,1,1,1.0,0.999753,0.9991775,0.96569,0.9993892000000001,0.998321,0.9937217833333333,1,1,1,1,1,1,1,0.9520725000000001,0.946095182562625,0.946095182562625,0
3,fake_35261_suno_1,1,fake,1,1.0,1,1.0,1,1,1,0.003974,0.090486,0.01,4.146717,0.998145,4.844986,-0.981081,4.674454,True,,,sample_0003_fake_35261_suno_1.json,VGG,X-Shift,VGG | X-Shift,C:\Users\domin\Downloads\jsony\jsony\xshift\vggish,0.019959,0.558722,0.704479,0.21673,0.112041,0.205432,shift,0.05,0.110445,0.002419,1,0.0,0.0,0.5,0.5,0.0,1.0,0,0,0,0.003974,0.090486,0.996026,0.909514,0.95277,1,1,1,1,0.8990619999999999,0.998145,0.9612464999999999,0.75472975,0.9348908,0.980041,0.9213525083333333,1,1,1,1,1,1,1,0.95277,0.8778370293647499,0.8778370293647499,0
3,fake_51789_suno_0,1,fake,1,1.0,1,1.0,1,1,1,0.001691,0.136938,0.01,2.942065,0.986951,4.238353,-2.265369,3.341725,True,,,sample_0003_fake_51789_suno_0.json,VGG,X-Shift,VGG | X-Shift,C:\Users\domin\Downloads\jsony\jsony\xshift\vggish,0.104043,0.514995,0.651138,0.170361,0.090983,0.216793,shift,0.05,0.095295,0.000317,1,0.0,0.0,0.5,0.5,0.0,1.0,0,0,0,0.001691,0.136938,0.998309,0.863062,0.9306855,1,1,1,1,0.5548757142857142,0.986951,0.80958825,0.43365774999999995,0.668345,0.895957,0.7248957857142857,1,1,1,1,1,0,0,0.9306855,0.6746499967753928,0.6746499967753928,0
3,real_06031,0,real,0,1e-06,0,1e-06,1,1,0,0.000321,0.110317,0.01,3.050255,0.886516,3.770616,-3.500253,2.932125,True,,,sample_0003_real_06031.json,VGG,X-Shift,VGG | X-Shift,C:\Users\domin\Downloads\jsony\jsony\xshift\vggish,0.139322,0.472276,0.635068,0.168287,0.079048,0.261339,shift,0.05,0.152395,0.001763,1,0.0,0.0,0.499999,0.499999,0.0,0.999998,0,0,0,0.000321,0.110317,0.999679,0.889683,0.944681,1,1,1,1,0.5857871428571428,0.886516,0.692654,0.12493675000000004,0.586425,0.860678,0.6228328154761905,1,1,1,1,1,1,1,0.944681,0.5883783269568631,0.5883771502002092,0
4,fake_02193_udio_1,1,fake,1,1.0,1,1.0,1,1,0,9.9e-05,0.116586,0.01,3.160657,0.995994,4.399327,-3.975484,2.155138,True,,,sample_0004_fake_02193_udio_1.json,VGG,X-Shift,VGG | X-Shift,C:\Users\domin\Downloads\jsony\jsony\xshift\vggish,0.188344,0.463942,0.65335,0.262257,0.145509,0.185916,shift,0.05,0.149623,0.001462,1,0.0,0.0,0.5,0.5,0.0,1.0,0,0,0,9.9e-05,0.116586,0.999901,0.883414,0.9416575,1,1,1,1,0.6173305714285714,0.995994,0.8498317500000001,0.006129000000000051,0.4310276,0.8116559999999999,0.6186614869047619,1,1,1,1,1,1,1,0.9416575,0.5825672291050208,0.5825672291050208,0
4,fake_27504_udio_1,1,fake,1,1.0,1,1.0,1,1,1,0.001043,0.106162,0.01,4.577337,0.999817,4.997903,-0.122204,4.989362,True,,,sample_0004_fake_27504_udio_1.json,VGG,X-Shift,VGG | X-Shift,C:\Users\domin\Downloads\jsony\jsony\xshift\vggish,0.001376,0.533997,0.785419,0.320814,0.079649,0.103674,shift,0.05,0.045986,0.003845,1,0.0,0.0,0.5,0.5,0.0,1.0,0,0,0,0.001043,0.106162,0.998957,0.893838,0.9463975,1,1,1,1,1.0,0.999817,0.99947575,0.969449,0.9978724,0.998624,0.9942063583333333,1,1,1,1,1,1,1,0.9463975,0.9409144120107708,0.9409144120107708,0
4,real_12407,0,real,0,0.017894,0,0.012954,1,1,0,0.000794,0.100516,0.01,3.246109,0.722613,2.90025,-3.24897,2.987647,True,,,sample_0004_real_12407.json,VGG,X-Shift,VGG | X-Shift,C:\Users\domin\Downloads\jsony\jsony\xshift\vggish,0.193698,0.524068,0.61049,0.109532,0.064752,0.219781,shift,0.05,0.074734,0.000233,1,-0.00494,0.00494,0.482106,0.487046,-0.00494,0.974092,0,0,0,0.000794,0.100516,0.999206,0.899484,0.949345,1,1,1,1,0.6417454285714286,0.722613,0.47506250000000005,0.18775750000000002,0.5975294,0.806302,0.5718349714285714,1,1,1,1,1,0,0,0.949345,0.5428686709508571,0.5288040294238623,0
4,real_19597,0,real,1,0.926315,1,1.0,0,0,0,0.000201,0.0943,0.01,3.739741,0.888341,3.285032,-3.983002,3.186073,True,,,sample_0004_real_19597.json,VGG,X-Shift,VGG | X-Shift,C:\Users\domin\Downloads\jsony\jsony\xshift\vggish,0.267437,0.49866,0.601208,0.1071,0.064054,0.210293,shift,0.05,0.145399,0.001269,1,0.073685,0.073685,0.426315,0.5,-0.073685,1.0,0,0,0,0.000201,0.0943,0.999799,0.9057,0.9527494999999999,1,1,1,1,0.7827831428571429,0.888341,0.571258,0.004249500000000017,0.6372146,0.7325630000000001,0.6027348738095238,1,1,1,1,1,0,0,0.9527494999999999,0.5742553496545869,0.5742553496545869,0
5,fake_30244_udio_0,1,fake,1,0.998652,1,0.999925,1,1,0,0.000224,0.100949,0.01,4.203657,0.972223,4.472486,-3.967206,2.990819,True,,,sample_0005_fake_30244_udio_0.json,VGG,X-Shift,VGG | X-Shift,C:\Users\domin\Downloads\jsony\jsony\xshift\vggish,0.0549,0.437235,0.641945,0.209894,0.097622,0.216106,shift,0.05,0.087051,0.001797,1,0.0012729999999999686,0.0012729999999999686,0.498652,0.49992499999999995,-0.0012729999999999686,0.9998499999999999,0,0,0,0.000224,0.100949,0.999776,0.899051,0.9494135,1,1,1,1,0.9153305714285713,0.972223,0.8681215,0.008198499999999997,0.5981638,0.9451,0.7178562285714286,1,1,1,1,1,1,1,0.9494135,0.6815423944648,0.6814401631056303,0
5,fake_40188_udio_1,1,fake,1,1.0,1,0.999995,1,1,0,0.069816,0.109862,0.01,,0.992049,4.608108,-1.893831,4.206953,True,,,sample_0005_fake_40188_udio_1.json,VGG,X-Shift,VGG | X-Shift,C:\Users\domin\Downloads\jsony\jsony\xshift\vggish,0.042713,0.481614,0.70195,0.274348,0.133593,0.258706,shift,0.05,0.193076,0.014519,1,-5.000000000032756e-06,5.000000000032756e-06,0.5,0.49999499999999997,5.000000000032756e-06,0.9999899999999999,0,0,0,0.069816,0.109862,0.930184,0.890138,0.910161,1,1,1,1,,0.992049,0.9020269999999999,0.52654225,0.8413906000000001,0.957287,0.84385917,1,1,1,1,1,0,0,0.910161,0.76804770602637,0.7680400255493096,0
5,real_06308,0,real,0,0.0,0,0.0,1,1,0,0.007887,0.127244,0.01,4.239293,0.995681,4.919163,-0.749649,4.834946,True,,,sample_0005_real_06308.json,VGG,X-Shift,VGG | X-Shift,C:\Users\domin\Downloads\jsony\jsony\xshift\vggish,0.021072,0.435813,0.730146,0.32673,0.113362,0.169552,shift,0.05,0.077536,0.000668,1,0.0,0.0,0.5,0.5,0.0,1.0,0,0,0,0.007887,0.127244,0.992113,0.872756,0.9324345,1,1,1,1,0.9255122857142857,0.995681,0.97979075,0.81258775,0.9669892000000001,0.978928,0.9432481642857143,1,1,1,1,1,1,1,0.9324345,0.879517130441668,0.879517130441668,0
5,real_11839,0,real,0,0.023311,0,0.020329,1,1,0,0.002695,0.118728,0.01,3.930656,0.996296,4.766487,-1.961261,4.573792,True,,,sample_0005_real_11839.json,VGG,X-Shift,VGG | X-Shift,C:\Users\domin\Downloads\jsony\jsony\xshift\vggish,0.064926,0.482931,0.75139,0.31708,0.178018,0.143801,shift,0.05,0.064291,0.000226,1,-0.0029819999999999985,0.0029819999999999985,0.47668900000000003,0.479671,-0.0029819999999999847,0.959342,0,0,0,0.002695,0.118728,0.997305,0.881272,0.9392885,1,1,1,1,0.8373302857142857,0.996296,0.9416217499999999,0.50968475,0.9147584,0.935074,0.8557941976190476,1,1,1,1,1,1,1,0.9392885,0.8038376481902988,0.7711552170901776,0
6,fake_41087_udio_1,1,fake,1,0.816809,1,1.0,1,1,0,0.000148,0.112728,0.01,2.321027,0.902551,3.940059,-3.169259,3.120764,True,,,sample_0006_fake_41087_udio_1.json,VGG,X-Shift,VGG | X-Shift,C:\Users\domin\Downloads\jsony\jsony\xshift\vggish,0.159777,0.490373,0.610643,0.130195,0.071849,0.244969,shift,0.05,0.199352,0.001779,1,0.183191,0.183191,0.316809,0.5,-0.183191,1.0,0,0,0,0.000148,0.112728,0.999852,0.8872720000000001,0.943562,1,1,1,1,0.3774362857142857,0.902551,0.73501475,0.20768525000000004,0.6241528,0.8402229999999999,0.6145105142857142,1,1,1,1,1,0,0,0.943562,0.5798287698804571,0.5798287698804571,0
6,real_19284,0,real,0,0.0,0,0.0,1,1,0,0.000252,0.090205,0.01,4.249387,0.991889,4.779365,-0.609832,4.487724,True,,,sample_0006_real_19284.json,VGG,X-Shift,VGG | X-Shift,C:\Users\domin\Downloads\jsony\jsony\xshift\vggish,0.009361,0.509555,0.66305,0.174144,0.112014,0.196997,shift,0.05,0.217684,0.006513,1,0.0,0.0,0.5,0.5,0.0,1.0,0,0,0,0.000252,0.090205,0.999748,0.909795,0.9547715,1,1,1,1,0.9283962857142856,0.991889,0.9448412500000001,0.847542,0.8975448,0.990639,0.9334753892857143,1,1,1,1,1,1,1,0.9547715,0.8912556976414053,0.8912556976414053,0
6,real_19441,0,real,0,0.0,0,0.0,1,1,0,0.000154,0.097303,0.01,3.449257,0.874715,3.991376,-3.159959,3.730129,True,,,sample_0006_real_19441.json,VGG,X-Shift,VGG | X-Shift,C:\Users\domin\Downloads\jsony\jsony\xshift\vggish,0.146641,0.473906,0.714545,0.295987,0.192586,0.205209,shift,0.05,0.126014,0.000417,1,0.0,0.0,0.5,0.5,0.0,1.0,0,0,0,0.000154,0.097303,0.999846,0.902697,0.9512715,1,1,1,1,0.6997877142857142,0.874715,0.747844,0.21001024999999995,0.7460258,0.853359,0.6886236273809523,1,1,1,1,1,1,1,0.9512715,0.6550680309541196,0.6550680309541196,0
6,real_20445,0,real,0,0.280358,0,0.000222,1,1,0,0.001235,0.077454,0.01,3.981462,0.945622,4.254098,-1.333838,4.03414,True,,,sample_0006_real_20445.json,VGG,X-Shift,VGG | X-Shift,C:\Users\domin\Downloads\jsony\jsony\xshift\vggish,0.061025,0.476703,0.612957,0.148298,0.06898,0.320071,shift,0.05,0.192671,0.013485,1,-0.280136,0.280136,0.219642,0.499778,-0.280136,0.999556,0,0,0,0.001235,0.077454,0.998765,0.922546,0.9606555,1,1,1,1,0.8518462857142858,0.945622,0.8135245,0.6665405,0.806828,0.938975,0.8372227142857144,1,1,1,1,1,1,1,0.9606555,0.8042826052035,0.8039255037267897,0
7,fake_02868_suno_1,1,fake,1,1.0,1,1.0,1,1,1,0.000614,0.133735,0.01,4.208026,0.996949,4.825229,-0.829105,4.306447,True,,,sample_0007_fake_02868_suno_1.json,VGG,X-Shift,VGG | X-Shift,C:\Users\domin\Downloads\jsony\jsony\xshift\vggish,0.010674,0.550019,0.710571,0.240566,0.118996,0.219228,shift,0.05,0.087738,0.00069,1,0.0,0.0,0.5,0.5,0.0,1.0,0,0,0,0.000614,0.133735,0.999386,0.8662650000000001,0.9328255000000001,1,1,1,1,0.9165788571428573,0.996949,0.95630725,0.79272375,0.8612894000000001,0.989326,0.9188623761904763,1,1,1,1,1,1,1,0.9328255000000001,0.8571382555010693,0.8571382555010693,0
7,real_06994,0,real,0,0.141159,0,0.096787,1,1,0,0.000447,0.098403,0.01,2.158617,0.997478,3.600801,-3.40433,3.633455,True,,,sample_0007_real_06994.json,VGG,X-Shift,VGG | X-Shift,C:\Users\domin\Downloads\jsony\jsony\xshift\vggish,0.431986,0.442026,0.69425,0.266578,0.119389,0.198719,shift,0.05,0.07595,0.00046,1,-0.04437200000000001,0.04437200000000001,0.35884099999999997,0.403213,-0.04437200000000002,0.806426,0,0,0,0.000447,0.098403,0.999553,0.901597,0.950575,1,1,1,1,0.3310334285714286,0.997478,0.65020025,0.14891750000000004,0.726691,0.568014,0.5703890297619046,1,1,1,1,1,0,0,0.950575,0.5421975519659225,0.43724220304167094,0
7,real_10101,0,real,0,0.0,0,0.0,1,1,0,0.002203,0.110668,0.01,2.510749,0.790765,3.303723,-3.987438,3.115896,True,,,sample_0007_real_10101.json,VGG,X-Shift,VGG | X-Shift,C:\Users\domin\Downloads\jsony\jsony\xshift\vggish,0.225604,0.447799,0.645949,0.17334,0.098692,0.187425,shift,0.05,0.137461,0.001167,1,0.0,0.0,0.5,0.5,0.0,1.0,0,0,0,0.002203,0.110668,0.997797,0.889332,0.9435645,1,1,1,1,0.4316425714285715,0.790765,0.57593075,0.0031404999999999905,0.6231792,0.774396,0.5331756702380953,1,1,1,1,1,0,0,0.9435645,0.5030856347003733,0.5030856347003733,0
7,real_12935,0,real,0,3e-05,0,9.3e-05,1,1,0,0.001799,0.089158,0.01,2.092229,0.485506,2.343373,-3.123318,3.433386,True,,,sample_0007_real_12935.json,VGG,X-Shift,VGG | X-Shift,C:\Users\domin\Downloads\jsony\jsony\xshift\vggish,0.217188,0.477893,0.671672,0.211855,0.114623,0.169821,shift,0.05,0.064613,0.000105,1,6.3e-05,6.3e-05,0.49997,0.499907,6.300000000003525e-05,0.999814,0,0,0,0.001799,0.089158,0.998201,0.910842,0.9545215,1,1,1,1,0.3120654285714286,0.485506,0.33584325000000004,0.21917050000000005,0.6866772,0.7828120000000001,0.47034572976190486,1,1,1,1,1,0,0,0.9545215,0.4489551114909281,0.44887160584019076,0
8,fake_29238_suno_1,1,fake,1,1.0,1,1.0,1,1,1,0.001615,0.073298,0.01,4.41029,0.987357,4.797282,-1.136296,4.557601,True,,,sample_0008_fake_29238_suno_1.json,VGG,X-Shift,VGG | X-Shift,C:\Users\domin\Downloads\jsony\jsony\xshift\vggish,0.019776,0.583145,0.774209,0.303299,0.176209,0.161404,shift,0.05,0.176551,0.001973,1,0.0,0.0,0.5,0.5,0.0,1.0,0,0,0,0.001615,0.073298,0.998385,0.926702,0.9625435,1,1,1,1,0.9743685714285714,0.987357,0.9493205,0.7159260000000001,0.9115202,0.980224,0.9197860452380953,1,1,1,1,1,1,1,0.9625435,0.8853340792346346,0.8853340792346346,0
8,real_07251,0,real,0,0.121693,0,0.121693,1,1,0,0.002849,0.213362,0.01,,0.0,,0.0,5.0,True,,,sample_0008_real_07251.json,VGG,X-Shift,VGG | X-Shift,C:\Users\domin\Downloads\jsony\jsony\xshift\vggish,0.0,0.485559,0.634885,0.174164,0.084124,0.183029,shift,0.05,0.0,0.0,1,0.0,0.0,0.378307,0.378307,0.0,0.756614,0,0,0,0.002849,0.213362,0.997151,0.786638,0.8918945,1,1,1,1,,0.0,,1.0,1.0,1.0,0.75,1,1,1,1,1,0,0,0.8918945,0.668920875,0.50611489891725,0
8,real_07252,0,real,0,0.0,0,0.0,1,1,1,0.000257,0.092494,0.01,3.736685,0.99866,4.503083,-3.280525,3.614799,True,,,sample_0008_real_07252.json,VGG,X-Shift,VGG | X-Shift,C:\Users\domin\Downloads\jsony\jsony\xshift\vggish,0.086823,0.486711,0.647519,0.16721,0.082806,0.132759,shift,0.05,0.143579,0.00306,1,0.0,0.0,0.5,0.5,0.0,1.0,0,0,0,0.000257,0.092494,0.999743,0.907506,0.9536245000000001,1,1,1,1,0.78191,0.99866,0.87577075,0.17986875000000002,0.7229598,0.913177,0.7453910499999999,1,1,1,1,1,1,1,0.9536245000000001,0.710823167360725,0.710823167360725,0
8,real_18998,0,real,0,0.007376,0,0.011405,1,1,0,0.000644,0.118875,0.01,4.396478,0.999916,4.993742,-0.251016,4.798044,True,,,sample_0008_real_18998.json,VGG,X-Shift,VGG | X-Shift,C:\Users\domin\Downloads\jsony\jsony\xshift\vggish,0.010906,0.524525,0.774308,0.26914,0.209304,0.112084,shift,0.05,0.078239,0.009888,1,0.0040290000000000005,0.0040290000000000005,0.492624,0.488595,0.004029000000000005,0.97719,0,0,0,0.000644,0.118875,0.999356,0.881125,0.9402405,1,1,1,1,0.9704222857142858,0.999916,0.9984355,0.937246,0.9596088,0.989094,0.9757870976190476,1,1,1,1,1,1,1,0.9402405,0.9174745485588821,0.896546954106254,0
9,real_06334,0,real,0,1e-06,0,0.0,1,1,0,0.006404,0.1365,0.01,3.437233,0.990149,4.304272,-3.932268,3.569909,True,,,sample_0009_real_06334.json,VGG,X-Shift,VGG | X-Shift,C:\Users\domin\Downloads\jsony\jsony\xshift\vggish,0.088594,0.479424,0.615955,0.134104,0.074721,0.221484,shift,0.05,0.244921,0.0126,1,-1e-06,1e-06,0.499999,0.5,-9.999999999732445e-07,1.0,0,0,0,0.006404,0.1365,0.993596,0.8634999999999999,0.9285479999999999,1,1,1,1,0.6963522857142858,0.990149,0.826068,0.016932999999999976,0.7139818,0.9114059999999999,0.6924816809523809,1,1,1,1,1,1,1,0.9285479999999999,0.6430024798849714,0.6430024798849714,0
9,real_10022,0,real,0,0.015382,0,0.002227,1,1,0,0.003976,0.121932,0.01,1.461263,0.999117,4.709486,-3.733395,2.419469,True,,,sample_0009_real_10022.json,VGG,X-Shift,VGG | X-Shift,C:\Users\domin\Downloads\jsony\jsony\xshift\vggish,1.037839,0.52079,0.669057,0.171979,0.068497,0.232684,shift,0.05,0.072097,0.000178,1,-0.013155,0.013155,0.484618,0.497773,-0.013155000000000028,0.995546,0,0,0,0.003976,0.121932,0.996024,0.878068,0.937046,1,1,1,1,0.13178942857142856,0.999117,0.9273715,0.06665125000000005,0.4838938,0.0,0.4348038297619048,1,1,1,1,1,0,0,0.937046,0.4074311894630739,0.40561649094520535,0
9,real_13937,0,real,0,0.00101,1,0.99907,1,0,0,0.000862,0.103901,0.01,4.214407,0.999847,4.968184,-1.534859,4.127378,True,,,sample_0009_real_13937.json,VGG,X-Shift,VGG | X-Shift,C:\Users\domin\Downloads\jsony\jsony\xshift\vggish,0.040021,0.447972,0.681435,0.249373,0.056749,0.271065,shift,0.05,0.070132,0.014648,0,0.9980600000000001,0.9980600000000001,0.49899,0.49907,-8.00000000000245e-05,0.99814,0,0,0,0.000862,0.103901,0.999138,0.896099,0.9476184999999999,1,1,1,1,0.9184019999999998,0.999847,0.992046,0.61628525,0.8254756000000001,0.959979,0.8853391416666665,0,0,0,0,0,1,0,0.0,0.0,0.0,1
9,real_19731,0,real,0,0.000184,0,0.0,1,1,0,5.6e-05,0.102821,0.01,2.759765,0.639825,2.251837,-3.626971,2.642767,True,,,sample_0009_real_19731.json,VGG,X-Shift,VGG | X-Shift,C:\Users\domin\Downloads\jsony\jsony\xshift\vggish,0.215674,0.510209,0.63061,0.167389,0.098257,0.225661,shift,0.05,0.109276,0.000392,1,-0.000184,0.000184,0.499816,0.5,-0.00018400000000001748,1.0,0,0,0,5.6e-05,0.102821,0.999944,0.897179,0.9485615000000001,1,1,1,1,0.50279,0.639825,0.31295925,0.09325724999999996,0.5285534000000001,0.784326,0.4769518166666667,1,1,1,1,1,0,0,0.9485615000000001,0.45241813064505837,0.45241813064505837,0
10,fake_01429_suno_1,1,fake,1,1.0,1,1.0,1,1,0,0.00638,0.139833,0.01,4.132091,0.997451,4.878841,-0.782539,3.98117,True,,,sample_0010_fake_01429_suno_1.json,VGG,X-Shift,VGG | X-Shift,C:\Users\domin\Downloads\jsony\jsony\xshift\vggish,0.007932,0.551866,0.70434,0.273132,0.176897,0.238767,shift,0.05,0.072812,0.000296,1,0.0,0.0,0.5,0.5,0.0,1.0,0,0,0,0.00638,0.139833,0.99362,0.860167,0.9268935,1,1,1,1,0.8948831428571429,0.997451,0.9697102500000001,0.80436525,0.796234,0.992068,0.9091186071428572,1,1,1,1,1,1,1,0.9268935,0.8426561276897679,0.8426561276897679,0
10,fake_18908_suno_1,1,fake,1,1.0,1,1.0,1,1,1,0.000538,0.098085,0.01,3.520395,0.915867,4.293892,-2.164393,3.800603,True,,,sample_0010_fake_18908_suno_1.json,VGG,X-Shift,VGG | X-Shift,C:\Users\domin\Downloads\jsony\jsony\xshift\vggish,0.214765,0.528506,0.617018,0.122149,0.086966,0.241562,shift,0.05,0.190391,0.001641,1,0.0,0.0,0.5,0.5,0.0,1.0,0,0,0,0.000538,0.098085,0.999462,0.901915,0.9506885,1,1,1,1,0.7201128571428572,0.915867,0.8234729999999999,0.45890175,0.7601206,0.785235,0.743951701190476,1,1,1,1,1,1,1,0.9506885,0.7072663268772219,0.7072663268772219,0
10,fake_46798_udio_1,1,fake,1,1.0,1,1.0,1,1,0,0.002704,0.099344,0.01,2.821469,0.940727,3.851452,-3.986183,2.766141,True,,,sample_0010_fake_46798_udio_1.json,VGG,X-Shift,VGG | X-Shift,C:\Users\domin\Downloads\jsony\jsony\xshift\vggish,0.242635,0.449988,0.603919,0.112877,0.061057,0.297204,shift,0.05,0.209751,0.001797,1,0.0,0.0,0.5,0.5,0.0,1.0,0,0,0,0.002704,0.099344,0.997296,0.900656,0.948976,1,1,1,1,0.5204197142857143,0.940727,0.712863,0.003454249999999992,0.5532282000000001,0.7573650000000001,0.5813428607142858,1,1,1,1,1,0,0,0.948976,0.5516804225892,0.5516804225892,0
10,fake_50637_suno_0,1,fake,1,1.0,1,0.999994,1,1,0,0.000311,0.101611,0.01,3.991443,0.974205,4.462042,-1.581937,4.175205,True,,,sample_0010_fake_50637_suno_0.json,VGG,X-Shift,VGG | X-Shift,C:\Users\domin\Downloads\jsony\jsony\xshift\vggish,0.033361,0.539889,0.675642,0.203231,0.130744,0.272915,shift,0.05,0.143342,0.000973,1,-5.999999999950489e-06,5.999999999950489e-06,0.5,0.49999400000000005,5.999999999950489e-06,0.9999880000000001,0,0,0,0.000311,0.101611,0.999689,0.898389,0.949039,1,1,1,1,0.854698,0.974205,0.8655105000000001,0.60451575,0.835041,0.966639,0.8501015416666666,1,1,1,1,1,1,1,0.949039,0.8067795170017916,0.8067698356475876,0
11,real_07265,0,real,0,0.043829,0,0.066656,1,1,0,0.006497,0.111551,0.01,3.876514,0.998172,4.465068,-3.412362,3.27272,True,,,sample_0011_real_07265.json,VGG,X-Shift,VGG | X-Shift,C:\Users\domin\Downloads\jsony\jsony\xshift\vggish,0.047125,0.444399,0.697051,0.257003,0.159612,0.197398,shift,0.05,0.070167,0.001324,1,0.022827000000000007,0.022827000000000007,0.456171,0.433344,0.022826999999999986,0.866688,0,0,0,0.006497,0.111551,0.993503,0.888449,0.940976,1,1,1,1,0.8218611428571428,0.998172,0.8662669999999999,0.14690950000000003,0.654544,0.952875,0.7401047738095238,1,1,1,1,1,1,1,0.940976,0.6964208296401905,0.6035795759991974,0
11,real_09534,0,real,0,6.7e-05,0,5e-06,1,1,0,0.000149,0.079341,0.01,,0.99753,4.716489,-2.050791,3.808746,True,,,sample_0011_real_09534.json,VGG,X-Shift,VGG | X-Shift,C:\Users\domin\Downloads\jsony\jsony\xshift\vggish,0.034744,0.510577,0.756189,0.311667,0.200386,0.173089,shift,0.05,0.084054,0.000487,1,-6.2e-05,6.2e-05,0.499933,0.499995,-6.20000000000065e-05,0.99999,0,0,0,0.000149,0.079341,0.999851,0.920659,0.9602550000000001,1,1,1,1,,0.99753,0.92912225,0.48730225000000005,0.7617492,0.965256,0.82819194,1,1,1,1,1,0,0,0.9602550000000001,0.7952754513447,0.7952674985901866,0
11,real_12741,0,real,0,0.000112,1,0.999996,1,0,0,0.000892,0.089037,0.01,1.899235,0.998447,3.924291,-3.257203,2.852804,True,,,sample_0011_real_12741.json,VGG,X-Shift,VGG | X-Shift,C:\Users\domin\Downloads\jsony\jsony\xshift\vggish,0.182631,0.471438,0.701998,0.280603,0.157311,0.270773,shift,0.05,0.209858,0.007278,0,0.999884,0.999884,0.499888,0.499996,-0.00010799999999999699,0.999992,0,0,0,0.000892,0.089037,0.999108,0.910963,0.9550354999999999,1,1,1,1,0.2569242857142857,0.998447,0.73107275,0.18569924999999998,0.5705608,0.817369,0.5933455142857142,0,0,0,0,0,0,0,0.0,0.0,0.0,1
11,real_13325,0,real,1,0.918426,0,0.08263,0,1,0,0.000144,0.135727,0.01,3.775344,0.908138,4.22754,-2.037054,4.159224,True,,,sample_0011_real_13325.json,VGG,X-Shift,VGG | X-Shift,C:\Users\domin\Downloads\jsony\jsony\xshift\vggish,0.102335,0.514355,0.61742,0.128778,0.076313,0.249572,shift,0.05,0.083791,0.000272,0,-0.835796,0.835796,0.41842599999999996,0.41737,0.0010559999999999459,0.83474,0,0,0,0.000144,0.135727,0.999856,0.8642730000000001,0.9320645000000001,1,1,1,1,0.7929554285714285,0.908138,0.8068850000000001,0.4907365,0.8318448,0.897665,0.7880374547619048,0,0,0,0,0,1,0,0.0,0.0,0.0,-1
12,fake_13581_udio_0,1,fake,1,0.954369,1,0.997999,1,1,0,0.000156,0.083546,0.01,3.241313,0.855949,3.449302,-3.08594,3.240224,True,,,sample_0012_fake_13581_udio_0.json,VGG,X-Shift,VGG | X-Shift,C:\Users\domin\Downloads\jsony\jsony\xshift\vggish,0.146212,0.484973,0.590306,0.11612,0.069037,0.279979,shift,0.05,0.233997,0.002631,1,0.04362999999999995,0.04362999999999995,0.454369,0.49799899999999997,-0.04362999999999995,0.9959979999999999,0,0,0,0.000156,0.083546,0.999844,0.916454,0.9581489999999999,1,1,1,1,0.6403751428571428,0.855949,0.6123255,0.22851500000000002,0.6480448,0.853788,0.6398329071428571,1,1,1,1,1,1,1,0.9581489999999999,0.6130552601460214,0.610601812994917,0
12,real_00689,0,real,0,0.0,0,0.0,1,1,0,0.001731,0.154955,0.01,4.112288,0.988049,4.643606,-0.706408,4.038428,True,,,sample_0012_real_00689.json,VGG,X-Shift,VGG | X-Shift,C:\Users\domin\Downloads\jsony\jsony\xshift\vggish,0.037338,0.447445,0.711345,0.247364,0.092392,0.12949,shift,0.05,0.144924,0.013367,1,0.0,0.0,0.5,0.5,0.0,1.0,0,0,0,0.001731,0.154955,0.998269,0.845045,0.921657,1,1,1,1,0.8892251428571429,0.988049,0.9109015,0.823398,0.8076855999999999,0.962662,0.8969868738095238,1,1,1,1,1,1,1,0.921657,0.8267142311546642,0.8267142311546642,0
12,real_03041,0,real,0,4e-06,0,0.000293,1,1,0,0.000153,0.113913,0.01,2.767497,0.886622,3.752718,-2.448062,3.39871,True,,,sample_0012_real_03041.json,VGG,X-Shift,VGG | X-Shift,C:\Users\domin\Downloads\jsony\jsony\xshift\vggish,0.119075,0.476294,0.632892,0.157708,0.077143,0.211473,shift,0.05,0.195724,0.002669,1,0.00028900000000000003,0.00028900000000000003,0.499996,0.499707,0.0002889999999999837,0.999414,0,0,0,0.000153,0.113913,0.999847,0.886087,0.942967,1,1,1,1,0.5049991428571429,0.886622,0.6881795,0.38798449999999995,0.679742,0.880925,0.6714086904761905,1,1,1,1,1,0,0,0.942967,0.6331162386322619,0.6327452325164233,0
12,real_11262,0,real,0,1e-06,0,0.0,1,1,0,0.0014,0.083889,0.01,4.28304,0.997316,4.782335,-1.198904,4.237569,True,,,sample_0012_real_11262.json,VGG,X-Shift,VGG | X-Shift,C:\Users\domin\Downloads\jsony\jsony\xshift\vggish,0.025968,0.433728,0.655673,0.218267,0.086987,0.316878,shift,0.05,0.13639,0.004713,1,-1e-06,1e-06,0.499999,0.5,-9.999999999732445e-07,1.0,0,0,0,0.0014,0.083889,0.9986,0.916111,0.9573555,1,1,1,1,0.9380114285714285,0.997316,0.94558375,0.7002740000000001,0.8475138,0.974032,0.9004551630952381,1,1,1,1,1,1,1,0.9573555,0.8620557028926232,0.8620557028926232,0
13,fake_13018_udio_0,1,fake,1,0.999187,0,0.0,1,0,0,0.002539,0.093834,0.01,,0.992846,4.322823,-3.839441,3.350236,True,,,sample_0013_fake_13018_udio_0.json,VGG,X-Shift,VGG | X-Shift,C:\Users\domin\Downloads\jsony\jsony\xshift\vggish,0.047022,0.470965,0.639693,0.219795,0.128736,0.195698,shift,0.05,0.18694,0.003825,0,-0.999187,0.999187,0.49918700000000005,0.5,-0.0008129999999999526,1.0,0,0,0,0.002539,0.093834,0.997461,0.906166,0.9518135000000001,1,1,1,1,,0.992846,0.8307057499999999,0.04013975000000003,0.6700472000000001,0.952978,0.69734334,0,0,0,0,0,0,0,0.0,0.0,0.0,1
13,fake_14334_suno_1,1,fake,1,1.0,1,1.0,1,1,1,0.002475,0.128993,0.01,3.67794,0.952045,4.38902,-2.139451,3.948677,True,,,sample_0013_fake_14334_suno_1.json,VGG,X-Shift,VGG | X-Shift,C:\Users\domin\Downloads\jsony\jsony\xshift\vggish,0.123686,0.537079,0.700838,0.253987,0.140481,0.192089,shift,0.05,0.141237,0.001384,1,0.0,0.0,0.5,0.5,0.0,1.0,0,0,0,0.002475,0.128993,0.997525,0.871007,0.934266,1,1,1,1,0.7651257142857143,0.952045,0.8472550000000001,0.46513724999999995,0.7897354,0.876314,0.7826020607142858,1,1,1,1,1,1,1,0.934266,0.731158496855293,0.731158496855293,0
13,fake_46348_udio_1,1,fake,1,0.999995,0,0.001978,1,0,0,0.001635,0.108231,0.01,2.235187,0.986534,3.947684,-3.94355,2.985688,True,,,sample_0013_fake_46348_udio_1.json,VGG,X-Shift,VGG | X-Shift,C:\Users\domin\Downloads\jsony\jsony\xshift\vggish,0.299959,0.488381,0.605225,0.135447,0.074926,0.316489,shift,0.05,0.163648,0.000936,0,-0.9980169999999999,0.9980169999999999,0.49999499999999997,0.498022,0.001972999999999947,0.996044,0,0,0,0.001635,0.108231,0.998365,0.891769,0.945067,1,1,1,1,0.35291057142857135,0.986534,0.736921,0.014112499999999972,0.5971376,0.700041,0.5646094452380953,0,0,0,0,0,0,0,0.0,0.0,0.0,1
13,real_13270,0,real,0,0.000251,0,1.7e-05,1,1,0,0.000367,0.128784,0.01,3.017756,0.623425,2.340066,-1.724114,2.420666,True,,,sample_0013_real_13270.json,VGG,X-Shift,VGG | X-Shift,C:\Users\domin\Downloads\jsony\jsony\xshift\vggish,0.405858,0.424155,0.586792,0.127043,0.059059,0.217804,shift,0.05,0.094028,0.000926,1,-0.00023399999999999997,0.00023399999999999997,0.499749,0.499983,-0.00023400000000001198,0.999966,0,0,0,0.000367,0.128784,0.999633,0.871216,0.9354245,1,1,1,1,0.5765017142857143,0.623425,0.33501650000000005,0.5689715,0.48413320000000004,0.594142,0.5303649857142857,1,1,1,1,1,0,0,0.9354245,0.4961164015792928,0.4960995336216391,0
14,fake_30470_udio_1,1,fake,1,0.998204,1,0.996672,1,1,0,0.000273,0.083192,0.01,2.623921,0.894635,3.840435,-3.976091,2.784061,True,,,sample_0014_fake_30470_udio_1.json,VGG,X-Shift,VGG | X-Shift,C:\Users\domin\Downloads\jsony\jsony\xshift\vggish,0.470711,0.511856,0.59985,0.101886,0.059138,0.246839,shift,0.05,0.094526,0.000413,1,-0.0015319999999999778,0.0015319999999999778,0.498204,0.496672,0.0015319999999999778,0.993344,0,0,0,0.000273,0.083192,0.999727,0.916808,0.9582675,1,1,1,1,0.4639774285714286,0.894635,0.71010875,0.005977250000000045,0.5568122,0.529289,0.5267999380952381,1,1,1,1,1,0,0,0.9582675,0.5048152596786786,0.5014552093102573,0
14,fake_46574_suno_1,1,fake,1,1.0,1,1.0,1,1,1,0.010822,0.230378,0.01,4.466982,0.997846,4.935661,-0.710294,4.860909,True,,,sample_0014_fake_46574_suno_1.json,VGG,X-Shift,VGG | X-Shift,C:\Users\domin\Downloads\jsony\jsony\xshift\vggish,0.012445,0.477854,0.658091,0.240628,0.090032,0.16668,shift,0.05,0.149073,0.008884,1,0.0,0.0,0.5,0.5,0.0,1.0,0,0,0,0.010822,0.230378,0.989178,0.769622,0.8794,1,1,1,1,0.9905662857142856,0.997846,0.9839152499999999,0.8224265,0.9721818000000001,0.987555,0.959081805952381,1,1,1,1,1,1,1,0.8794,0.8434165401545238,0.8434165401545238,0
14,real_00224,0,real,1,0.999992,1,0.999989,0,0,0,0.000955,0.08886,0.01,3.548979,0.999292,4.128511,-2.546161,2.882847,True,,,sample_0014_real_00224.json,VGG,X-Shift,VGG | X-Shift,C:\Users\domin\Downloads\jsony\jsony\xshift\vggish,0.046483,0.40139,0.706169,0.308253,0.093148,0.18633,shift,0.05,0.096579,0.000511,1,-2.9999999999752447e-06,2.9999999999752447e-06,0.499992,0.499989,2.9999999999752447e-06,0.999978,0,0,0,0.000955,0.08886,0.999045,0.9111400000000001,0.9550925,1,1,1,1,0.7282797142857144,0.999292,0.7821277499999999,0.36345974999999997,0.5765694,0.953517,0.733874269047619,1,1,1,1,1,1,1,0.9550925,0.700917810310363,0.7009023901185363,0
14,real_12041,0,real,0,0.0,0,0.0,1,1,1,0.004865,0.177184,0.01,3.897315,0.986432,4.399386,-3.929031,3.594901,True,,,sample_0014_real_12041.json,VGG,X-Shift,VGG | X-Shift,C:\Users\domin\Downloads\jsony\jsony\xshift\vggish,0.064753,0.416303,0.664413,0.243937,0.078683,0.120885,shift,0.05,0.208889,0.035294,1,0.0,0.0,0.5,0.5,0.0,1.0,0,0,0,0.004865,0.177184,0.995135,0.822816,0.9089754999999999,1,1,1,1,0.8278042857142857,0.986432,0.8498465,0.01774224999999996,0.7189802000000001,0.9352469999999999,0.7226753726190477,1,1,1,1,1,1,1,0.9089754999999999,0.6568942081640852,0.6568942081640852,0
15,fake_09896_suno_1,1,fake,1,1.0,1,1.0,1,1,1,0.002362,0.073144,0.01,4.57184,0.999768,4.998344,-0.137014,4.995912,True,,,sample_0015_fake_09896_suno_1.json,VGG,X-Shift,VGG | X-Shift,C:\Users\domin\Downloads\jsony\jsony\xshift\vggish,0.001145,0.587123,0.826892,0.326432,0.070731,0.061052,shift,0.05,0.05329,0.006104,1,0.0,0.0,0.5,0.5,0.0,1.0,0,0,0,0.002362,0.073144,0.997638,0.926856,0.9622470000000001,1,1,1,1,1.0,0.999768,0.9995860000000001,0.9657465,0.9991823999999999,0.998855,0.9938563166666666,1,1,1,1,1,1,1,0.9622470000000001,0.95633525914355,0.95633525914355,0
15,fake_43253_udio_0,1,fake,1,1.0,1,1.0,1,1,0,0.001552,0.110382,0.01,3.805978,0.999639,3.748085,-3.441365,3.081248,True,,,sample_0015_fake_43253_udio_0.json,VGG,X-Shift,VGG | X-Shift,C:\Users\domin\Downloads\jsony\jsony\xshift\vggish,0.162007,0.403013,0.62382,0.203044,0.076579,0.107914,shift,0.05,0.149327,0.002929,1,0.0,0.0,0.5,0.5,0.0,1.0,0,0,0,0.001552,0.110382,0.998448,0.889618,0.944033,1,1,1,1,0.801708,0.999639,0.68702125,0.13965875000000005,0.6162496,0.837993,0.6803782666666667,1,1,1,1,1,1,1,0.944033,0.6422995362161333,0.6422995362161333,0
15,fake_49262_suno_1,1,fake,1,1.0,1,1.0,1,1,1,0.011497,0.093839,0.01,3.910498,0.969164,4.344822,-1.443219,3.568142,True,,,sample_0015_fake_49262_suno_1.json,VGG,X-Shift,VGG | X-Shift,C:\Users\domin\Downloads\jsony\jsony\xshift\vggish,0.044857,0.557517,0.612162,0.103789,0.073417,0.215365,shift,0.05,0.19901,0.005137,1,0.0,0.0,0.5,0.5,0.0,1.0,0,0,0,0.011497,0.093839,0.988503,0.906161,0.9473320000000001,1,1,1,1,0.8315708571428572,0.969164,0.8362054999999999,0.63919525,0.7136283999999999,0.955143,0.8241511678571428,1,1,1,1,1,1,1,0.9473320000000001,0.7807447741484429,0.7807447741484429,0
15,real_12285,0,real,0,0.0,0,0.0,1,1,0,0.000337,0.138855,0.01,4.327596,0.998861,4.424537,-1.110077,3.775445,True,,,sample_0015_real_12285.json,VGG,X-Shift,VGG | X-Shift,C:\Users\domin\Downloads\jsony\jsony\xshift\vggish,0.015373,0.484035,0.72589,0.314254,0.134765,0.104923,shift,0.05,0.271205,0.034782,1,0.0,0.0,0.5,0.5,0.0,1.0,0,0,0,0.000337,0.138855,0.999663,0.861145,0.930404,1,1,1,1,0.9507417142857142,0.998861,0.85613425,0.72248075,0.755089,0.984627,0.8779889523809522,1,1,1,1,1,1,1,0.930404,0.8168844332510474,0.8168844332510474,0
16,fake_24388_suno_1,1,fake,1,1.0,1,1.0,1,1,1,0.008686,0.096789,0.01,3.798301,0.979316,3.8873,-2.257167,3.24195,True,,,sample_0016_fake_24388_suno_1.json,VGG,X-Shift,VGG | X-Shift,C:\Users\domin\Downloads\jsony\jsony\xshift\vggish,0.094161,0.54233,0.62014,0.121181,0.076111,0.186238,shift,0.05,0.120321,0.000688,1,0.0,0.0,0.5,0.5,0.0,1.0,0,0,0,0.008686,0.096789,0.991314,0.903211,0.9472625,1,1,1,1,0.7995145714285714,0.979316,0.721825,0.43570825,0.64839,0.9058390000000001,0.748432136904762,1,1,1,1,1,1,1,0.9472625,0.7089616970847471,0.7089616970847471,0
16,fake_25170_suno_0,1,fake,1,1.0,1,1.0,1,1,0,0.002433,0.191957,0.01,4.572165,0.999568,4.994817,-0.209854,4.99286,True,,,sample_0016_fake_25170_suno_0.json,VGG,X-Shift,VGG | X-Shift,C:\Users\domin\Downloads\jsony\jsony\xshift\vggish,0.002324,0.54484,0.709504,0.269196,0.151725,0.169932,shift,0.05,0.037823,0.000862,1,0.0,0.0,0.5,0.5,0.0,1.0,0,0,0,0.002433,0.191957,0.997567,0.8080430000000001,0.9028050000000001,1,1,1,1,1.0,0.999568,0.9987042500000001,0.9475365,0.998572,0.997676,0.9903427916666668,1,1,1,1,1,1,1,0.9028050000000001,0.8940864240306252,0.8940864240306252,0
16,real_00268,0,real,0,0.000216,0,1e-06,1,1,0,0.000242,0.109193,0.01,4.170369,0.993032,4.421534,-1.045544,3.776932,True,,,sample_0016_real_00268.json,VGG,X-Shift,VGG | X-Shift,C:\Users\domin\Downloads\jsony\jsony\xshift\vggish,0.032473,0.476872,0.693447,0.256221,0.120272,0.234922,shift,0.05,0.066859,0.000883,1,-0.000215,0.000215,0.499784,0.499999,-0.00021500000000002073,0.999998,0,0,0,0.000242,0.109193,0.999758,0.890807,0.9452825,1,1,1,1,0.9058197142857143,0.993032,0.8553835000000001,0.738614,0.7553864,0.967527,0.8692937690476189,1,1,1,1,1,1,1,0.9452825,0.8217281872397558,0.8217265437833814,0
16,real_06665,0,real,0,9.7e-05,0,0.008112,1,1,0,0.000468,0.080216,0.01,3.358144,0.960126,4.094777,-3.142332,3.965687,True,,,sample_0016_real_06665.json,VGG,X-Shift,VGG | X-Shift,C:\Users\domin\Downloads\jsony\jsony\xshift\vggish,0.192915,0.445633,0.695837,0.260786,0.078327,0.199834,shift,0.05,0.122872,0.012573,1,0.008015,0.008015,0.499903,0.491888,0.008014999999999994,0.983776,0,0,0,0.000468,0.080216,0.999532,0.919784,0.959658,1,1,1,1,0.6737554285714286,0.960126,0.7736942499999999,0.21441699999999997,0.7931374,0.807085,0.7037025130952381,1,1,1,1,1,1,1,0.959658,0.6753137463119501,0.664357456091785,0
17,fake_18041_udio_1,1,fake,1,0.824563,0,0.021216,1,0,0,0.000883,0.098507,0.01,4.12324,0.990393,4.767906,-1.603106,4.06527,True,,,sample_0017_fake_18041_udio_1.json,VGG,X-Shift,VGG | X-Shift,C:\Users\domin\Downloads\jsony\jsony\xshift\vggish,0.036929,0.451089,0.669558,0.261494,0.148356,0.164641,shift,0.05,0.066182,0.000287,0,-0.803347,0.803347,0.32456300000000005,0.478784,-0.15422099999999994,0.957568,0,0,0,0.000883,0.098507,0.999117,0.901493,0.950305,1,1,1,1,0.8923542857142858,0.990393,0.9419765,0.5992235,0.8130539999999999,0.963071,0.8666787142857143,0,0,0,0,0,1,0,0.0,0.0,0.0,1
17,fake_38961_udio_0,1,fake,1,1.0,1,1.0,1,1,1,0.016098,0.134571,0.01,4.50717,0.999723,4.966921,-0.235429,4.665005,True,,,sample_0017_fake_38961_udio_0.json,VGG,X-Shift,VGG | X-Shift,C:\Users\domin\Downloads\jsony\jsony\xshift\vggish,0.003667,0.478086,0.721155,0.299878,0.102375,0.089043,shift,0.05,0.101765,0.004944,1,0.0,0.0,0.5,0.5,0.0,1.0,0,0,0,0.016098,0.134571,0.983902,0.865429,0.9246655,1,1,1,1,1.0,0.999723,0.99173025,0.94114275,0.933001,0.996333,0.9769883333333333,1,1,1,1,1,1,1,0.9246655,0.9033874057358334,0.9033874057358334,0
17,real_19661,0,real,0,0.000668,0,0.000383,1,1,0,0.001769,0.125204,0.01,1.528726,0.305387,1.30005,-3.80148,2.20218,True,,,sample_0017_real_19661.json,VGG,X-Shift,VGG | X-Shift,C:\Users\domin\Downloads\jsony\jsony\xshift\vggish,0.172393,0.532052,0.638195,0.163891,0.097577,0.205532,shift,0.05,0.094806,0.000211,1,-0.000285,0.000285,0.499332,0.499617,-0.0002849999999999797,0.999234,0,0,0,0.001769,0.125204,0.998231,0.874796,0.9365135,1,1,1,1,0.15106457142857144,0.305387,0.07501249999999998,0.04962999999999995,0.44043599999999994,0.827607,0.3081895119047619,1,1,1,1,1,0,0,0.9365135,0.2886236384572202,0.28840255275016197,0
17,real_20757,0,real,0,0.0,0,0.0,1,1,0,0.002613,0.125098,0.01,4.116006,0.881459,3.480914,-1.876303,2.844551,True,,,sample_0017_real_20757.json,VGG,X-Shift,VGG | X-Shift,C:\Users\domin\Downloads\jsony\jsony\xshift\vggish,0.063734,0.501272,0.676273,0.186835,0.087969,0.223596,shift,0.05,0.09985,0.000429,1,0.0,0.0,0.5,0.5,0.0,1.0,0,0,0,0.002613,0.125098,0.997387,0.8749020000000001,0.9361445,1,1,1,1,0.8902874285714285,0.881459,0.6202285,0.53092425,0.5689102,0.936266,0.738012563095238,1,1,1,1,1,1,1,0.9361445,0.69088640187251,0.69088640187251,0
18,fake_14886_suno_0,1,fake,1,1.0,1,1.0,1,1,0,0.00513,0.121674,0.01,3.871795,0.997896,4.92728,-0.827544,4.356911,True,,,sample_0018_fake_14886_suno_0.json,VGG,X-Shift,VGG | X-Shift,C:\Users\domin\Downloads\jsony\jsony\xshift\vggish,0.055134,0.546491,0.710255,0.250095,0.119217,0.183266,shift,0.05,0.059656,0.000226,1,0.0,0.0,0.5,0.5,0.0,1.0,0,0,0,0.00513,0.121674,0.99487,0.8783259999999999,0.936598,1,1,1,1,0.8205128571428572,0.997896,0.9818199999999999,0.793114,0.8713822,0.944866,0.9015985095238096,1,1,1,1,1,1,1,0.936598,0.8444353608229811,0.8444353608229811,0
18,fake_42122_suno_1,1,fake,1,1.0,1,1.0,1,1,1,0.002452,0.110358,0.01,4.431584,0.993386,4.863286,-0.749285,4.394461,True,,,sample_0018_fake_42122_suno_1.json,VGG,X-Shift,VGG | X-Shift,C:\Users\domin\Downloads\jsony\jsony\xshift\vggish,0.01054,0.56563,0.650739,0.149893,0.097635,0.212527,shift,0.05,0.100873,0.001419,1,0.0,0.0,0.5,0.5,0.0,1.0,0,0,0,0.002452,0.110358,0.997548,0.889642,0.943595,1,1,1,1,0.9804525714285715,0.993386,0.9658215000000001,0.81267875,0.8788921999999999,0.98946,0.9367818369047619,1,1,1,1,1,1,1,0.943595,0.8839426573941488,0.8839426573941488,0
18,real_11244,0,real,0,0.0,0,0.0,1,1,0,0.001466,0.120503,0.01,,0.999953,4.997635,-0.102126,4.996228,True,,,sample_0018_real_11244.json,VGG,X-Shift,VGG | X-Shift,C:\Users\domin\Downloads\jsony\jsony\xshift\vggish,0.00047,0.483423,0.77647,0.364873,0.146579,0.127605,shift,0.05,0.049257,0.00647,1,0.0,0.0,0.5,0.5,0.0,1.0,0,0,0,0.001466,0.120503,0.998534,0.879497,0.9390155,1,1,1,1,,0.999953,0.99940875,0.9744685,0.9992456000000001,0.99953,0.99452117,1,1,1,1,1,0,0,0.9390155,0.933870793708135,0.933870793708135,0
18,real_19119,0,real,0,1e-06,0,0.0,1,1,0,0.00086,0.12228,0.01,3.975227,0.907534,3.86469,-3.517087,2.913888,True,,,sample_0018_real_19119.json,VGG,X-Shift,VGG | X-Shift,C:\Users\domin\Downloads\jsony\jsony\xshift\vggish,0.107098,0.497671,0.638877,0.134574,0.078471,0.136122,shift,0.05,0.110845,0.00528,1,-1e-06,1e-06,0.499999,0.5,-9.999999999732445e-07,1.0,0,0,0,0.00086,0.12228,0.99914,0.8777200000000001,0.9384300000000001,1,1,1,1,0.8500648571428571,0.907534,0.7161725,0.12072824999999998,0.5827776,0.892902,0.6783632011904762,1,1,1,1,1,1,1,0.9384300000000001,0.6365963788931787,0.6365963788931787,0
19,fake_06014_udio_0,1,fake,1,0.999996,1,1.0,1,1,0,0.000436,0.098252,0.01,,0.997414,4.486534,-3.789634,2.955944,True,,,sample_0019_fake_06014_udio_0.json,VGG,X-Shift,VGG | X-Shift,C:\Users\domin\Downloads\jsony\jsony\xshift\vggish,0.046374,0.445073,0.683784,0.297477,0.178072,0.176275,shift,0.05,0.254121,0.010244,1,4.000000000004e-06,4.000000000004e-06,0.499996,0.5,-4.000000000004e-06,1.0,0,0,0,0.000436,0.098252,0.999564,0.901748,0.950656,1,1,1,1,,0.997414,0.8716335,0.05259150000000001,0.5911888000000001,0.953626,0.69329076,1,1,1,1,1,0,0,0.950656,0.65908102073856,0.65908102073856,0
19,fake_32764_suno_0,1,fake,1,1.0,1,1.0,1,1,1,0.001216,0.089395,0.01,3.830625,0.961486,4.168742,-2.031389,3.687672,True,,,sample_0019_fake_32764_suno_0.json,VGG,X-Shift,VGG | X-Shift,C:\Users\domin\Downloads\jsony\jsony\xshift\vggish,0.029516,0.522994,0.685175,0.22233,0.123689,0.189435,shift,0.05,0.125013,0.000716,1,0.0,0.0,0.5,0.5,0.0,1.0,0,0,0,0.001216,0.089395,0.998784,0.910605,0.9546945,1,1,1,1,0.80875,0.961486,0.7921855,0.49215275,0.7375344,0.970484,0.7937654416666667,1,1,1,1,1,1,1,0.9546945,0.7578035014492376,0.7578035014492376,0
19,real_06824,0,real,0,0.047683,1,0.516615,1,0,0,0.001005,0.080791,0.01,3.720019,0.996164,4.498413,-1.72538,4.031381,True,,,sample_0019_real_06824.json,VGG,X-Shift,VGG | X-Shift,C:\Users\domin\Downloads\jsony\jsony\xshift\vggish,0.071007,0.4376,0.65883,0.226519,0.090123,0.228285,shift,0.05,0.057473,0.000549,0,0.468932,0.468932,0.45231699999999997,0.016615000000000046,0.4357019999999999,0.03323000000000009,1,1,1,0.001005,0.080791,0.998995,0.9192089999999999,0.9591019999999999,1,1,1,1,0.7771482857142857,0.996164,0.87460325,0.568655,0.8062761999999999,0.928993,0.8253066226190476,0,0,0,0,0,1,0,0.0,0.0,0.0,1
19,real_09833,0,real,0,0.121693,0,0.121693,1,1,0,0.000653,0.155276,0.01,,0.0,,0.0,5.0,True,,,sample_0019_real_09833.json,VGG,X-Shift,VGG | X-Shift,C:\Users\domin\Downloads\jsony\jsony\xshift\vggish,0.0,0.482755,0.575269,0.115728,0.067344,0.194039,shift,0.05,0.0,0.0,1,0.0,0.0,0.378307,0.378307,0.0,0.756614,0,0,0,0.000653,0.155276,0.999347,0.844724,0.9220355,1,1,1,1,,0.0,,1.0,1.0,1.0,0.75,1,1,1,1,1,0,0,0.9220355,0.6915266250000001,0.5232187258477501,0
20,fake_09727_udio_1,1,fake,1,1.0,1,1.0,1,1,1,0.0017,0.120924,0.01,4.313031,0.999631,4.903745,-1.062936,4.0482,True,,,sample_0020_fake_09727_udio_1.json,VGG,X-Shift,VGG | X-Shift,C:\Users\domin\Downloads\jsony\jsony\xshift\vggish,0.0077,0.50578,0.738783,0.341798,0.175933,0.151824,shift,0.05,0.132593,0.005756,1,0.0,0.0,0.5,0.5,0.0,1.0,0,0,0,0.0017,0.120924,0.9983,0.879076,0.938688,1,1,1,1,0.9465802857142857,0.999631,0.97593625,0.734266,0.8096399999999999,0.9923,0.9097255892857143,1,1,1,1,1,1,1,0.938688,0.8539484939554286,0.8539484939554286,0
20,fake_41199_suno_0,1,fake,1,1.0,1,1.0,1,1,1,0.000463,0.118483,0.01,3.740602,0.977017,4.182743,-1.894692,3.352719,True,,,sample_0020_fake_41199_suno_0.json,VGG,X-Shift,VGG | X-Shift,C:\Users\domin\Downloads\jsony\jsony\xshift\vggish,0.047946,0.533281,0.697671,0.229469,0.13206,0.16763,shift,0.05,0.284408,0.004387,1,0.0,0.0,0.5,0.5,0.0,1.0,0,0,0,0.000463,0.118483,0.999537,0.881517,0.940527,1,1,1,1,0.7830291428571429,0.977017,0.7956857500000001,0.526327,0.6705438,0.952054,0.7841094488095237,1,1,1,1,1,1,1,0.940527,0.7374761075604749,0.7374761075604749,0
20,real_00193,0,real,0,0.000629,0,0.000172,1,1,0,0.000115,0.103721,0.01,4.029283,0.924531,3.919607,-1.869841,2.587275,True,,,sample_0020_real_00193.json,VGG,X-Shift,VGG | X-Shift,C:\Users\domin\Downloads\jsony\jsony\xshift\vggish,0.046909,0.496583,0.6984,0.225765,0.102998,0.207585,shift,0.05,0.116764,0.001324,1,-0.000457,0.000457,0.499371,0.499828,-0.0004569999999999852,0.999656,0,0,0,0.000115,0.103721,0.999885,0.896279,0.9480820000000001,1,1,1,1,0.8655094285714287,0.924531,0.72990175,0.53253975,0.517455,0.953091,0.753837988095238,1,1,1,1,1,1,1,0.9480820000000001,0.7147002274293096,0.714454370551074,0
20,real_06651,0,real,0,1.1e-05,0,8.7e-05,1,1,0,3.5e-05,0.109703,0.01,1.246609,0.575235,1.87482,-3.849798,3.073459,True,,,sample_0020_real_06651.json,VGG,X-Shift,VGG | X-Shift,C:\Users\domin\Downloads\jsony\jsony\xshift\vggish,0.49121,0.475198,0.635641,0.173031,0.114565,0.206822,shift,0.05,0.071384,0.000121,1,7.6e-05,7.6e-05,0.499989,0.499913,7.60000000000205e-05,0.999826,0,0,0,3.5e-05,0.109703,0.999965,0.890297,0.9451309999999999,1,1,1,1,0.0704597142857143,0.575235,0.21870499999999998,0.03755050000000004,0.6146918,0.5087900000000001,0.33757200238095236,1,1,1,1,1,0,0,0.9451309999999999,0.31904976418231185,0.3189942495233441,0
21,fake_07770_udio_0,1,fake,1,0.99999,1,0.999999,1,1,0,0.001205,0.117451,0.01,2.516631,0.995633,4.070218,-3.982872,2.328458,True,,,sample_0021_fake_07770_udio_0.json,VGG,X-Shift,VGG | X-Shift,C:\Users\domin\Downloads\jsony\jsony\xshift\vggish,0.1795,0.443212,0.629767,0.178496,0.07717,0.132311,shift,0.05,0.079406,0.000247,1,8.999999999925734e-06,8.999999999925734e-06,0.49999000000000005,0.49999899999999997,-8.999999999925734e-06,0.9999979999999999,0,0,0,0.001205,0.117451,0.998795,0.882549,0.940672,1,1,1,1,0.4333231428571428,0.995633,0.7675544999999999,0.004282000000000008,0.4656916,0.8205,0.5811640404761904,1,1,1,1,1,0,0,0.940672,0.546684740282819,0.5466836469133384,0
21,fake_19538_udio_0,1,fake,1,0.99994,1,0.999998,1,1,0,0.006233,0.12229,0.01,3.376846,0.98603,4.267028,-3.910808,2.762393,True,,,sample_0021_fake_19538_udio_0.json,VGG,X-Shift,VGG | X-Shift,C:\Users\domin\Downloads\jsony\jsony\xshift\vggish,0.062464,0.487902,0.607391,0.124011,0.059915,0.216667,shift,0.05,0.073048,0.000256,1,5.8000000000002494e-05,5.8000000000002494e-05,0.49994000000000005,0.49999800000000005,-5.8000000000002494e-05,0.9999960000000001,0,0,0,0.006233,0.12229,0.993767,0.87771,0.9357385,1,1,1,1,0.6790988571428571,0.98603,0.816757,0.02229800000000004,0.5524785999999999,0.937536,0.6656997428571428,1,1,1,1,1,1,1,0.9357385,0.6229208788315286,0.6229183871480133,0
21,fake_23884_suno_1,1,fake,1,1.0,1,1.0,1,1,1,0.000499,0.105334,0.01,4.40982,0.979012,4.671407,-1.102777,3.97507,True,,,sample_0021_fake_23884_suno_1.json,VGG,X-Shift,VGG | X-Shift,C:\Users\domin\Downloads\jsony\jsony\xshift\vggish,0.014834,0.513968,0.645857,0.191841,0.107878,0.242836,shift,0.05,0.075315,0.000704,1,0.0,0.0,0.5,0.5,0.0,1.0,0,0,0,0.000499,0.105334,0.999501,0.894666,0.9470835,1,1,1,1,0.9742342857142857,0.979012,0.9178517500000001,0.7243057500000001,0.795014,0.985166,0.8959306309523809,1,1,1,1,1,1,1,0.9470835,0.8485211177195892,0.8485211177195892,0
21,real_01021,0,real,0,0.0,0,0.0,1,1,0,0.000939,0.099067,0.01,3.593945,0.855579,3.384962,-1.684143,2.383018,True,,,sample_0021_real_01021.json,VGG,X-Shift,VGG | X-Shift,C:\Users\domin\Downloads\jsony\jsony\xshift\vggish,0.060085,0.416036,0.636653,0.176337,0.11278,0.241645,shift,0.05,0.101023,0.000713,1,0.0,0.0,0.5,0.5,0.0,1.0,0,0,0,0.000939,0.099067,0.999061,0.900933,0.949997,1,1,1,1,0.7411271428571429,0.855579,0.5962405,0.5789642500000001,0.47660359999999996,0.9399150000000001,0.6980715821428571,1,1,1,1,1,1,1,0.949997,0.6631659088209678,0.6631659088209678,0
22,fake_12630_suno_1,1,fake,1,1.0,1,1.0,1,1,1,0.003114,0.080814,0.01,4.542075,0.999795,4.995602,-0.144614,4.989641,True,,,sample_0022_fake_12630_suno_1.json,VGG,X-Shift,VGG | X-Shift,C:\Users\domin\Downloads\jsony\jsony\xshift\vggish,0.000954,0.592588,0.8516,0.367215,0.069434,0.065114,shift,0.05,0.049448,0.004272,1,0.0,0.0,0.5,0.5,0.0,1.0,0,0,0,0.003114,0.080814,0.996886,0.9191860000000001,0.9580360000000001,1,1,1,1,1.0,0.999795,0.9989005,0.9638465,0.9979281999999999,0.999046,0.9932526999999999,1,1,1,1,1,1,1,0.9580360000000001,0.9515718436971999,0.9515718436971999,0
22,fake_23853_udio_1,1,fake,1,0.997012,1,0.999991,1,1,0,0.000533,0.076234,0.01,3.680583,0.992117,4.360275,-3.37586,2.971159,True,,,sample_0022_fake_23853_udio_1.json,VGG,X-Shift,VGG | X-Shift,C:\Users\domin\Downloads\jsony\jsony\xshift\vggish,0.057745,0.489367,0.604284,0.113824,0.064711,0.294796,shift,0.05,0.105215,0.002285,1,0.002978999999999954,0.002978999999999954,0.497012,0.49999099999999996,-0.002978999999999954,0.9999819999999999,0,0,0,0.000533,0.076234,0.999467,0.923766,0.9616165,1,1,1,1,0.7658808571428571,0.992117,0.8400687499999999,0.15603500000000003,0.5942318,0.942255,0.7150980678571429,1,1,1,1,1,1,1,0.9616165,0.6876501011695483,0.6876377234677272,0
22,fake_37097_udio_0,1,fake,1,1.0,1,1.0,1,1,0,0.040174,0.077738,0.01,2.771095,0.966386,4.079356,-3.987909,2.988216,True,,,sample_0022_fake_37097_udio_0.json,VGG,X-Shift,VGG | X-Shift,C:\Users\domin\Downloads\jsony\jsony\xshift\vggish,0.230276,0.486388,0.600676,0.112849,0.065333,0.250971,shift,0.05,0.143984,0.000646,1,0.0,0.0,0.5,0.5,0.0,1.0,0,0,0,0.040174,0.077738,0.959826,0.922262,0.941044,1,1,1,1,0.5060271428571428,0.966386,0.7698389999999999,0.003022749999999963,0.5976432,0.769724,0.6021070154761904,1,1,1,1,1,0,0,0.941044,0.5666091942717761,0.5666091942717761,0
22,fake_52861_suno_1,1,fake,1,1.0,1,1.0,1,1,0,0.002254,0.14307,0.01,4.56043,0.998861,4.949862,-0.28993,4.954573,True,,,sample_0022_fake_52861_suno_1.json,VGG,X-Shift,VGG | X-Shift,C:\Users\domin\Downloads\jsony\jsony\xshift\vggish,0.003689,0.546056,0.676452,0.200327,0.100765,0.246659,shift,0.05,0.083167,0.004333,1,0.0,0.0,0.5,0.5,0.0,1.0,0,0,0,0.002254,0.14307,0.997746,0.85693,0.927338,1,1,1,1,1.0,0.998861,0.9874655000000001,0.9275175,0.9909146,0.996311,0.9835115999999999,1,1,1,1,1,1,1,0.927338,0.9120476801208,0.9120476801208,0
23,fake_31014_suno_0,1,fake,1,1.0,1,1.0,1,1,1,0.002177,0.076906,0.01,4.570298,0.999692,4.99334,-0.193807,4.992289,True,,,sample_0023_fake_31014_suno_0.json,VGG,X-Shift,VGG | X-Shift,C:\Users\domin\Downloads\jsony\jsony\xshift\vggish,0.00205,0.558882,0.829914,0.362231,0.07765,0.06088,shift,0.05,0.053251,0.002838,1,0.0,0.0,0.5,0.5,0.0,1.0,0,0,0,0.002177,0.076906,0.997823,0.923094,0.9604585,1,1,1,1,1.0,0.999692,0.998335,0.95154825,0.9984578000000001,0.99795,0.9909971750000001,1,1,1,1,1,1,1,0.9604585,0.9518116602047375,0.9518116602047375,0
23,fake_44098_suno_0,1,fake,1,1.0,1,0.999997,1,1,0,0.00321,0.140057,0.01,3.091175,0.884446,3.713128,-2.105351,2.763128,True,,,sample_0023_fake_44098_suno_0.json,VGG,X-Shift,VGG | X-Shift,C:\Users\domin\Downloads\jsony\jsony\xshift\vggish,0.079451,0.580856,0.70098,0.227127,0.165505,0.223934,shift,0.05,0.081345,0.000335,1,-2.9999999999752447e-06,2.9999999999752447e-06,0.5,0.499997,2.9999999999752447e-06,0.999994,0,0,0,0.00321,0.140057,0.99679,0.859943,0.9283665,1,1,1,1,0.5974785714285714,0.884446,0.678282,0.47366224999999995,0.5526256,0.9205490000000001,0.684507236904762,1,1,1,1,1,1,1,0.9283665,0.6354735877499448,0.6354697749084183,0
23,real_01192,0,real,0,0.0,0,0.0,1,1,0,0.000873,0.10449,0.01,2.241886,0.921951,4.027976,-3.983349,2.644763,True,,,sample_0023_real_01192.json,VGG,X-Shift,VGG | X-Shift,C:\Users\domin\Downloads\jsony\jsony\xshift\vggish,0.132965,0.457398,0.62063,0.163372,0.07815,0.189343,shift,0.05,0.079353,0.000365,1,0.0,0.0,0.5,0.5,0.0,1.0,0,0,0,0.000873,0.10449,0.999127,0.89551,0.9473185,1,1,1,1,0.35482457142857143,0.921951,0.756994,0.004162749999999993,0.5289526,0.867035,0.5723199869047619,1,1,1,1,1,0,0,0.9473185,0.5421693115146387,0.5421693115146387,0
23,real_09723,0,real,0,0.006759,0,0.000169,1,1,0,0.000278,0.087081,0.01,3.06635,0.998475,4.304047,-3.601896,3.568712,True,,,sample_0023_real_09723.json,VGG,X-Shift,VGG | X-Shift,C:\Users\domin\Downloads\jsony\jsony\xshift\vggish,0.134388,0.422748,0.629735,0.194265,0.062332,0.247457,shift,0.05,0.161383,0.010403,1,-0.00659,0.00659,0.493241,0.499831,-0.00659000000000004,0.999662,0,0,0,0.000278,0.087081,0.999722,0.912919,0.9563205,1,1,1,1,0.5903857142857143,0.998475,0.8260117499999999,0.099526,0.7137424,0.865612,0.6822921440476191,1,1,1,1,1,1,1,0.9563205,0.6524899643416912,0.6522694227337437,0
24,fake_05418_udio_0,1,fake,1,1.0,1,1.0,1,1,1,0.000345,0.098689,0.01,3.989132,0.996992,4.300913,-2.276047,3.172199,True,,,sample_0024_fake_05418_udio_0.json,VGG,X-Shift,VGG | X-Shift,C:\Users\domin\Downloads\jsony\jsony\xshift\vggish,0.029491,0.432613,0.641536,0.24088,0.150028,0.157807,shift,0.05,0.297901,0.005417,1,0.0,0.0,0.5,0.5,0.0,1.0,0,0,0,0.000345,0.098689,0.999655,0.901311,0.950483,1,1,1,1,0.8540377142857143,0.996992,0.8252282500000001,0.43098824999999996,0.6344398,0.970509,0.7853658357142858,1,1,1,1,1,1,1,0.950483,0.7464768756272214,0.7464768756272214,0
24,fake_23504_suno_1,1,fake,1,1.0,1,1.0,1,1,1,0.000449,0.123113,0.01,3.972655,0.966867,4.140366,-2.165598,3.464937,True,,,sample_0024_fake_23504_suno_1.json,VGG,X-Shift,VGG | X-Shift,C:\Users\domin\Downloads\jsony\jsony\xshift\vggish,0.045056,0.486279,0.686411,0.267299,0.116664,0.298099,shift,0.05,0.127628,0.000558,1,0.0,0.0,0.5,0.5,0.0,1.0,0,0,0,0.000449,0.123113,0.999551,0.876887,0.9382189999999999,1,1,1,1,0.84933,0.966867,0.7850915,0.45860049999999997,0.6929874,0.954944,0.7846367333333334,1,1,1,1,1,1,1,0.9382189999999999,0.7361610913112666,0.7361610913112666,0
24,fake_26293_suno_0,1,fake,1,1.0,1,1.0,1,1,0,0.00013,0.100567,0.01,3.902804,0.943776,4.034992,-1.426857,2.844175,True,,,sample_0024_fake_26293_suno_0.json,VGG,X-Shift,VGG | X-Shift,C:\Users\domin\Downloads\jsony\jsony\xshift\vggish,0.061149,0.511611,0.601423,0.125854,0.072777,0.17866,shift,0.05,0.077498,0.000634,1,0.0,0.0,0.5,0.5,0.0,1.0,0,0,0,0.00013,0.100567,0.99987,0.899433,0.9496515000000001,1,1,1,1,0.8293725714285715,0.943776,0.758748,0.64328575,0.568835,0.938851,0.7804780535714286,1,1,1,1,1,1,1,0.9496515000000001,0.7411821542911876,0.7411821542911876,0
24,real_07293,0,real,1,0.856314,0,0.349899,0,1,0,0.001285,0.102629,0.01,3.786641,0.933518,3.874148,-2.690022,3.042755,True,,,sample_0024_real_07293.json,VGG,X-Shift,VGG | X-Shift,C:\Users\domin\Downloads\jsony\jsony\xshift\vggish,0.218555,0.470594,0.647043,0.176877,0.078,0.187896,shift,0.05,0.09162,0.000704,0,-0.5064150000000001,0.5064150000000001,0.356314,0.15010099999999998,0.20621300000000004,0.30020199999999997,0,0,0,0.001285,0.102629,0.998715,0.897371,0.948043,1,1,1,1,0.7961831428571429,0.933518,0.718537,0.3274945,0.6085510000000001,0.781445,0.6942881071428572,0,0,0,0,0,1,0,0.0,0.0,0.0,-1
0,real_12540,0,real,0,0.245419,0,0.072233,1,1,1,0.717655,0.0,0.01,2.276337,0.969637,1.99085,-3.381458,2.456921,True,0.143991,0.138554,sample_0000_real_12540.json,SPECTR,Psychoacoustic,SPECTR | Psychoacoustic,C:\Users\domin\Downloads\jsony\jsony\pertubacje\sonics,,,,,,,,,,,1,-0.173186,0.173186,0.254581,0.427767,-0.173186,0.855534,0,0,0,0.717655,0.0,0.28234499999999996,1.0,0.6411724999999999,0,1,1,0,0.36466771428571426,0.969637,0.2477125,0.15463550000000004,0.4913842,,0.4456073828571429,0,1,1,0,0,0,0,0.6411724999999999,0.28571119968497144,0.24443564551128236,0
1,fake_48933_suno_1,1,fake,1,0.797081,1,0.991741,1,1,1,0.894231,0.0,0.01,3.256217,0.9289,3.899758,-2.50652,3.219694,True,0.287328,0.180212,sample_0001_fake_48933_suno_1.json,SPECTR,Psychoacoustic,SPECTR | Psychoacoustic,C:\Users\domin\Downloads\jsony\jsony\pertubacje\sonics,,,,,,,,,,,1,0.19465999999999994,0.19465999999999994,0.29708100000000004,0.491741,-0.19465999999999994,0.983482,0,0,0,0.894231,0.0,0.105769,1.0,0.5528845,0,1,1,0,0.6446334285714286,0.9289,0.7249395,0.37337,0.6439388,,0.6631563457142857,0,1,1,0,0,1,0,0.5528845,0.36664886462207,0.3605925586762427,0
2,real_00577,0,real,0,0.041042,0,0.007992,1,1,1,0.824153,0.0,0.01,3.069376,0.958214,3.844027,-3.985534,3.36645,True,0.380225,0.181208,sample_0002_real_00577.json,SPECTR,Psychoacoustic,SPECTR | Psychoacoustic,C:\Users\domin\Downloads\jsony\jsony\pertubacje\sonics,,,,,,,,,,,1,-0.03305,0.03305,0.458958,0.492008,-0.033050000000000024,0.984016,0,0,0,0.824153,0.0,0.17584699999999998,1.0,0.5879235,0,1,1,0,0.5912502857142857,0.958214,0.71100675,0.0036165000000000225,0.6732899999999999,,0.5874755071428572,0,1,1,0,0,1,0,0.5879235,0.34539065632370364,0.33986993207302557,0
3,fake_35261_suno_1,1,fake,1,0.988214,1,0.995259,1,1,1,0.604671,0.142857,0.01,4.035388,0.994346,4.6803,-1.340573,4.636019,True,0.259312,0.150838,sample_0003_fake_35261_suno_1.json,SPECTR,Psychoacoustic,SPECTR | Psychoacoustic,C:\Users\domin\Downloads\jsony\jsony\pertubacje\sonics,,,,,,,,,,,1,0.007044999999999968,0.007044999999999968,0.48821400000000004,0.495259,-0.007044999999999968,0.990518,0,0,0,0.604671,0.142857,0.39532900000000004,0.857143,0.626236,0,1,1,0,0.8672537142857143,0.994346,0.920075,0.66485675,0.9272038,,0.8747470528571428,0,1,1,0,0,1,0,0.626236,0.5477980953930457,0.5426038738525288,0
4,fake_02193_udio_1,1,fake,1,0.892322,1,0.961926,1,1,1,0.897197,0.333333,0.01,3.652224,0.984262,3.920057,-3.979878,3.463827,True,0.489666,0.110048,sample_0004_fake_02193_udio_1.json,SPECTR,Psychoacoustic,SPECTR | Psychoacoustic,C:\Users\domin\Downloads\jsony\jsony\pertubacje\sonics,,,,,,,,,,,1,0.069604,0.069604,0.39232199999999995,0.46192599999999995,-0.069604,0.9238519999999999,0,0,0,0.897197,0.333333,0.10280299999999998,0.666667,0.384735,0,0,0,0,0.7577782857142857,0.984262,0.73001425,0.005030500000000049,0.6927654000000001,,0.6339700871428573,0,0,0,0,0,1,0,0.384735,0.2439104814769072,0.22533718613340364,0
5,real_06308,0,real,0,0.1737,0,0.04745,1,1,1,0.72528,0.0,0.01,3.712178,0.961021,4.243939,-2.140843,4.047197,True,0.273089,0.12766,sample_0005_real_06308.json,SPECTR,Psychoacoustic,SPECTR | Psychoacoustic,C:\Users\domin\Downloads\jsony\jsony\pertubacje\sonics,,,,,,,,,,,1,-0.12625,0.12625,0.32630000000000003,0.45255,-0.12624999999999997,0.9051,0,0,0,0.72528,0.0,0.27471999999999996,1.0,0.6373599999999999,0,1,1,0,0.774908,0.961021,0.81098475,0.46478925000000004,0.8094393999999999,,0.76422848,0,1,1,0,0,1,0,0.6373599999999999,0.48708866401279993,0.4408639497979852,0
6,fake_41087_udio_1,1,fake,1,0.870307,1,0.992586,1,1,1,0.894973,0.142857,0.01,2.396754,0.879862,3.797423,-2.976252,3.053633,True,0.23989,0.142857,sample_0006_fake_41087_udio_1.json,SPECTR,Psychoacoustic,SPECTR | Psychoacoustic,C:\Users\domin\Downloads\jsony\jsony\pertubacje\sonics,,,,,,,,,,,1,0.12227899999999992,0.12227899999999992,0.37030700000000005,0.49258599999999997,-0.12227899999999992,0.9851719999999999,0,0,0,0.894973,0.142857,0.10502699999999998,0.857143,0.481085,0,1,1,0,0.39907257142857144,0.879862,0.69935575,0.25593699999999997,0.6107266,,0.5689907842857143,0,1,1,0,0,0,0,0.481085,0.27373293145809285,0.26967401955043224,0
7,fake_02868_suno_1,1,fake,1,0.9809,1,0.992737,1,1,1,0.617319,0.142857,0.01,3.905957,0.954213,4.304931,-1.647379,3.977362,True,0.327312,0.220974,sample_0007_fake_02868_suno_1.json,SPECTR,Psychoacoustic,SPECTR | Psychoacoustic,C:\Users\domin\Downloads\jsony\jsony\pertubacje\sonics,,,,,,,,,,,1,0.011836999999999986,0.011836999999999986,0.4809,0.492737,-0.011836999999999986,0.985474,0,0,0,0.617319,0.142857,0.38268100000000005,0.857143,0.619912,0,1,1,0,0.8302734285714285,0.954213,0.82623275,0.58815525,0.7954724,,0.7988693657142856,0,1,1,0,0,1,0,0.619912,0.4952287062386742,0.48803501405185123,0
8,fake_29238_suno_1,1,fake,1,0.968572,1,0.987383,1,1,1,0.733141,0.142857,0.01,4.134939,0.973185,4.578333,-1.577085,4.509734,True,0.303672,0.154062,sample_0008_fake_29238_suno_1.json,SPECTR,Psychoacoustic,SPECTR | Psychoacoustic,C:\Users\domin\Downloads\jsony\jsony\pertubacje\sonics,,,,,,,,,,,1,0.018811000000000022,0.018811000000000022,0.468572,0.487383,-0.018811000000000022,0.974766,0,0,0,0.733141,0.142857,0.26685899999999996,0.857143,0.562001,0,1,1,0,0.8956968571428572,0.973185,0.8945832499999999,0.6057287499999999,0.9019467999999999,,0.8542281314285715,0,1,1,0,0,1,0,0.562001,0.48007706409098855,0.46796279945571656,0
9,real_19731,0,real,0,0.025304,0,0.010951,1,1,1,0.652435,0.142857,0.01,2.298681,0.595909,2.13927,-3.450926,2.858078,True,0.134091,0.109635,sample_0009_real_19731.json,SPECTR,Psychoacoustic,SPECTR | Psychoacoustic,C:\Users\domin\Downloads\jsony\jsony\pertubacje\sonics,,,,,,,,,,,1,-0.014353,0.014353,0.474696,0.489049,-0.014353000000000005,0.978098,0,0,0,0.652435,0.142857,0.347565,0.857143,0.6023540000000001,0,1,1,0,0.3710517142857143,0.595909,0.28481749999999995,0.13726850000000002,0.5716156,,0.39213246285714287,0,1,1,0,0,0,0,0.6023540000000001,0.23620255753185146,0.23102924911678885,0
10,fake_01429_suno_1,1,fake,1,0.952207,1,0.99842,1,1,1,0.673803,0.0,0.01,3.806956,0.978554,4.626357,-1.800287,4.106867,True,0.354298,0.167832,sample_0010_fake_01429_suno_1.json,SPECTR,Psychoacoustic,SPECTR | Psychoacoustic,C:\Users\domin\Downloads\jsony\jsony\pertubacje\sonics,,,,,,,,,,,1,0.04621299999999995,0.04621299999999995,0.452207,0.49842,-0.04621299999999995,0.99684,0,0,0,0.673803,0.0,0.32619699999999996,1.0,0.6630985,0,1,1,0,0.8019874285714286,0.978554,0.9065892499999999,0.54992825,0.8213734,,0.8116864657142855,0,1,1,0,0,1,0,0.6630985,0.5382280778854441,0.5365272771593261,0
11,real_13325,0,real,0,0.019523,0,0.02865,1,1,1,0.890101,0.0,0.01,3.131791,0.833181,3.870557,-2.50139,3.944426,True,0.311036,0.141667,sample_0011_real_13325.json,SPECTR,Psychoacoustic,SPECTR | Psychoacoustic,C:\Users\domin\Downloads\jsony\jsony\pertubacje\sonics,,,,,,,,,,,1,0.009127,0.009127,0.480477,0.47135,0.009126999999999996,0.9427,0,0,0,0.890101,0.0,0.10989899999999997,1.0,0.5549495,0,1,1,0,0.6090831428571429,0.833181,0.71763925,0.37465250000000005,0.7888852,,0.6646882185714287,0,1,1,0,0,0,0,0.5549495,0.36886839455210507,0.34773223554426946,0
12,real_00689,0,real,0,0.01097,0,0.008116,1,1,1,0.784609,0.0,0.01,4.004213,0.980582,4.493283,-1.035001,4.028217,True,0.344937,0.139241,sample_0012_real_00689.json,SPECTR,Psychoacoustic,SPECTR | Psychoacoustic,C:\Users\domin\Downloads\jsony\jsony\pertubacje\sonics,,,,,,,,,,,1,-0.0028540000000000006,0.0028540000000000006,0.48903,0.491884,-0.0028539999999999677,0.983768,0,0,0,0.784609,0.0,0.215391,1.0,0.6076954999999999,0,1,1,0,0.8583465714285714,0.980582,0.87332075,0.7412497499999999,0.8056433999999999,,0.8518284942857143,0,1,1,0,0,1,0,0.6076954999999999,0.5176523427492042,0.5092498099216991,0
13,fake_46348_udio_1,1,fake,1,0.961091,1,0.999368,1,1,1,0.852238,0.142857,0.01,1.896504,0.921214,3.314942,-3.990042,3.419613,True,0.516069,0.154229,sample_0013_fake_46348_udio_1.json,SPECTR,Psychoacoustic,SPECTR | Psychoacoustic,C:\Users\domin\Downloads\jsony\jsony\pertubacje\sonics,,,,,,,,,,,1,0.038277000000000005,0.038277000000000005,0.46109100000000003,0.49936800000000003,-0.038277000000000005,0.9987360000000001,0,0,0,0.852238,0.142857,0.14776199999999995,0.857143,0.5024525,0,1,1,0,0.256144,0.921214,0.5787355,0.0024895000000000334,0.6839226,,0.48850112,0,1,1,0,0,0,0,0.5024525,0.2454486089968,0.24513836195502806,0
14,real_12041,0,real,0,0.166397,0,0.061215,1,1,1,0.59788,0.0,0.01,4.206644,0.95969,4.152402,-3.976073,4.134524,True,0.302814,0.176056,sample_0014_real_12041.json,SPECTR,Psychoacoustic,SPECTR | Psychoacoustic,C:\Users\domin\Downloads\jsony\jsony\pertubacje\sonics,,,,,,,,,,,1,-0.105182,0.105182,0.333603,0.438785,-0.105182,0.87757,0,0,0,0.59788,0.0,0.40212000000000003,1.0,0.70106,0,1,1,0,0.916184,0.95969,0.7881005000000001,0.005981750000000008,0.8269048,,0.69937221,0,1,1,0,0,1,0,0.70106,0.49030188154260007,0.4302742221853395,0
15,real_12285,0,real,0,0.393704,0,0.015554,1,1,1,0.699555,0.6,0.01,4.232075,0.995733,4.476844,-3.971697,3.87748,True,0.252588,0.170279,sample_0015_real_12285.json,SPECTR,Psychoacoustic,SPECTR | Psychoacoustic,C:\Users\domin\Downloads\jsony\jsony\pertubacje\sonics,,,,,,,,,,,1,-0.37815,0.37815,0.106296,0.484446,-0.37815,0.968892,0,0,0,0.699555,0.6,0.30044499999999996,0.4,0.3502225,0,0,0,0,0.92345,0.995733,0.869211,0.007075750000000047,0.775496,,0.7141931499999999,0,0,0,0,0,1,0,0.3502225,0.250126510475875,0.24234557498799145,0
16,fake_25170_suno_0,1,fake,1,0.982017,1,0.992356,1,1,1,0.557533,0.333333,0.01,4.462429,0.997912,4.962936,-0.531245,4.942531,True,0.348597,0.196203,sample_0016_fake_25170_suno_0.json,SPECTR,Psychoacoustic,SPECTR | Psychoacoustic,C:\Users\domin\Downloads\jsony\jsony\pertubacje\sonics,,,,,,,,,,,1,0.010338999999999987,0.010338999999999987,0.48201700000000003,0.492356,-0.010338999999999987,0.984712,0,0,0,0.557533,0.333333,0.44246700000000005,0.666667,0.554567,0,0,0,0,0.9892654285714286,0.997912,0.990734,0.86718875,0.9885062,,0.9667212757142858,0,0,0,0,0,1,0,0.554567,0.5361117177090443,0.5279156417687084,0
17,fake_18041_udio_1,1,fake,1,0.989428,1,0.99847,1,1,1,0.896585,0.142857,0.01,3.849303,0.950364,4.367205,-2.1788,3.941694,True,0.495386,0.26776,sample_0017_fake_18041_udio_1.json,SPECTR,Psychoacoustic,SPECTR | Psychoacoustic,C:\Users\domin\Downloads\jsony\jsony\pertubacje\sonics,,,,,,,,,,,1,0.009041999999999994,0.009041999999999994,0.489428,0.49846999999999997,-0.009041999999999994,0.9969399999999999,0,0,0,0.896585,0.142857,0.10341500000000003,0.857143,0.480279,0,1,1,0,0.8140865714285714,0.950364,0.8418012500000001,0.45530000000000004,0.7883388,,0.7699781242857144,0,1,1,0,0,1,0,0.480279,0.36980432355381865,0.36867272232374393,0
18,real_11244,0,real,0,0.012558,0,0.011377,1,1,1,0.74319,0.6,0.01,,0.999314,4.899516,-3.964449,4.542314,True,0.354106,0.264706,sample_0018_real_11244.json,SPECTR,Psychoacoustic,SPECTR | Psychoacoustic,C:\Users\domin\Downloads\jsony\jsony\pertubacje\sonics,,,,,,,,,,,1,-0.0011809999999999998,0.0011809999999999998,0.487442,0.488623,-0.0011809999999999876,0.977246,0,0,0,0.74319,0.6,0.25681,0.4,0.328405,0,0,0,0,,0.999314,0.974879,0.008887749999999972,0.9084628,,0.7228858875,0,0,0,0,0,0,0,0.328405,0.2373993398844375,0.231997555304707,0
19,real_06824,0,real,0,0.05629,0,0.005356,1,1,1,0.760386,0.333333,0.01,3.826972,0.984409,4.28187,-1.652269,4.251018,True,0.343747,0.157895,sample_0019_real_06824.json,SPECTR,Psychoacoustic,SPECTR | Psychoacoustic,C:\Users\domin\Downloads\jsony\jsony\pertubacje\sonics,,,,,,,,,,,1,-0.050934,0.050934,0.44371,0.494644,-0.05093399999999998,0.989288,0,0,0,0.760386,0.333333,0.239614,0.666667,0.4531405,0,0,0,0,0.8077062857142857,0.984409,0.8204674999999999,0.58693275,0.8502036000000001,,0.8099438271428572,0,0,0,0,0,1,0,0.4531405,0.3670183508034279,0.36308685022962156,0
20,real_06651,0,real,0,0.197359,0,0.012819,1,1,1,0.777017,0.142857,0.01,1.134829,0.536707,1.520156,-3.77166,2.637909,True,0.260385,0.168591,sample_0020_real_06651.json,SPECTR,Psychoacoustic,SPECTR | Psychoacoustic,C:\Users\domin\Downloads\jsony\jsony\pertubacje\sonics,,,,,,,,,,,1,-0.18454,0.18454,0.302641,0.487181,-0.18453999999999998,0.974362,0,0,0,0.777017,0.142857,0.22298300000000004,0.857143,0.540063,0,1,1,0,0.038522571428571455,0.536707,0.13003900000000002,0.05708500000000005,0.5275818,,0.2579870742857143,0,1,1,0,0,0,0,0.540063,0.13932927329996572,0.1357571493911012,0
21,fake_23884_suno_1,1,fake,1,0.678553,1,0.989915,1,1,1,0.833757,0.0,0.01,4.184517,0.934254,3.932309,-1.926984,3.70726,True,0.455922,0.266187,sample_0021_fake_23884_suno_1.json,SPECTR,Psychoacoustic,SPECTR | Psychoacoustic,C:\Users\domin\Downloads\jsony\jsony\pertubacje\sonics,,,,,,,,,,,1,0.311362,0.311362,0.17855299999999996,0.489915,-0.311362,0.97983,0,0,0,0.833757,0.0,0.16624300000000003,1.0,0.5831215000000001,0,1,1,0,0.9098619999999998,0.934254,0.73307725,0.518254,0.741452,,0.7673798499999999,0,1,1,0,0,1,0,0.5831215000000001,0.447475689201775,0.4384501045505752,0
22,fake_12630_suno_1,1,fake,0,0.32672,0,0.010264,0,0,1,0.82382,0.6,0.01,4.451471,0.998949,4.968574,-0.398097,4.904321,True,0.136394,0.079365,sample_0022_fake_12630_suno_1.json,SPECTR,Psychoacoustic,SPECTR | Psychoacoustic,C:\Users\domin\Downloads\jsony\jsony\pertubacje\sonics,,,,,,,,,,,1,-0.316456,0.316456,0.17328,0.489736,-0.316456,0.979472,0,0,0,0.82382,0.6,0.17618,0.4,0.28809,0,0,0,0,0.9861345714285713,0.998949,0.9921435000000001,0.90047575,0.9808642000000001,,0.9717134042857143,0,0,0,0,0,1,0,0.28809,0.27994091464067145,0.27419428754492775,0
23,fake_31014_suno_0,1,fake,0,0.208286,0,0.009693,0,0,1,0.756759,0.6,0.01,4.508097,0.99931,4.978647,-0.434301,4.95225,True,0.212572,0.096774,sample_0023_fake_31014_suno_0.json,SPECTR,Psychoacoustic,SPECTR | Psychoacoustic,C:\Users\domin\Downloads\jsony\jsony\pertubacje\sonics,,,,,,,,,,,1,-0.198593,0.198593,0.29171400000000003,0.490307,-0.19859299999999996,0.980614,0,0,0,0.756759,0.6,0.24324100000000004,0.4,0.32162050000000003,0,0,0,0,1.0,0.99931,0.9946617499999999,0.89142475,0.99045,,0.9751692999999999,0,0,0,0,0,1,0,0.32162050000000003,0.31363443785065,0.30755432063847726,0
24,fake_05418_udio_0,1,fake,1,0.976122,1,0.991114,1,1,1,0.919215,0.142857,0.01,3.867508,0.9933,4.180732,-3.794008,3.342559,True,0.499802,0.137255,sample_0024_fake_05418_udio_0.json,SPECTR,Psychoacoustic,SPECTR | Psychoacoustic,C:\Users\domin\Downloads\jsony\jsony\pertubacje\sonics,,,,,,,,,,,1,0.014992000000000005,0.014992000000000005,0.47612200000000005,0.49111400000000005,-0.014992000000000005,0.9822280000000001,0,0,0,0.919215,0.142857,0.080785,0.857143,0.468964,0,1,1,0,0.819288,0.9933,0.795183,0.051498000000000044,0.6685118,,0.66555616,0,1,1,0,0,1,0,0.468964,0.31212187901823996,0.30657484898432785,0
25,fake_26837_udio_0,1,fake,1,0.95323,1,0.998428,1,1,1,0.910155,0.6,0.01,3.745145,0.991045,4.094551,-3.979776,3.541411,True,0.408761,0.165829,sample_0025_fake_26837_udio_0.json,SPECTR,Psychoacoustic,SPECTR | Psychoacoustic,C:\Users\domin\Downloads\jsony\jsony\pertubacje\sonics,,,,,,,,,,,1,0.04519799999999996,0.04519799999999996,0.45323,0.498428,-0.04519799999999996,0.996856,0,0,0,0.910155,0.6,0.08984499999999995,0.4,0.2449225,0,0,0,0,0.7843271428571429,0.991045,0.77363775,0.005055999999999949,0.7082822,,0.6524696185714285,0,0,0,0,0,1,0,0.2449225,0.1598044901545607,0.15930206483751475,0
26,real_03751,0,real,1,0.527831,1,0.990445,0,0,1,0.524296,0.142857,0.01,3.437195,0.975877,4.208076,-2.475979,3.927939,True,0.298405,0.202247,sample_0026_real_03751.json,SPECTR,Psychoacoustic,SPECTR | Psychoacoustic,C:\Users\domin\Downloads\jsony\jsony\pertubacje\sonics,,,,,,,,,,,1,0.46261399999999997,0.46261399999999997,0.02783100000000005,0.490445,-0.46261399999999997,0.98089,0,0,0,0.524296,0.142857,0.475704,0.857143,0.6664235000000001,0,1,1,0,0.6963414285714286,0.975877,0.802019,0.38100524999999996,0.7855878,,0.7281660957142857,0,1,1,0,0,1,0,0.6664235000000001,0.4852669980872493,0.475993545753802,0
27,real_03067,0,real,0,0.017838,0,0.046476,1,1,1,0.80144,0.0,0.01,4.31214,0.999013,4.931558,-0.960674,4.725145,True,0.388628,0.218391,sample_0027_real_03067.json,SPECTR,Psychoacoustic,SPECTR | Psychoacoustic,C:\Users\domin\Downloads\jsony\jsony\pertubacje\sonics,,,,,,,,,,,1,0.028638000000000004,0.028638000000000004,0.482162,0.453524,0.028637999999999997,0.907048,0,0,0,0.80144,0.0,0.19855999999999996,1.0,0.59928,0,1,1,0,0.9463257142857143,0.999013,0.9828895,0.7598315,0.9450290000000001,,0.9266177428571428,0,1,1,0,0,1,0,0.59928,0.5553034809394286,0.5036869117791468,0
28,real_06031,0,real,1,0.578386,1,0.997609,0,0,1,0.694437,0.0,0.01,2.775066,0.819217,3.232373,-3.969416,2.9619,True,0.243575,0.166163,sample_0028_real_06031.json,SPECTR,Psychoacoustic,SPECTR | Psychoacoustic,C:\Users\domin\Downloads\jsony\jsony\pertubacje\sonics,,,,,,,,,,,1,0.419223,0.419223,0.07838599999999996,0.49760899999999997,-0.419223,0.9952179999999999,0,0,0,0.694437,0.0,0.30556300000000003,1.0,0.6527815,0,1,1,0,0.5071617142857142,0.819217,0.55809325,0.007646000000000042,0.59238,,0.4968995928571428,0,1,1,0,0,0,0,0.6527815,0.324366861574675,0.32281573924262486,0
29,real_12407,0,real,0,0.014336,0,0.007328,1,1,1,0.715555,0.0,0.01,2.049194,0.611714,2.356472,-3.580971,2.491652,True,0.153053,0.081761,sample_0029_real_12407.json,SPECTR,Psychoacoustic,SPECTR | Psychoacoustic,C:\Users\domin\Downloads\jsony\jsony\pertubacje\sonics,,,,,,,,,,,1,-0.0070079999999999995,0.0070079999999999995,0.485664,0.492672,-0.007008000000000014,0.985344,0,0,0,0.715555,0.0,0.28444499999999995,1.0,0.6422224999999999,0,1,1,0,0.29976971428571425,0.611714,0.33911800000000003,0.10475725000000002,0.49833040000000006,,0.3707378728571428,0,1,1,0,0,0,0,0.6422224999999999,0.23809620355099637,0.23460666559175297,0
30,fake_30244_udio_0,1,fake,1,0.96944,1,0.985056,1,1,1,0.953066,0.333333,0.01,4.201014,0.959254,4.342251,-3.968828,3.958718,True,0.786883,0.202073,sample_0030_fake_30244_udio_0.json,SPECTR,Psychoacoustic,SPECTR | Psychoacoustic,C:\Users\domin\Downloads\jsony\jsony\pertubacje\sonics,,,,,,,,,,,1,0.015616000000000074,0.015616000000000074,0.46943999999999997,0.48505600000000004,-0.015616000000000074,0.9701120000000001,0,0,0,0.953066,0.333333,0.04693400000000003,0.666667,0.3568005,0,0,0,0,0.9145754285714285,0.959254,0.83556275,0.00779300000000005,0.7917436,,0.7017857557142857,0,0,0,0,0,1,0,0.3568005,0.25039750853173504,0.24291362779673856,0
31,real_19441,0,real,0,0.013374,0,0.485116,1,1,1,0.650535,0.0,0.01,2.376043,0.783174,3.592251,-3.14747,3.319171,True,0.3538,0.191919,sample_0031_real_19441.json,SPECTR,Psychoacoustic,SPECTR | Psychoacoustic,C:\Users\domin\Downloads\jsony\jsony\pertubacje\sonics,,,,,,,,,,,1,0.471742,0.471742,0.486626,0.014884000000000008,0.471742,0.029768000000000017,1,1,1,0.650535,0.0,0.349465,1.0,0.6747325,0,1,1,0,0.39315514285714287,0.783174,0.64806275,0.21313249999999995,0.6638341999999999,,0.5402717185714285,0,1,1,0,0,0,0,0.6747325,0.3645388873509964,0.010851593598664467,0
32,real_06994,0,real,0,0.235216,0,0.009016,1,1,1,0.565529,0.0,0.01,3.515516,0.979647,4.074686,-2.954206,4.061494,True,0.345596,0.223077,sample_0032_real_06994.json,SPECTR,Psychoacoustic,SPECTR | Psychoacoustic,C:\Users\domin\Downloads\jsony\jsony\pertubacje\sonics,,,,,,,,,,,1,-0.2262,0.2262,0.264784,0.490984,-0.22619999999999996,0.981968,0,0,0,0.565529,0.0,0.43447100000000005,1.0,0.7172355,0,1,1,0,0.7187188571428571,0.979647,0.7686715,0.2614485,0.8122988,,0.7081569314285714,0,1,1,0,0,1,0,0.7172355,0.5079152907916371,0.4987565622680823,0
33,real_18998,0,real,0,0.223812,0,0.034231,1,1,1,0.622361,0.6,0.01,4.404888,0.999656,4.860095,-0.85728,4.576251,True,0.407789,0.320755,sample_0033_real_18998.json,SPECTR,Psychoacoustic,SPECTR | Psychoacoustic,C:\Users\domin\Downloads\jsony\jsony\pertubacje\sonics,,,,,,,,,,,1,-0.189581,0.189581,0.276188,0.465769,-0.189581,0.931538,0,0,0,0.622361,0.6,0.37763899999999995,0.4,0.3888195,0,0,0,0,0.9728251428571427,0.999656,0.9650237500000001,0.7856799999999999,0.9152502,,0.9276870185714285,0,0,0,0,0,1,0,0.3888195,0.36070280271743355,0.3360083674377926,0
34,real_06334,0,real,0,0.036459,0,0.017331,1,1,1,0.766994,0.0,0.01,3.946529,0.97948,4.526033,-3.905774,4.100916,True,0.251619,0.107914,sample_0034_real_06334.json,SPECTR,Psychoacoustic,SPECTR | Psychoacoustic,C:\Users\domin\Downloads\jsony\jsony\pertubacje\sonics,,,,,,,,,,,1,-0.019128,0.019128,0.463541,0.482669,-0.019128000000000034,0.965338,0,0,0,0.766994,0.0,0.23300600000000005,1.0,0.616503,0,1,1,0,0.8418654285714285,0.97948,0.88150825,0.02355649999999998,0.8201832,,0.7093186757142856,0,1,1,0,0,1,0,0.616503,0.43729709153388424,0.42213949974713677,0
35,fake_46798_udio_1,1,fake,1,0.925904,1,0.834934,1,1,1,0.852364,0.0,0.01,3.248761,0.895609,3.426495,-3.98404,3.405384,True,0.295843,0.142857,sample_0035_fake_46798_udio_1.json,SPECTR,Psychoacoustic,SPECTR | Psychoacoustic,C:\Users\domin\Downloads\jsony\jsony\pertubacje\sonics,,,,,,,,,,,1,-0.09097,0.09097,0.42590399999999995,0.33493399999999995,0.09097,0.6698679999999999,0,0,0,0.852364,0.0,0.147636,1.0,0.5738179999999999,0,1,1,0,0.6425031428571428,0.895609,0.60662375,0.003990000000000049,0.6810768,,0.5659605385714286,0,1,1,0,0,1,0,0.5738179999999999,0.32475834432198,0.21754522259427606,0
36,real_09534,0,real,0,0.073964,0,0.078045,1,1,0,0.778022,0.142857,0.01,,0.976896,4.678721,-2.720403,4.099057,True,0.285543,0.23125,sample_0036_real_09534.json,SPECTR,Psychoacoustic,SPECTR | Psychoacoustic,C:\Users\domin\Downloads\jsony\jsony\pertubacje\sonics,,,,,,,,,,,1,0.004081000000000001,0.004081000000000001,0.42603599999999997,0.42195499999999997,0.004081000000000001,0.8439099999999999,0,0,0,0.778022,0.142857,0.221978,0.857143,0.5395605,0,1,1,0,,0.976896,0.9196802500000001,0.31989924999999997,0.8198114000000001,,0.7590717250000001,0,1,1,0,0,0,0,0.5395605,0.4095651194768625,0.34563609997771905,0
37,fake_13581_udio_0,1,fake,1,0.943562,1,0.982501,1,1,1,0.894488,0.6,0.01,2.769917,0.838007,3.291322,-3.318233,3.051334,True,0.210095,0.165829,sample_0037_fake_13581_udio_0.json,SPECTR,Psychoacoustic,SPECTR | Psychoacoustic,C:\Users\domin\Downloads\jsony\jsony\pertubacje\sonics,,,,,,,,,,,1,0.038938999999999946,0.038938999999999946,0.443562,0.48250099999999996,-0.038938999999999946,0.9650019999999999,0,0,0,0.894488,0.6,0.10551200000000005,0.4,0.25275600000000004,0,0,0,0,0.5056905714285714,0.838007,0.5728305,0.17044174999999995,0.6102668,,0.5394473242857142,0,0,0,0,0,0,0,0.25275600000000004,0.13634854789716,0.13157662141785517,0
38,real_13270,0,real,0,0.40863,0,0.005047,1,1,1,0.740794,0.333333,0.01,2.17268,0.611052,2.173013,-2.488643,2.32159,True,0.230159,0.157593,sample_0038_real_13270.json,SPECTR,Psychoacoustic,SPECTR | Psychoacoustic,C:\Users\domin\Downloads\jsony\jsony\pertubacje\sonics,,,,,,,,,,,1,-0.40358299999999997,0.40358299999999997,0.09137,0.494953,-0.40358299999999997,0.989906,0,0,0,0.740794,0.333333,0.25920600000000005,0.666667,0.46293650000000003,0,0,0,0,0.3350514285714286,0.611052,0.29325325,0.37783924999999996,0.464318,,0.41630278571428575,0,0,0,0,0,0,0,0.46293650000000003,0.19272175455882146,0.1907764211683047,0
39,fake_46574_suno_1,1,fake,1,0.973303,1,0.98088,1,1,1,0.577224,0.6,0.01,4.328985,0.998378,4.893513,-0.681341,4.597801,True,0.246254,0.134021,sample_0039_fake_46574_suno_1.json,SPECTR,Psychoacoustic,SPECTR | Psychoacoustic,C:\Users\domin\Downloads\jsony\jsony\pertubacje\sonics,,,,,,,,,,,1,0.007576999999999945,0.007576999999999945,0.47330300000000003,0.48088,-0.007576999999999945,0.96176,0,0,0,0.577224,0.6,0.42277600000000004,0.4,0.41138800000000003,0,0,0,0,0.9511385714285715,0.998378,0.9733782499999999,0.8296647500000001,0.9195601999999999,,0.9344239542857145,0,0,0,0,0,1,0,0.41138800000000003,0.38441080170569153,0.3697109326484659,0
40,fake_49262_suno_1,1,fake,1,0.970632,1,0.984438,1,1,1,0.843935,0.0,0.01,3.613609,0.910729,4.034738,-1.907528,3.515769,True,0.473609,0.211765,sample_0040_fake_49262_suno_1.json,SPECTR,Psychoacoustic,SPECTR | Psychoacoustic,C:\Users\domin\Downloads\jsony\jsony\pertubacje\sonics,,,,,,,,,,,1,0.013805999999999985,0.013805999999999985,0.47063200000000005,0.48443800000000004,-0.013805999999999985,0.9688760000000001,0,0,0,0.843935,0.0,0.156065,1.0,0.5780325,0,1,1,0,0.7467454285714286,0.910729,0.7586845,0.523118,0.7031538,,0.7284861457142858,0,1,1,0,0,1,0,0.5780325,0.42108866802259287,0.4079827043190577,0
41,real_00268,0,real,1,0.828106,1,0.962719,0,0,1,0.686724,0.142857,0.01,4.227786,0.986325,4.343246,-1.468219,3.909082,True,0.220641,0.17506,sample_0041_real_00268.json,SPECTR,Psychoacoustic,SPECTR | Psychoacoustic,C:\Users\domin\Downloads\jsony\jsony\pertubacje\sonics,,,,,,,,,,,1,0.13461299999999998,0.13461299999999998,0.328106,0.462719,-0.13461299999999998,0.925438,0,0,0,0.686724,0.142857,0.313276,0.857143,0.5852094999999999,0,1,1,0,0.9222245714285714,0.986325,0.8358114999999999,0.63294525,0.7818164000000001,,0.8318245442857142,0,1,1,0,0,1,0,0.5852094999999999,0.4867916256491706,0.45049546845751715,0
42,real_20757,0,real,0,0.243013,0,0.02227,1,1,1,0.764992,0.142857,0.01,3.917786,0.841089,3.224349,-2.214323,2.484637,True,0.333497,0.190939,sample_0042_real_20757.json,SPECTR,Psychoacoustic,SPECTR | Psychoacoustic,C:\Users\domin\Downloads\jsony\jsony\pertubacje\sonics,,,,,,,,,,,1,-0.220743,0.220743,0.25698699999999997,0.47773,-0.22074300000000002,0.95546,0,0,0,0.764992,0.142857,0.235008,0.857143,0.5460754999999999,0,1,1,0,0.8336531428571429,0.841089,0.55608725,0.44641925000000005,0.4969274,,0.6348352085714286,0,1,1,0,0,0,0,0.5460754999999999,0.3466679539382471,0.3312273632698376,0
43,fake_14886_suno_0,1,fake,1,0.947674,1,0.99837,1,1,1,0.612097,0.142857,0.01,3.365623,0.966012,4.741247,-2.129041,3.924439,True,0.402354,0.181208,sample_0043_fake_14886_suno_0.json,SPECTR,Psychoacoustic,SPECTR | Psychoacoustic,C:\Users\domin\Downloads\jsony\jsony\pertubacje\sonics,,,,,,,,,,,1,0.05069599999999996,0.05069599999999996,0.447674,0.49837,-0.05069599999999996,0.99674,0,0,0,0.612097,0.142857,0.387903,0.857143,0.6225229999999999,0,1,1,0,0.6758922857142856,0.966012,0.9353117500000001,0.46773975,0.7848878,,0.7659687171428571,0,1,1,0,0,1,0,0.6225229999999999,0.47683314370192276,0.47527866765345445,0
44,real_09833,0,real,0,0.102044,0,0.102044,1,1,1,0.793849,1.0,0.01,,0.0,,0.0,5.0,True,0.115361,0.087948,sample_0044_real_09833.json,SPECTR,Psychoacoustic,SPECTR | Psychoacoustic,C:\Users\domin\Downloads\jsony\jsony\pertubacje\sonics,,,,,,,,,,,1,0.0,0.0,0.397956,0.397956,0.0,0.795912,0,0,0,0.793849,1.0,0.20615099999999997,0.0,0.10307549999999999,0,0,0,0,,0.0,,1.0,1.0,,0.6666666666666666,0,0,0,0,0,0,0,0.10307549999999999,0.06871699999999999,0.054692684903999984,0
45,fake_41199_suno_0,1,fake,1,0.684031,1,0.986417,1,1,1,0.763968,0.0,0.01,3.673739,0.94588,4.146961,-1.959235,3.168302,True,0.301879,0.166667,sample_0045_fake_41199_suno_0.json,SPECTR,Psychoacoustic,SPECTR | Psychoacoustic,C:\Users\domin\Downloads\jsony\jsony\pertubacje\sonics,,,,,,,,,,,1,0.30238600000000004,0.30238600000000004,0.18403099999999994,0.486417,-0.30238600000000004,0.972834,0,0,0,0.763968,0.0,0.23603200000000002,1.0,0.618016,0,1,1,0,0.7639254285714285,0.94588,0.78674025,0.51019125,0.6336604,,0.7280794657142857,0,1,1,0,0,1,0,0.618016,0.44996475908288003,0.4377410164376345,0
46,real_01021,0,real,0,0.146942,0,0.018437,1,1,1,0.686603,0.142857,0.01,3.756786,0.850584,3.403805,-1.656567,2.966515,True,0.343611,0.209125,sample_0046_real_01021.json,SPECTR,Psychoacoustic,SPECTR | Psychoacoustic,C:\Users\domin\Downloads\jsony\jsony\pertubacje\sonics,,,,,,,,,,,1,-0.12850499999999998,0.12850499999999998,0.353058,0.481563,-0.12850500000000004,0.963126,0,0,0,0.686603,0.142857,0.31339700000000004,0.857143,0.58527,0,1,1,0,0.7876531428571428,0.850584,0.60095125,0.58585825,0.5933029999999999,,0.6836699285714285,0,1,1,0,0,1,0,0.58527,0.40013149909499995,0.38537705019737095,0
47,fake_23853_udio_1,1,fake,1,0.960786,1,0.982108,1,1,1,0.941996,0.142857,0.01,3.763798,0.9739,4.138501,-3.972435,3.363348,True,0.679508,0.183673,sample_0047_fake_23853_udio_1.json,SPECTR,Psychoacoustic,SPECTR | Psychoacoustic,C:\Users\domin\Downloads\jsony\jsony\pertubacje\sonics,,,,,,,,,,,1,0.021321999999999952,0.021321999999999952,0.46078600000000003,0.482108,-0.021321999999999952,0.964216,0,0,0,0.941996,0.142857,0.058003999999999944,0.857143,0.45757349999999997,0,1,1,0,0.7896565714285714,0.9739,0.7846252499999999,0.006891250000000015,0.6726696,,0.6455485342857143,0,1,1,0,0,1,0,0.45757349999999997,0.2953859022529843,0.28481581312676346,0
48,real_09723,0,real,0,0.109324,0,0.005934,1,1,1,0.699128,0.0,0.01,3.602003,0.997524,4.327527,-3.245321,3.7871,True,0.248909,0.126638,sample_0048_real_09723.json,SPECTR,Psychoacoustic,SPECTR | Psychoacoustic,C:\Users\domin\Downloads\jsony\jsony\pertubacje\sonics,,,,,,,,,,,1,-0.10339000000000001,0.10339000000000001,0.390676,0.494066,-0.10338999999999998,0.988132,0,0,0,0.699128,0.0,0.30087200000000003,1.0,0.650436,0,1,1,0,0.7434294285714286,0.997524,0.83188175,0.18866974999999997,0.75742,,0.7037849857142856,0,1,1,0,0,1,0,0.650436,0.45776709096805707,0.45233431113244815,0
49,fake_23504_suno_1,1,fake,0,0.386542,0,0.045515,0,0,1,0.729567,0.0,0.01,3.778063,0.936887,4.154443,-2.173933,3.532285,True,0.305211,0.170124,sample_0049_fake_23504_suno_1.json,SPECTR,Psychoacoustic,SPECTR | Psychoacoustic,C:\Users\domin\Downloads\jsony\jsony\pertubacje\sonics,,,,,,,,,,,1,-0.34102699999999997,0.34102699999999997,0.113458,0.45448500000000003,-0.341027,0.9089700000000001,0,0,0,0.729567,0.0,0.27043300000000003,1.0,0.6352165000000001,0,1,1,0,0.7937322857142857,0.936887,0.7886107499999999,0.45651675,0.706457,,0.7364407571428571,0,1,1,0,0,1,0,0.6352165000000001,0.4677993202096357,0.4252155480909526,0
50,fake_51339_udio_0,1,fake,1,0.974335,1,0.97725,1,1,1,0.905108,0.142857,0.01,,0.984223,4.245253,-3.872607,3.524252,True,0.470983,0.110048,sample_0050_fake_51339_udio_0.json,SPECTR,Psychoacoustic,SPECTR | Psychoacoustic,C:\Users\domin\Downloads\jsony\jsony\pertubacje\sonics,,,,,,,,,,,1,0.002915000000000001,0.002915000000000001,0.47433499999999995,0.47724999999999995,-0.002915000000000001,0.9544999999999999,0,0,0,0.905108,0.142857,0.09489199999999998,0.857143,0.4760175,0,1,1,0,,0.984223,0.81131325,0.03184825000000002,0.7048504,,0.6330587249999999,0,1,1,0,0,0,0,0.4760175,0.30134703162768744,0.28763574168862766,0
51,real_03147,0,real,0,0.022608,0,0.007758,1,1,1,0.790272,0.142857,0.01,4.294915,0.998504,4.603621,-0.937923,4.047958,True,0.194439,0.132075,sample_0051_real_03147.json,SPECTR,Psychoacoustic,SPECTR | Psychoacoustic,C:\Users\domin\Downloads\jsony\jsony\pertubacje\sonics,,,,,,,,,,,1,-0.014849999999999999,0.014849999999999999,0.477392,0.492242,-0.01485000000000003,0.984484,0,0,0,0.790272,0.142857,0.20972800000000003,0.857143,0.5334355,0,1,1,0,0.9414042857142856,0.998504,0.9009052500000001,0.76551925,0.8095916000000001,,0.8831848771428572,0,1,1,0,0,1,0,0.5334355,0.4711221665311386,0.46381223499524143,0
52,real_03705,0,real,1,0.540828,1,0.981844,0,0,1,0.722458,0.333333,0.01,4.150827,0.987189,4.391327,-2.365628,4.142557,True,0.340804,0.227092,sample_0052_real_03705.json,SPECTR,Psychoacoustic,SPECTR | Psychoacoustic,C:\Users\domin\Downloads\jsony\jsony\pertubacje\sonics,,,,,,,,,,,1,0.4410160000000001,0.4410160000000001,0.040827999999999975,0.48184400000000005,-0.4410160000000001,0.9636880000000001,0,0,0,0.722458,0.333333,0.27754199999999996,0.666667,0.4721045,0,0,0,0,0.9002362857142856,0.987189,0.8478317500000001,0.408593,0.8285114,,0.7944722871428571,0,0,0,0,0,1,0,0.4721045,0.37507394188543497,0.3614542569076911,0
53,fake_16796_suno_1,1,fake,1,0.914715,1,0.992379,1,1,1,0.862414,0.142857,0.01,4.511108,0.999558,4.989573,-0.264224,4.976755,True,0.137895,0.079365,sample_0053_fake_16796_suno_1.json,SPECTR,Psychoacoustic,SPECTR | Psychoacoustic,C:\Users\domin\Downloads\jsony\jsony\pertubacje\sonics,,,,,,,,,,,1,0.07766400000000007,0.07766400000000007,0.41471499999999994,0.492379,-0.07766400000000007,0.984758,0,0,0,0.862414,0.142857,0.13758599999999999,0.857143,0.4973645,0,1,1,0,1.0,0.999558,0.99739325,0.933944,0.995351,,0.9852492500000001,0,1,1,0,0,1,0,0.4973645,0.49002800060162505,0.48255899381645506,0
54,real_19597,0,real,0,0.483748,0,0.020274,1,1,1,0.674303,0.0,0.01,3.334639,0.860856,3.085878,-3.979394,2.717486,True,0.329645,0.1,sample_0054_real_19597.json,SPECTR,Psychoacoustic,SPECTR | Psychoacoustic,C:\Users\domin\Downloads\jsony\jsony\pertubacje\sonics,,,,,,,,,,,1,-0.463474,0.463474,0.01625199999999999,0.479726,-0.463474,0.959452,0,0,0,0.674303,0.0,0.325697,1.0,0.6628485,0,1,1,0,0.6670397142857143,0.860856,0.5214695,0.0051514999999999755,0.5434972,,0.5196027828571429,0,1,1,0,0,0,0,0.6628485,0.3444179252126829,0.330452467181159,0
55,fake_40188_udio_1,1,fake,1,0.979553,1,0.999276,1,1,1,0.879525,0.142857,0.01,,0.957205,4.150892,-2.45975,3.616527,True,0.670425,0.195876,sample_0055_fake_40188_udio_1.json,SPECTR,Psychoacoustic,SPECTR | Psychoacoustic,C:\Users\domin\Downloads\jsony\jsony\pertubacje\sonics,,,,,,,,,,,1,0.019723000000000046,0.019723000000000046,0.479553,0.49927600000000005,-0.019723000000000046,0.9985520000000001,0,0,0,0.879525,0.142857,0.120475,0.857143,0.488809,0,1,1,0,,0.957205,0.787723,0.3850625,0.7233054,,0.713323975,0,1,1,0,0,0,0,0.488809,0.348679178895775,0.34817429144473394,0
56,real_19284,0,real,0,0.355279,0,0.132302,1,1,1,0.743601,0.0,0.01,3.995867,0.948056,4.262611,-3.978665,4.464925,True,0.221869,0.134396,sample_0056_real_19284.json,SPECTR,Psychoacoustic,SPECTR | Psychoacoustic,C:\Users\domin\Downloads\jsony\jsony\pertubacje\sonics,,,,,,,,,,,1,-0.222977,0.222977,0.144721,0.36769799999999997,-0.22297699999999998,0.7353959999999999,0,0,0,0.743601,0.0,0.25639900000000004,1.0,0.6281995,0,1,1,0,0.855962,0.948056,0.8156527499999999,0.005333750000000026,0.892985,,0.7035979,0,1,1,0,0,1,0,0.6281995,0.44199984898105,0.3250449209412682,0
57,real_10101,0,real,0,0.035245,0,0.009967,1,1,1,0.786412,0.142857,0.01,1.780636,0.742811,2.735322,-3.984237,2.727446,True,0.282504,0.183908,sample_0057_real_10101.json,SPECTR,Psychoacoustic,SPECTR | Psychoacoustic,C:\Users\domin\Downloads\jsony\jsony\pertubacje\sonics,,,,,,,,,,,1,-0.025278,0.025278,0.46475500000000003,0.490033,-0.025277999999999967,0.980066,0,0,0,0.786412,0.142857,0.213588,0.857143,0.5353654999999999,0,1,1,0,0.22303885714285718,0.742811,0.4338305,0.003940750000000048,0.5454892,,0.3898220614285714,0,1,1,0,0,0,0,0.5353654999999999,0.2086972828277378,0.20453711119184967,0
58,real_07252,0,real,0,0.014744,0,0.007481,1,1,1,0.72175,0.142857,0.01,3.842243,0.994507,4.405552,-2.816456,3.846022,True,0.302488,0.136752,sample_0058_real_07252.json,SPECTR,Psychoacoustic,SPECTR | Psychoacoustic,C:\Users\domin\Downloads\jsony\jsony\pertubacje\sonics,,,,,,,,,,,1,-0.007263,0.007263,0.485256,0.492519,-0.007262999999999964,0.985038,0,0,0,0.72175,0.142857,0.27825,0.857143,0.5676965,0,1,1,0,0.8120694285714285,0.994507,0.851388,0.295886,0.7692044,,0.7446109657142858,0,1,1,0,0,1,0,0.5676965,0.42271303909762004,0.41638840660664145,0
59,real_13937,0,real,0,0.015592,0,0.013831,1,1,1,0.745169,0.333333,0.01,4.352695,0.998999,4.953115,-1.390386,4.570596,True,0.271389,0.138462,sample_0059_real_13937.json,SPECTR,Psychoacoustic,SPECTR | Psychoacoustic,C:\Users\domin\Downloads\jsony\jsony\pertubacje\sonics,,,,,,,,,,,1,-0.0017610000000000004,0.0017610000000000004,0.484408,0.486169,-0.0017610000000000126,0.972338,0,0,0,0.745169,0.333333,0.25483100000000003,0.666667,0.460749,0,0,0,0,0.9579128571428571,0.998999,0.9882787500000001,0.6524035,0.9141192,,0.9023426614285714,0,0,0,0,0,1,0,0.460749,0.41575347891055286,0.40425290617692916,0
60,fake_50637_suno_0,1,fake,1,0.986509,1,0.987364,1,1,1,0.673405,0.333333,0.01,3.787417,0.946812,4.262372,-1.819104,3.87579,True,0.292345,0.207407,sample_0060_fake_50637_suno_0.json,SPECTR,Psychoacoustic,SPECTR | Psychoacoustic,C:\Users\domin\Downloads\jsony\jsony\pertubacje\sonics,,,,,,,,,,,1,0.0008550000000000502,0.0008550000000000502,0.48650899999999997,0.487364,-0.0008550000000000502,0.974728,0,0,0,0.673405,0.333333,0.32659499999999997,0.666667,0.496631,0,0,0,0,0.7964048571428571,0.946812,0.815593,0.5452239999999999,0.775158,,0.7758383714285715,0,0,0,0,0,1,0,0.496631,0.38530538624094285,0.37556794851986175,0
61,real_07265,0,real,0,0.070582,0,0.012137,1,1,1,0.776568,0.142857,0.01,3.920653,0.987157,4.279245,-3.976087,3.55178,True,0.27155,0.191304,sample_0061_real_07265.json,SPECTR,Psychoacoustic,SPECTR | Psychoacoustic,C:\Users\domin\Downloads\jsony\jsony\pertubacje\sonics,,,,,,,,,,,1,-0.058445000000000004,0.058445000000000004,0.42941799999999997,0.487863,-0.058445000000000025,0.975726,0,0,0,0.776568,0.142857,0.22343199999999996,0.857143,0.5402875,0,1,1,0,0.8344722857142858,0.987157,0.8198112500000001,0.005978249999999963,0.710356,,0.6715549571428572,0,1,1,0,0,1,0,0.5402875,0.3628327489073215,0.35402534676034514,0
62,real_11262,0,real,1,0.93651,1,0.988566,0,0,1,0.770891,0.142857,0.01,4.270541,0.991297,4.643011,-1.450125,4.309114,True,0.453225,0.265152,sample_0062_real_11262.json,SPECTR,Psychoacoustic,SPECTR | Psychoacoustic,C:\Users\domin\Downloads\jsony\jsony\pertubacje\sonics,,,,,,,,,,,1,0.05205599999999999,0.05205599999999999,0.43650999999999995,0.48856599999999994,-0.05205599999999999,0.9771319999999999,0,0,0,0.770891,0.142857,0.229109,0.857143,0.543126,0,1,1,0,0.9344402857142856,0.991297,0.9107527500000001,0.63746875,0.8618228,,0.8671563171428571,0,1,1,0,0,1,0,0.543126,0.47097514190453144,0.46020488235945856,0
63,fake_14334_suno_1,1,fake,1,0.959377,1,0.987657,1,1,1,0.81103,0.0,0.01,3.902935,0.929218,4.26986,-2.018068,3.847399,True,0.295201,0.187097,sample_0063_fake_14334_suno_1.json,SPECTR,Psychoacoustic,SPECTR | Psychoacoustic,C:\Users\domin\Downloads\jsony\jsony\pertubacje\sonics,,,,,,,,,,,1,0.028279999999999972,0.028279999999999972,0.45937700000000004,0.487657,-0.028279999999999972,0.975314,0,0,0,0.81103,0.0,0.18896999999999997,1.0,0.5944849999999999,0,1,1,0,0.82941,0.929218,0.8174650000000001,0.495483,0.7694797999999999,,0.7682111600000001,0,1,1,0,0,1,0,0.5944849999999999,0.4566900114526,0.44541616182988114,0
64,real_00224,0,real,0,0.017777,0,0.011064,1,1,1,0.731503,0.142857,0.01,3.448897,0.994316,3.683549,-2.561975,2.951283,True,0.290379,0.15,sample_0064_real_00224.json,SPECTR,Psychoacoustic,SPECTR | Psychoacoustic,C:\Users\domin\Downloads\jsony\jsony\pertubacje\sonics,,,,,,,,,,,1,-0.006713000000000002,0.006713000000000002,0.482223,0.488936,-0.006712999999999969,0.977872,0,0,0,0.731503,0.142857,0.268497,0.857143,0.56282,0,1,1,0,0.6996848571428572,0.994316,0.67088725,0.35950625,0.5902566,,0.6629301914285713,0,1,1,0,0,1,0,0.56282,0.3731103703398285,0.3648541840649488,0
65,fake_09896_suno_1,1,fake,0,0.010297,0,0.016286,0,0,1,0.890432,0.0,0.01,,0.997093,4.976869,-0.501956,4.961872,True,0.24943,0.079365,sample_0065_fake_09896_suno_1.json,SPECTR,Psychoacoustic,SPECTR | Psychoacoustic,C:\Users\domin\Downloads\jsony\jsony\pertubacje\sonics,,,,,,,,,,,1,0.005988999999999998,0.005988999999999998,0.489703,0.483714,0.005989000000000022,0.967428,0,0,0,0.890432,0.0,0.109568,1.0,0.5547839999999999,0,1,1,0,,0.997093,0.9942172499999999,0.874511,0.9923743999999999,,0.9645489125,0,1,1,0,0,0,0,0.5547839999999999,0.5351163038724,0.5176864956226681,0
66,real_06665,0,real,0,0.376892,0,0.255004,1,1,1,0.705942,0.0,0.01,4.415519,0.995472,4.860167,-2.110274,4.794625,True,0.33956,0.174061,sample_0066_real_06665.json,SPECTR,Psychoacoustic,SPECTR | Psychoacoustic,C:\Users\domin\Downloads\jsony\jsony\pertubacje\sonics,,,,,,,,,,,1,-0.121888,0.121888,0.123108,0.244996,-0.121888,0.489992,0,0,0,0.705942,0.0,0.29405800000000004,1.0,0.6470290000000001,0,1,1,0,0.9758625714285714,0.995472,0.9650417499999999,0.4724315,0.958925,,0.8735465642857141,0,1,1,0,0,1,0,0.6470290000000001,0.5652099599432213,0.2769483586924989,0
67,real_19661,0,real,0,0.292505,0,0.005201,1,1,1,0.713852,0.0,0.01,,0.299685,1.0,-3.894963,2.027292,True,0.25311,0.145946,sample_0067_real_19661.json,SPECTR,Psychoacoustic,SPECTR | Psychoacoustic,C:\Users\domin\Downloads\jsony\jsony\pertubacje\sonics,,,,,,,,,,,1,-0.287304,0.287304,0.20749499999999999,0.494799,-0.287304,0.989598,0,0,0,0.713852,0.0,0.28614799999999996,1.0,0.6430739999999999,0,1,1,0,,0.299685,0.0,0.026259249999999956,0.4054584,,0.18285066249999998,0,1,1,0,0,0,0,0.6430739999999999,0.11758650693652498,0.11636337209137124,0
68,real_19119,0,real,0,0.198344,0,0.05904,1,1,1,0.733273,0.0,0.01,3.703403,0.822132,3.353924,-3.507275,2.384062,True,0.224184,0.15415,sample_0068_real_19119.json,SPECTR,Psychoacoustic,SPECTR | Psychoacoustic,C:\Users\domin\Downloads\jsony\jsony\pertubacje\sonics,,,,,,,,,,,1,-0.13930399999999998,0.13930399999999998,0.30165600000000004,0.44096,-0.13930399999999998,0.88192,0,0,0,0.733273,0.0,0.26672700000000005,1.0,0.6333635,0,1,1,0,0.7724008571428571,0.822132,0.588481,0.12318125000000002,0.4768124,,0.5566015014285715,0,1,1,0,0,0,0,0.6333635,0.352531075050055,0.31090420570814453,0
69,fake_06014_udio_0,1,fake,1,0.928647,1,0.969958,1,1,1,0.916355,0.0,0.01,,0.991271,4.668565,-3.809635,4.090467,True,0.618803,0.183673,sample_0069_fake_06014_udio_0.json,SPECTR,Psychoacoustic,SPECTR | Psychoacoustic,C:\Users\domin\Downloads\jsony\jsony\pertubacje\sonics,,,,,,,,,,,1,0.04131099999999999,0.04131099999999999,0.428647,0.469958,-0.04131099999999999,0.939916,0,0,0,0.916355,0.0,0.08364499999999997,1.0,0.5418225,0,1,1,0,,0.991271,0.91714125,0.047591249999999974,0.8180934000000001,,0.693524225,0,1,1,0,0,0,0,0.5418225,0.3757670294000625,0.35318944320558915,0
70,real_00193,0,real,0,0.054188,0,0.086203,1,1,1,0.827546,0.0,0.01,3.907354,0.904284,3.766143,-2.144525,2.299518,True,0.319012,0.186207,sample_0070_real_00193.json,SPECTR,Psychoacoustic,SPECTR | Psychoacoustic,C:\Users\domin\Downloads\jsony\jsony\pertubacje\sonics,,,,,,,,,,,1,0.032015,0.032015,0.445812,0.41379699999999997,0.032015000000000016,0.8275939999999999,0,0,0,0.827546,0.0,0.172454,1.0,0.586227,0,1,1,0,0.8306725714285715,0.904284,0.69153575,0.46386875000000005,0.45990359999999997,,0.6700529342857143,0,1,1,0,0,1,0,0.586227,0.3928031215075115,0.32508150654088747,0
71,fake_19538_udio_0,1,fake,1,0.983757,1,0.998623,1,1,1,0.879142,0.142857,0.01,1.787133,0.961296,2.938527,-3.994812,2.754959,True,0.692749,0.142857,sample_0071_fake_19538_udio_0.json,SPECTR,Psychoacoustic,SPECTR | Psychoacoustic,C:\Users\domin\Downloads\jsony\jsony\pertubacje\sonics,,,,,,,,,,,1,0.014866000000000046,0.014866000000000046,0.483757,0.49862300000000004,-0.014866000000000046,0.9972460000000001,0,0,0,0.879142,0.142857,0.12085800000000002,0.857143,0.4890005,0,1,1,0,0.22489514285714288,0.961296,0.48463175000000003,0.0012969999999999926,0.5509918,,0.4446223385714287,0,1,1,0,0,0,0,0.4890005,0.2174205458725979,0.21682176968926478,0
72,fake_52861_suno_1,1,fake,1,0.75708,1,0.861097,1,1,1,0.81804,0.142857,0.01,4.489547,0.995655,4.872803,-0.580498,4.793228,True,0.201832,0.154362,sample_0072_fake_52861_suno_1.json,SPECTR,Psychoacoustic,SPECTR | Psychoacoustic,C:\Users\domin\Downloads\jsony\jsony\pertubacje\sonics,,,,,,,,,,,1,0.10401700000000003,0.10401700000000003,0.25708,0.361097,-0.10401700000000003,0.722194,0,0,0,0.81804,0.142857,0.18196,0.857143,0.5195514999999999,0,1,1,0,0.9970134285714286,0.995655,0.96820075,0.8548755,0.9586456,,0.9548780557142857,0,1,1,0,0,1,0,0.5195514999999999,0.4961083261634407,0.3582864565052799,0
73,fake_44098_suno_0,1,fake,1,0.95689,1,0.94837,1,1,1,0.681006,0.6,0.01,3.868026,0.874583,3.939136,-1.959253,3.785039,True,0.342203,0.194203,sample_0073_fake_44098_suno_0.json,SPECTR,Psychoacoustic,SPECTR | Psychoacoustic,C:\Users\domin\Downloads\jsony\jsony\pertubacje\sonics,,,,,,,,,,,1,-0.008519999999999972,0.008519999999999972,0.45689,0.44837000000000005,0.008519999999999972,0.8967400000000001,0,0,0,0.681006,0.6,0.318994,0.4,0.359497,0,0,0,0,0.8194359999999999,0.874583,0.734784,0.51018675,0.7570078,,0.73919951,0,0,0,0,0,1,0,0.359497,0.26574000624647,0.23829969320145952,0
74,fake_26293_suno_0,1,fake,1,0.988799,1,0.989672,1,1,1,0.914464,0.6,0.01,3.904656,0.901246,3.826523,-1.735155,3.630476,True,0.270267,0.205776,sample_0074_fake_26293_suno_0.json,SPECTR,Psychoacoustic,SPECTR | Psychoacoustic,C:\Users\domin\Downloads\jsony\jsony\pertubacje\sonics,,,,,,,,,,,1,0.0008730000000000127,0.0008730000000000127,0.488799,0.489672,-0.0008730000000000127,0.979344,0,0,0,0.914464,0.6,0.08553599999999995,0.4,0.24276799999999998,0,0,0,0,0.8299017142857144,0.901246,0.70663075,0.56621125,0.7260951999999999,,0.746016982857143,0,0,0,0,0,1,0,0.24276799999999998,0.18110905089426288,0.177368062338991,0
75,fake_49482_udio_1,1,fake,1,0.979696,1,0.973638,1,1,1,0.846233,0.0,0.01,1.9741,0.950485,3.304322,-3.605013,2.90202,True,0.368462,0.154229,sample_0075_fake_49482_udio_1.json,SPECTR,Psychoacoustic,SPECTR | Psychoacoustic,C:\Users\domin\Downloads\jsony\jsony\pertubacje\sonics,,,,,,,,,,,1,-0.006058000000000008,0.006058000000000008,0.479696,0.473638,0.006058000000000008,0.947276,0,0,0,0.846233,0.0,0.153767,1.0,0.5768835,0,1,1,0,0.2783142857142857,0.950485,0.5760805,0.09874675,0.5804039999999999,,0.4968061071428572,0,1,1,0,0,0,0,0.5768835,0.28659924590994645,0.27148858726859043,0
76,fake_50028_suno_1,1,fake,1,0.748664,1,0.9888,1,1,1,0.714996,0.0,0.01,3.145548,0.989402,3.968683,-2.261088,3.484331,True,0.307656,0.187166,sample_0076_fake_50028_suno_1.json,SPECTR,Psychoacoustic,SPECTR | Psychoacoustic,C:\Users\domin\Downloads\jsony\jsony\pertubacje\sonics,,,,,,,,,,,1,0.24013600000000002,0.24013600000000002,0.248664,0.4888,-0.24013600000000002,0.9776,0,0,0,0.714996,0.0,0.28500400000000004,1.0,0.642502,0,1,1,0,0.6130137142857143,0.989402,0.74217075,0.434728,0.6968662,,0.6952361328571428,0,1,1,0,0,1,0,0.642502,0.44669060583298,0.43668473626232124,0
77,real_03464,0,real,0,0.023526,0,0.006065,1,1,1,0.779944,0.0,0.01,2.012159,0.902115,2.986084,-3.995127,2.481712,True,0.161671,0.189333,sample_0077_real_03464.json,SPECTR,Psychoacoustic,SPECTR | Psychoacoustic,C:\Users\domin\Downloads\jsony\jsony\pertubacje\sonics,,,,,,,,,,,1,-0.017460999999999997,0.017460999999999997,0.476474,0.493935,-0.017461000000000004,0.98787,0,0,0,0.779944,0.0,0.22005600000000003,1.0,0.610028,0,1,1,0,0.28918828571428573,0.902115,0.496521,0.0012182499999999763,0.49634239999999996,,0.43707698714285714,0,1,1,0,0,0,0,0.610028,0.26662920031278287,0.26339498811298884,0
78,fake_51789_suno_0,1,fake,1,0.988044,1,0.761286,1,1,1,0.695903,0.0,0.01,2.861355,0.95674,3.964378,-2.575232,3.338883,True,0.353368,0.193798,sample_0078_fake_51789_suno_0.json,SPECTR,Psychoacoustic,SPECTR | Psychoacoustic,C:\Users\domin\Downloads\jsony\jsony\pertubacje\sonics,,,,,,,,,,,1,-0.22675800000000002,0.22675800000000002,0.48804400000000003,0.261286,0.22675800000000002,0.522572,0,0,0,0.695903,0.0,0.30409699999999995,1.0,0.6520485,0,1,1,0,0.5318157142857143,0.95674,0.7410945,0.35619199999999995,0.6677766,,0.650723762857143,0,1,1,0,0,0,0,0.6520485,0.4243034534853558,0.22172910429474937,0
79,fake_27504_udio_1,1,fake,1,0.905263,1,0.978622,1,1,1,0.928495,0.333333,0.01,4.304782,0.999372,4.985885,-0.359611,4.873796,True,0.589175,0.165829,sample_0079_fake_27504_udio_1.json,SPECTR,Psychoacoustic,SPECTR | Psychoacoustic,C:\Users\domin\Downloads\jsony\jsony\pertubacje\sonics,,,,,,,,,,,1,0.07335899999999995,0.07335899999999995,0.40526300000000004,0.478622,-0.07335899999999995,0.957244,0,0,0,0.928495,0.333333,0.07150500000000004,0.666667,0.369086,0,0,0,0,0.9442234285714287,0.999372,0.9964712499999999,0.91009725,0.9747591999999999,,0.9649846257142858,0,0,0,0,0,1,0,0.369086,0.3561623155663829,0.3409342396020266,0
80,real_11839,0,real,0,0.149967,0,0.125854,1,1,1,0.606586,0.0,0.01,3.70002,0.975947,4.677547,-2.581802,4.465051,True,0.369296,0.169118,sample_0080_real_11839.json,SPECTR,Psychoacoustic,SPECTR | Psychoacoustic,C:\Users\domin\Downloads\jsony\jsony\pertubacje\sonics,,,,,,,,,,,1,-0.024112999999999996,0.024112999999999996,0.35003300000000004,0.374146,-0.02411299999999994,0.748292,0,0,0,0.606586,0.0,0.39341400000000004,1.0,0.696707,0,1,1,0,0.7714342857142856,0.975947,0.9193867499999999,0.35454949999999996,0.8930102,,0.7828655471428572,0,1,1,0,0,1,0,0.696707,0.5454279067532586,0.40813933920020934,0
81,real_20445,0,real,1,0.957765,1,0.989299,0,0,1,0.734801,0.142857,0.01,4.108524,0.95675,4.216077,-1.44641,4.113948,True,0.226566,0.121739,sample_0081_real_20445.json,SPECTR,Psychoacoustic,SPECTR | Psychoacoustic,C:\Users\domin\Downloads\jsony\jsony\pertubacje\sonics,,,,,,,,,,,1,0.03153400000000006,0.03153400000000006,0.457765,0.48929900000000004,-0.03153400000000006,0.9785980000000001,0,0,0,0.734801,0.142857,0.26519899999999996,0.857143,0.561171,0,1,1,0,0.8881497142857143,0.95675,0.8040192500000001,0.6383975,0.8227895999999999,,0.8220212128571429,0,1,1,0,0,1,0,0.561171,0.4612944660402557,0.45142184187806217,0
82,real_12935,0,real,0,0.205781,0,0.258524,1,1,1,0.66332,0.142857,0.01,2.730953,0.860667,4.118465,-3.97433,4.573205,True,0.202166,0.114504,sample_0082_real_12935.json,SPECTR,Psychoacoustic,SPECTR | Psychoacoustic,C:\Users\domin\Downloads\jsony\jsony\pertubacje\sonics,,,,,,,,,,,1,0.052742999999999984,0.052742999999999984,0.294219,0.24147600000000002,0.052742999999999984,0.48295200000000005,0,0,0,0.66332,0.142857,0.33668,0.857143,0.5969115,0,1,1,0,0.494558,0.860667,0.7796162499999999,0.006417499999999965,0.9146409999999999,,0.61117995,0,1,1,0,0,0,0,0.5969115,0.36482034072442504,0.17619071319354254,0
83,real_07251,0,real,0,0.102044,0,0.102044,1,1,1,0.761253,1.0,0.01,,0.0,,0.0,5.0,True,0.311164,0.149367,sample_0083_real_07251.json,SPECTR,Psychoacoustic,SPECTR | Psychoacoustic,C:\Users\domin\Downloads\jsony\jsony\pertubacje\sonics,,,,,,,,,,,1,0.0,0.0,0.397956,0.397956,0.0,0.795912,0,0,0,0.761253,1.0,0.23874700000000004,0.0,0.11937350000000002,0,0,0,0,,0.0,,1.0,1.0,,0.6666666666666666,0,0,0,0,0,0,0,0.11937350000000002,0.07958233333333334,0.063340534088,0
84,real_10022,0,real,0,0.320486,0,0.124772,1,1,1,0.60066,0.0,0.01,3.790701,0.985757,4.786406,-3.980276,4.595086,True,0.273144,0.141129,sample_0084_real_10022.json,SPECTR,Psychoacoustic,SPECTR | Psychoacoustic,C:\Users\domin\Downloads\jsony\jsony\pertubacje\sonics,,,,,,,,,,,1,-0.195714,0.195714,0.179514,0.375228,-0.195714,0.750456,0,0,0,0.60066,0.0,0.39934000000000003,1.0,0.69967,0,1,1,0,0.7973431428571428,0.985757,0.9466015000000001,0.004931000000000019,0.9190172000000001,,0.7307299685714286,0,1,1,0,0,1,0,0.69967,0.5112698371103714,0.3836855168785009,0
85,fake_18908_suno_1,1,fake,1,0.986005,1,0.997797,1,1,1,0.734733,0.333333,0.01,3.494903,0.890873,4.114501,-2.08165,3.542378,True,0.350272,0.2,sample_0085_fake_18908_suno_1.json,SPECTR,Psychoacoustic,SPECTR | Psychoacoustic,C:\Users\domin\Downloads\jsony\jsony\pertubacje\sonics,,,,,,,,,,,1,0.011792000000000025,0.011792000000000025,0.486005,0.49779700000000005,-0.011792000000000025,0.9955940000000001,0,0,0,0.734733,0.333333,0.26526700000000003,0.666667,0.465967,0,0,0,0,0.7128294285714285,0.890873,0.7786252499999999,0.47958750000000006,0.7084756,,0.7140781557142857,0,0,0,0,0,1,0,0.465967,0.33273685598371855,0.3312708173962543,0
86,real_12741,0,real,1,0.524701,1,0.979048,0,0,1,0.747285,0.333333,0.01,2.768781,0.995636,3.868554,-2.563973,3.119692,True,0.388945,0.235457,sample_0086_real_12741.json,SPECTR,Psychoacoustic,SPECTR | Psychoacoustic,C:\Users\domin\Downloads\jsony\jsony\pertubacje\sonics,,,,,,,,,,,1,0.45434700000000006,0.45434700000000006,0.024700999999999973,0.47904800000000003,-0.45434700000000006,0.9580960000000001,0,0,0,0.747285,0.333333,0.252715,0.666667,0.459691,0,0,0,0,0.5053660000000001,0.995636,0.7171385,0.35900675000000004,0.6239384,,0.6402171300000001,0,0,0,0,0,0,0,0.459691,0.2943020527068301,0.2819696194902031,0
87,real_03041,0,real,0,0.313033,0,0.010992,1,1,1,0.723842,0.0,0.01,3.431911,0.871199,3.769506,-2.537959,3.554656,True,0.330659,0.155963,sample_0087_real_03041.json,SPECTR,Psychoacoustic,SPECTR | Psychoacoustic,C:\Users\domin\Downloads\jsony\jsony\pertubacje\sonics,,,,,,,,,,,1,-0.302041,0.302041,0.186967,0.489008,-0.302041,0.978016,0,0,0,0.723842,0.0,0.276158,1.0,0.6380790000000001,0,1,1,0,0.6948317142857142,0.871199,0.6923765,0.36551025000000004,0.7109312,,0.6669697328571429,0,1,1,0,0,1,0,0.6380790000000001,0.4255793801717529,0.4162234430780571,0
88,fake_13018_udio_0,1,fake,1,0.953723,1,0.993746,1,1,1,0.868424,0.0,0.01,,0.983378,4.314834,-3.763774,3.695421,True,0.445371,0.059361,sample_0088_fake_13018_udio_0.json,SPECTR,Psychoacoustic,SPECTR | Psychoacoustic,C:\Users\domin\Downloads\jsony\jsony\pertubacje\sonics,,,,,,,,,,,1,0.04002300000000003,0.04002300000000003,0.453723,0.493746,-0.04002300000000003,0.987492,0,0,0,0.868424,0.0,0.13157600000000003,1.0,0.565788,0,1,1,0,,0.983378,0.8287085000000001,0.059056499999999956,0.7390842,,0.6525567999999999,0,1,1,0,0,0,0,0.565788,0.36920880675839995,0.3645907430034659,0
89,fake_30470_udio_1,1,fake,1,0.983061,1,0.982794,1,1,1,0.928775,0.142857,0.01,1.4168,0.774029,2.206729,-3.995057,2.65476,True,0.193112,0.208333,sample_0089_fake_30470_udio_1.json,SPECTR,Psychoacoustic,SPECTR | Psychoacoustic,C:\Users\domin\Downloads\jsony\jsony\pertubacje\sonics,,,,,,,,,,,1,-0.0002670000000000172,0.0002670000000000172,0.48306099999999996,0.48279399999999995,0.0002670000000000172,0.9655879999999999,0,0,0,0.928775,0.142857,0.07122499999999998,0.857143,0.464184,0,1,1,0,0.11908571428571431,0.774029,0.30168225000000004,0.00123574999999998,0.530952,,0.3453969428571429,0,1,1,0,0,0,0,0.464184,0.1603277345232,0.15481053652278765,0
90,fake_43253_udio_0,1,fake,1,0.95284,1,0.989928,1,1,1,0.871611,0.333333,0.01,3.675594,0.998355,3.63142,-3.626872,3.519623,True,0.576588,0.171717,sample_0090_fake_43253_udio_0.json,SPECTR,Psychoacoustic,SPECTR | Psychoacoustic,C:\Users\domin\Downloads\jsony\jsony\pertubacje\sonics,,,,,,,,,,,1,0.03708800000000001,0.03708800000000001,0.45284,0.48992800000000003,-0.03708800000000001,0.9798560000000001,0,0,0,0.871611,0.333333,0.12838899999999998,0.666667,0.397528,0,0,0,0,0.7644554285714286,0.998355,0.657855,0.09328199999999998,0.7039246,,0.6435744057142857,0,0,0,0,0,1,0,0.397528,0.25583884635478854,0.2506852286338177,0
91,fake_24388_suno_1,1,fake,1,0.947162,1,0.985493,1,1,1,0.916294,0.142857,0.01,3.574558,0.936439,3.803198,-2.170196,3.302602,True,0.519602,0.25228,sample_0091_fake_24388_suno_1.json,SPECTR,Psychoacoustic,SPECTR | Psychoacoustic,C:\Users\domin\Downloads\jsony\jsony\pertubacje\sonics,,,,,,,,,,,1,0.038331000000000004,0.038331000000000004,0.44716199999999995,0.48549299999999995,-0.038331000000000004,0.9709859999999999,0,0,0,0.916294,0.142857,0.08370599999999995,0.857143,0.47042449999999997,0,1,1,0,0.735588,0.936439,0.7007995,0.45745100000000005,0.6605204,,0.6981595800000001,0,1,1,0,0,1,0,0.47042449999999997,0.32843137134171,0.3189022635336016,0
92,fake_38961_udio_0,1,fake,1,0.972802,1,0.98667,1,1,1,0.900398,0.6,0.01,4.208309,0.999148,4.746547,-3.290384,4.299811,True,0.353053,0.115385,sample_0092_fake_38961_udio_0.json,SPECTR,Psychoacoustic,SPECTR | Psychoacoustic,C:\Users\domin\Downloads\jsony\jsony\pertubacje\sonics,,,,,,,,,,,1,0.013868000000000102,0.013868000000000102,0.47280199999999994,0.48667000000000005,-0.013868000000000102,0.9733400000000001,0,0,0,0.900398,0.6,0.09960199999999997,0.4,0.249801,0,0,0,0,0.9166597142857142,0.999148,0.9366367499999999,0.177404,0.8599622,,0.7779621328571429,0,0,0,0,0,1,0,0.249801,0.19433571874984715,0.18915472848797624,0
93,fake_42122_suno_1,1,fake,1,0.962436,1,0.991273,1,1,1,0.821119,0.142857,0.01,4.228539,0.97854,4.500356,-1.358264,4.229922,True,0.308434,0.240964,sample_0093_fake_42122_suno_1.json,SPECTR,Psychoacoustic,SPECTR | Psychoacoustic,C:\Users\domin\Downloads\jsony\jsony\pertubacje\sonics,,,,,,,,,,,1,0.028837,0.028837,0.46243599999999996,0.49127299999999996,-0.028837,0.9825459999999999,0,0,0,0.821119,0.142857,0.17888099999999996,0.857143,0.5180119999999999,0,1,1,0,0.9224397142857141,0.97854,0.875089,0.660434,0.8459844000000001,,0.8564974228571428,0,1,1,0,0,1,0,0.5180119999999999,0.4436759430090742,0.4359320230997938,0
94,fake_32764_suno_0,1,fake,1,0.949883,1,0.917054,1,1,1,0.713359,0.0,0.01,3.953433,0.934784,4.144652,-2.184275,3.840008,True,0.297364,0.177143,sample_0094_fake_32764_suno_0.json,SPECTR,Psychoacoustic,SPECTR | Psychoacoustic,C:\Users\domin\Downloads\jsony\jsony\pertubacje\sonics,,,,,,,,,,,1,-0.032829,0.032829,0.44988300000000003,0.41705400000000004,0.032829,0.8341080000000001,0,0,0,0.713359,0.0,0.28664100000000003,1.0,0.6433205,0,1,1,0,0.843838,0.934784,0.786163,0.45393125,0.7680016000000001,,0.75734357,0,1,1,0,0,1,0,0.6433205,0.48721464412418497,0.40638963238113573,0
95,fake_09727_udio_1,1,fake,1,0.938023,1,0.98816,1,1,1,0.895996,0.142857,0.01,3.814848,0.997368,4.824032,-3.916897,4.326361,True,0.394097,0.171717,sample_0095_fake_09727_udio_1.json,SPECTR,Psychoacoustic,SPECTR | Psychoacoustic,C:\Users\domin\Downloads\jsony\jsony\pertubacje\sonics,,,,,,,,,,,1,0.05013699999999999,0.05013699999999999,0.43802300000000005,0.48816000000000004,-0.05013699999999999,0.9763200000000001,0,0,0,0.895996,0.142857,0.10400399999999999,0.857143,0.4805735,0,1,1,0,0.8042422857142857,0.997368,0.956008,0.02077574999999998,0.8652722,,0.7287332471428571,0,1,1,0,0,1,0,0.4805735,0.35020988714580786,0.34191691701819515,0
96,fake_07770_udio_0,1,fake,1,0.959785,1,0.997496,1,1,1,0.831468,0.333333,0.01,1.733789,0.959321,2.704472,-3.994708,2.324212,True,0.392357,0.208333,sample_0096_fake_07770_udio_0.json,SPECTR,Psychoacoustic,SPECTR | Psychoacoustic,C:\Users\domin\Downloads\jsony\jsony\pertubacje\sonics,,,,,,,,,,,1,0.03771100000000005,0.03771100000000005,0.459785,0.49749600000000005,-0.03771100000000005,0.9949920000000001,0,0,0,0.831468,0.333333,0.16853200000000002,0.666667,0.4175995,0,0,0,0,0.209654,0.959321,0.426118,0.001322999999999963,0.46484240000000004,,0.41225168000000006,0,0,0,0,0,0,0,0.4175995,0.17215609544216004,0.17129393771618573,0
97,fake_37097_udio_0,1,fake,1,0.976906,1,0.777724,1,1,1,0.783889,0.0,0.01,2.951324,0.89983,3.537799,-3.985879,3.374378,True,0.299874,0.165829,sample_0097_fake_37097_udio_0.json,SPECTR,Psychoacoustic,SPECTR | Psychoacoustic,C:\Users\domin\Downloads\jsony\jsony\pertubacje\sonics,,,,,,,,,,,1,-0.19918200000000008,0.19918200000000008,0.47690600000000005,0.27772399999999997,0.19918200000000008,0.5554479999999999,0,0,0,0.783889,0.0,0.21611100000000005,1.0,0.6080555000000001,0,1,1,0,0.5575211428571428,0.89983,0.63444975,0.003530249999999957,0.6748756,,0.5540413485714286,0,1,1,0,0,0,0,0.6080555000000001,0.3368878892262744,0.18712370429495565,0
98,real_01192,0,real,0,0.067391,0,0.006036,1,1,1,0.749649,0.0,0.01,2.709697,0.894241,3.604464,-3.982603,3.337211,True,0.215702,0.125683,sample_0098_real_01192.json,SPECTR,Psychoacoustic,SPECTR | Psychoacoustic,C:\Users\domin\Downloads\jsony\jsony\pertubacje\sonics,,,,,,,,,,,1,-0.06135500000000001,0.06135500000000001,0.432609,0.493964,-0.06135499999999999,0.987928,0,0,0,0.749649,0.0,0.250351,1.0,0.6251755,0,1,1,0,0.4884848571428571,0.894241,0.651116,0.004349249999999971,0.6674422,,0.5411266614285714,0,1,1,0,0,0,0,0.6251755,0.3382991311219378,0.3342151840110338,0
99,real_07293,0,real,0,0.347454,0,0.011343,1,1,1,0.679517,0.142857,0.01,3.889258,0.922684,3.780504,-3.978617,3.734736,True,0.168537,0.160883,sample_0099_real_07293.json,SPECTR,Psychoacoustic,SPECTR | Psychoacoustic,C:\Users\domin\Downloads\jsony\jsony\pertubacje\sonics,,,,,,,,,,,1,-0.336111,0.336111,0.15254600000000001,0.488657,-0.336111,0.977314,0,0,0,0.679517,0.142857,0.32048299999999996,0.857143,0.588813,0,1,1,0,0.8255022857142856,0.922684,0.695126,0.005345750000000038,0.7469471999999999,,0.6391210471428572,0,1,1,0,0,1,0,0.588813,0.3763227811313272,0.36778552251858193,0
0,real_12540,0,real,0,0.245419,0,0.195656,1,1,0,0.284433,0.178734,0.01,1.19474,0.957698,1.990875,-3.774207,2.714833,True,0.414039,0.215434,sample_0000_real_12540.json,SPECTR,PGD,SPECTR | PGD,C:\Users\domin\Downloads\jsony\jsony\pgd\sonics,0.86566,,,,,,,,0.421366,0.247101,1,-0.049763,0.049763,0.254581,0.304344,-0.049763,0.608688,0,0,0,0.284433,0.178734,0.7155670000000001,0.821266,0.7684165000000001,1,1,1,1,0.055639999999999974,0.957698,0.24771875,0.05644824999999998,0.5429666,0.13434000000000001,0.33246860000000006,1,1,1,1,1,0,0,0.7684165000000001,0.25547435797190005,0.1555041760051999,0
1,fake_48933_suno_1,1,fake,1,0.797081,1,0.803546,1,1,1,0.224388,0.072945,0.01,3.060397,0.925165,3.939338,-2.686578,3.06831,True,0.312679,0.163763,sample_0001_fake_48933_suno_1.json,SPECTR,PGD,SPECTR | PGD,C:\Users\domin\Downloads\jsony\jsony\pgd\sonics,0.176251,,,,,,,,0.631202,0.094383,1,0.006464999999999943,0.006464999999999943,0.29708100000000004,0.303546,-0.006464999999999943,0.607092,0,0,0,0.224388,0.072945,0.775612,0.927055,0.8513335,1,1,1,1,0.5886848571428571,0.925165,0.7348345,0.3283555,0.6136619999999999,0.8237490000000001,0.6690751428571429,1,1,1,1,1,1,1,0.8513335,0.5696060831315715,0.345803296220512,0
2,real_00577,0,real,0,0.041042,0,0.041122,1,1,0,0.276625,0.056402,0.01,1.901565,0.937928,3.208652,-3.995683,2.405738,True,0.377647,0.157895,sample_0002_real_00577.json,SPECTR,PGD,SPECTR | PGD,C:\Users\domin\Downloads\jsony\jsony\pgd\sonics,0.224001,,,,,,,,0.587457,0.164421,1,7.999999999999674e-05,7.999999999999674e-05,0.458958,0.458878,7.999999999996898e-05,0.917756,0,0,0,0.276625,0.056402,0.723375,0.943598,0.8334865,1,1,1,1,0.25759,0.937928,0.552163,0.001079249999999976,0.4811476,0.775999,0.500984475,1,1,1,1,1,0,0,0.8334865,0.4175637966220875,0.38322167973270055,0
3,fake_35261_suno_1,1,fake,1,0.988214,1,0.993844,1,1,1,0.211988,0.070365,0.01,3.847681,0.993092,4.571986,-1.677408,4.206426,True,0.26906,0.183908,sample_0003_fake_35261_suno_1.json,SPECTR,PGD,SPECTR | PGD,C:\Users\domin\Downloads\jsony\jsony\pgd\sonics,0.036501,,,,,,,,0.547106,0.095535,1,0.005629999999999913,0.005629999999999913,0.48821400000000004,0.49384399999999995,-0.005629999999999913,0.9876879999999999,0,0,0,0.211988,0.070365,0.7880119999999999,0.929635,0.8588235,1,1,1,1,0.8136231428571429,0.993092,0.8929965,0.580648,0.8412852000000001,0.963499,0.8475239738095238,1,1,1,1,1,1,1,0.8588235,0.7278735055210036,0.7189119269210289,0
4,fake_02193_udio_1,1,fake,1,0.892322,1,0.792347,1,1,1,0.237267,0.071407,0.01,1.766887,0.981036,2.974628,-3.994049,2.757327,True,0.429763,0.120773,sample_0004_fake_02193_udio_1.json,SPECTR,PGD,SPECTR | PGD,C:\Users\domin\Downloads\jsony\jsony\pgd\sonics,0.21215,,,,,,,,0.52941,0.188309,1,-0.09997499999999993,0.09997499999999993,0.39232199999999995,0.292347,0.09997499999999993,0.584694,0,0,0,0.237267,0.071407,0.762733,0.928593,0.845663,1,1,1,1,0.21911057142857146,0.981036,0.493657,0.00148775000000001,0.5514654,0.7878499999999999,0.5057677869047619,1,1,1,1,1,0,0,0.845663,0.42770910397724166,0.25007894684086934,0
5,real_06308,0,real,0,0.1737,0,0.139605,1,1,0,0.278617,0.100321,0.01,2.933887,0.950027,3.997699,-2.717747,3.673786,True,0.415962,0.204545,sample_0005_real_06308.json,SPECTR,PGD,SPECTR | PGD,C:\Users\domin\Downloads\jsony\jsony\pgd\sonics,0.26261,,,,,,,,0.308562,0.230865,1,-0.034094999999999986,0.034094999999999986,0.32630000000000003,0.360395,-0.034094999999999986,0.72079,0,0,0,0.278617,0.100321,0.721383,0.899679,0.810531,1,1,1,1,0.5525391428571428,0.950027,0.74942475,0.32056324999999997,0.7347572,0.73739,0.6741168904761906,1,1,1,1,1,0,0,0.810531,0.5463926373545572,0.39383434907879133,0
6,fake_41087_udio_1,1,fake,1,0.870307,1,0.824589,1,1,1,0.151497,0.116908,0.01,1.581684,0.816658,3.395631,-3.559127,2.703488,True,0.245206,0.177665,sample_0006_fake_41087_udio_1.json,SPECTR,PGD,SPECTR | PGD,C:\Users\domin\Downloads\jsony\jsony\pgd\sonics,0.322091,,,,,,,,0.760705,0.115391,1,-0.045718000000000036,0.045718000000000036,0.37030700000000005,0.324589,0.045718000000000036,0.649178,0,0,0,0.151497,0.116908,0.848503,0.883092,0.8657975,1,1,1,1,0.1661954285714286,0.816658,0.59890775,0.11021824999999996,0.5406976,0.677909,0.48509767142857146,1,1,1,1,1,0,0,0.8657975,0.4199963511786786,0.27265239126547225,0
7,fake_02868_suno_1,1,fake,1,0.9809,1,0.985086,1,1,1,0.174247,0.069669,0.01,3.540864,0.944284,4.141234,-2.263993,3.398702,True,0.422858,0.268482,sample_0007_fake_02868_suno_1.json,SPECTR,PGD,SPECTR | PGD,C:\Users\domin\Downloads\jsony\jsony\pgd\sonics,0.040611,,,,,,,,0.500428,0.101261,1,0.004186000000000023,0.004186000000000023,0.4809,0.485086,-0.004186000000000023,0.970172,0,0,0,0.174247,0.069669,0.825753,0.930331,0.878042,1,1,1,1,0.7259611428571429,0.944284,0.7853085,0.43400174999999996,0.6797404,0.959389,0.7547807988095238,1,1,1,1,1,1,1,0.878042,0.6627292421483119,0.6429613543135121,0
8,fake_29238_suno_1,1,fake,1,0.968572,1,0.978348,1,1,1,0.233464,0.052987,0.01,3.843984,0.949912,4.37518,-2.005311,4.086267,True,0.318289,0.160563,sample_0008_fake_29238_suno_1.json,SPECTR,PGD,SPECTR | PGD,C:\Users\domin\Downloads\jsony\jsony\pgd\sonics,0.044547,,,,,,,,0.450905,0.121185,1,0.009776000000000007,0.009776000000000007,0.468572,0.478348,-0.009776000000000007,0.956696,0,0,0,0.233464,0.052987,0.766536,0.947013,0.8567745,1,1,1,1,0.8125668571428571,0.949912,0.8437950000000001,0.49867225000000004,0.8172534,0.955453,0.8129420845238097,1,1,1,1,1,1,1,0.8567745,0.6965080479968447,0.6663464634863894,0
9,real_19731,0,real,0,0.025304,0,0.209712,1,1,1,0.185718,0.138985,0.01,1.846444,0.482992,1.831011,-3.877792,2.622801,True,0.238688,0.120805,sample_0009_real_19731.json,SPECTR,PGD,SPECTR | PGD,C:\Users\domin\Downloads\jsony\jsony\pgd\sonics,0.434964,,,,,,,,0.58321,0.227692,1,0.18440800000000002,0.18440800000000002,0.474696,0.290288,0.18440800000000002,0.580576,0,0,0,0.185718,0.138985,0.814282,0.861015,0.8376485,1,1,1,1,0.24184114285714284,0.482992,0.20775274999999999,0.030552000000000024,0.5245602,0.565036,0.3421223488095238,1,1,1,1,1,0,0,0.8376485,0.2865782722967744,0.1663804670169721,0
10,fake_01429_suno_1,1,fake,1,0.952207,1,0.984518,1,1,1,0.181881,0.118181,0.01,3.285481,0.971196,4.406198,-2.274597,3.593946,True,0.386113,0.205776,sample_0010_fake_01429_suno_1.json,SPECTR,PGD,SPECTR | PGD,C:\Users\domin\Downloads\jsony\jsony\pgd\sonics,0.061632,,,,,,,,0.561236,0.091675,1,0.03231099999999998,0.03231099999999998,0.452207,0.484518,-0.03231099999999998,0.969036,0,0,0,0.181881,0.118181,0.818119,0.881819,0.849969,1,1,1,1,0.6529945714285714,0.971196,0.8515495,0.43135075,0.7187892,0.938368,0.7607080035714285,1,1,1,1,1,1,1,0.849969,0.6465782210876035,0.6265575730498469,0
11,real_13325,0,real,0,0.019523,0,0.013066,1,1,1,0.200379,0.060465,0.01,2.549896,0.733145,2.985859,-3.258035,3.465988,True,0.293964,0.146444,sample_0011_real_13325.json,SPECTR,PGD,SPECTR | PGD,C:\Users\domin\Downloads\jsony\jsony\pgd\sonics,0.297218,,,,,,,,0.685038,0.075147,1,-0.006456999999999999,0.006456999999999999,0.480477,0.486934,-0.0064569999999999905,0.973868,0,0,0,0.200379,0.060465,0.799621,0.939535,0.869578,1,1,1,1,0.44282742857142854,0.733145,0.49646475,0.18549125,0.6931976,0.702782,0.5423180047619048,1,1,1,1,1,0,0,0.869578,0.47158780594484767,0.4592642733998969,0
12,real_00689,0,real,0,0.01097,0,0.01316,1,1,1,0.187948,0.092694,0.01,3.148981,0.962892,4.186978,-1.578849,3.268118,True,0.397512,0.2,sample_0012_real_00689.json,SPECTR,PGD,SPECTR | PGD,C:\Users\domin\Downloads\jsony\jsony\pgd\sonics,0.104873,,,,,,,,0.477038,0.43692,1,0.0021899999999999992,0.0021899999999999992,0.48903,0.48684,0.0021900000000000253,0.97368,0,0,0,0.187948,0.092694,0.812052,0.907306,0.859679,1,1,1,1,0.6139945714285714,0.962892,0.7967445,0.60528775,0.6536236,0.895127,0.7546115702380952,1,1,1,1,1,1,1,0.859679,0.6487237200907154,0.6316493117779278,0
13,fake_46348_udio_1,1,fake,1,0.961091,1,0.97936,1,1,1,0.168727,0.034959,0.01,1.779712,0.904887,3.041413,-3.995721,3.316047,True,0.678261,0.310734,sample_0013_fake_46348_udio_1.json,SPECTR,PGD,SPECTR | PGD,C:\Users\domin\Downloads\jsony\jsony\pgd\sonics,0.250248,,,,,,,,0.7566,0.065277,1,0.01826899999999998,0.01826899999999998,0.46109100000000003,0.47936,-0.01826899999999998,0.95872,0,0,0,0.168727,0.034959,0.831273,0.965041,0.8981570000000001,1,1,1,1,0.22277485714285714,0.904887,0.51035325,0.0010697499999999804,0.6632094000000001,0.749752,0.5086743761904762,1,1,1,1,1,0,0,0.8981570000000001,0.45686945169610954,0.43800988073009417,0
14,real_12041,0,real,0,0.166397,0,0.16289,1,1,0,0.331176,0.095987,0.01,2.970492,0.953307,3.715006,-3.990754,3.440573,True,0.342085,0.197133,sample_0014_real_12041.json,SPECTR,PGD,SPECTR | PGD,C:\Users\domin\Downloads\jsony\jsony\pgd\sonics,0.145785,,,,,,,,0.476149,0.330933,1,-0.0035069999999999824,0.0035069999999999824,0.333603,0.33711,-0.003507000000000038,0.67422,0,0,0,0.331176,0.095987,0.668824,0.904013,0.7864184999999999,1,1,1,1,0.5629977142857143,0.953307,0.6787515,0.002311500000000022,0.6881146,0.854215,0.6232828857142858,1,1,1,1,1,0,0,0.7864184999999999,0.4901611920591,0.3304764789100864,0
15,real_12285,0,real,0,0.393704,0,0.164116,1,1,1,0.307498,0.10496,0.01,3.604157,0.992306,4.101194,-3.989659,3.490288,True,0.406416,0.277027,sample_0015_real_12285.json,SPECTR,PGD,SPECTR | PGD,C:\Users\domin\Downloads\jsony\jsony\pgd\sonics,0.048115,,,,,,,,0.357599,0.282837,1,-0.229588,0.229588,0.106296,0.33588399999999996,-0.22958799999999996,0.6717679999999999,0,0,0,0.307498,0.10496,0.692502,0.8950400000000001,0.793771,1,1,1,1,0.7440448571428571,0.992306,0.7752984999999999,0.0025852499999999834,0.6980576000000001,0.951885,0.6940295345238096,1,1,1,1,1,1,1,0.793771,0.5509005176484988,0.3700773389396967,0
16,fake_25170_suno_0,1,fake,1,0.982017,1,0.978451,1,1,1,0.191866,0.099813,0.01,4.403136,0.995241,4.936494,-0.694194,4.920228,True,0.391317,0.272727,sample_0016_fake_25170_suno_0.json,SPECTR,PGD,SPECTR | PGD,C:\Users\domin\Downloads\jsony\jsony\pgd\sonics,0.006027,,,,,,,,0.529291,0.12241,1,-0.003566000000000069,0.003566000000000069,0.48201700000000003,0.47845099999999996,0.003566000000000069,0.9569019999999999,0,0,0,0.191866,0.099813,0.808134,0.900187,0.8541605,1,1,1,1,0.9723245714285714,0.995241,0.9841234999999999,0.8264515,0.9840456,0.993973,0.9593598619047619,1,1,1,1,1,1,1,0.8541605,0.8194472993245023,0.7841307596182149,0
17,fake_18041_udio_1,1,fake,1,0.989428,1,0.992812,1,1,1,0.1993,0.032606,0.01,2.937988,0.911529,4.017104,-2.924224,3.222304,True,0.413652,0.227513,sample_0017_fake_18041_udio_1.json,SPECTR,PGD,SPECTR | PGD,C:\Users\domin\Downloads\jsony\jsony\pgd\sonics,0.086691,,,,,,,,0.50515,0.317123,1,0.0033840000000000536,0.0033840000000000536,0.489428,0.49281200000000003,-0.0033840000000000536,0.9856240000000001,0,0,0,0.1993,0.032606,0.8007,0.967394,0.884047,1,1,1,1,0.5537108571428571,0.911529,0.754276,0.26894399999999996,0.6444608,0.913309,0.6743716095238095,1,1,1,1,1,0,0,0.884047,0.5961761982846953,0.5876055692581545,0
18,real_11244,0,real,0,0.012558,0,0.012177,1,1,1,0.28046,0.120525,0.01,,0.999167,4.885669,-3.984751,4.641124,True,0.425705,0.264706,sample_0018_real_11244.json,SPECTR,PGD,SPECTR | PGD,C:\Users\domin\Downloads\jsony\jsony\pgd\sonics,0.048771,,,,,,,,0.345112,0.351135,1,-0.0003809999999999994,0.0003809999999999994,0.487442,0.487823,-0.0003810000000000202,0.975646,0,0,0,0.28046,0.120525,0.7195400000000001,0.879475,0.7995075,1,1,1,1,,0.999167,0.97141725,0.0038122499999999615,0.9282248,0.951229,0.77077006,1,1,1,1,1,0,0,0.7995075,0.6162364437454501,0.6012286213944734,0
19,real_06824,0,real,0,0.05629,0,0.045268,1,1,1,0.211113,0.065084,0.01,2.380613,0.958086,3.494485,-2.905182,3.071082,True,0.3366,0.209622,sample_0019_real_06824.json,SPECTR,PGD,SPECTR | PGD,C:\Users\domin\Downloads\jsony\jsony\pgd\sonics,0.247602,,,,,,,,0.477697,0.215317,1,-0.011021999999999997,0.011021999999999997,0.44371,0.454732,-0.011022000000000032,0.909464,0,0,0,0.211113,0.065084,0.788887,0.934916,0.8619015,1,1,1,1,0.3944608571428571,0.958086,0.62362125,0.2737045,0.6142164,0.752398,0.6027478345238095,1,1,1,1,1,0,0,0.8619015,0.5195092626978232,0.47247497209021305,0
20,real_06651,0,real,0,0.197359,0,0.065529,1,1,1,0.204318,0.07911,0.01,,0.299766,1.0,-3.970314,2.989832,True,0.387442,0.15262,sample_0020_real_06651.json,SPECTR,PGD,SPECTR | PGD,C:\Users\domin\Downloads\jsony\jsony\pgd\sonics,0.490192,,,,,,,,0.613074,0.199242,1,-0.13183,0.13183,0.302641,0.434471,-0.13183,0.868942,0,0,0,0.204318,0.07911,0.795682,0.92089,0.858286,1,1,1,1,,0.299766,0.0,0.00742149999999997,0.5979664,0.509808,0.28299238,1,1,1,1,1,0,0,0.858286,0.24288839786067998,0.211055930213855,0
21,fake_23884_suno_1,1,fake,1,0.678553,1,0.761409,1,1,1,0.175523,0.05616,0.01,3.906857,0.884489,3.773924,-2.539303,3.443404,True,0.366175,0.235088,sample_0021_fake_23884_suno_1.json,SPECTR,PGD,SPECTR | PGD,C:\Users\domin\Downloads\jsony\jsony\pgd\sonics,0.098845,,,,,,,,0.664446,0.127066,1,0.08285600000000004,0.08285600000000004,0.17855299999999996,0.261409,-0.08285600000000004,0.522818,0,0,0,0.175523,0.05616,0.824477,0.94384,0.8841585000000001,1,1,1,1,0.8305305714285715,0.884489,0.693481,0.36517425000000003,0.6886808,0.901155,0.7272517702380953,1,1,1,1,1,1,1,0.8841585000000001,0.6430058342960591,0.336175024274997,0
22,fake_12630_suno_1,1,fake,0,0.32672,0,0.270882,0,0,0,0.45834,0.14374,0.01,4.498715,0.998171,4.958859,-0.474304,4.945676,True,0.233266,0.225225,sample_0022_fake_12630_suno_1.json,SPECTR,PGD,SPECTR | PGD,C:\Users\domin\Downloads\jsony\jsony\pgd\sonics,0.005851,,,,,,,,0.439549,0.362915,1,-0.055838,0.055838,0.17328,0.229118,-0.055838,0.458236,0,0,0,0.45834,0.14374,0.54166,0.85626,0.69896,0,1,1,0,0.9996328571428571,0.998171,0.9897147500000001,0.881424,0.9891352,0.994149,0.9753711345238095,0,1,1,0,0,1,0,0.69896,0.6817454081867619,0.312400288865869,0
23,fake_31014_suno_0,1,fake,0,0.208286,0,0.156768,0,0,1,0.341399,0.106391,0.01,4.523481,0.99858,4.958357,-0.595949,4.953753,True,0.273954,0.133333,sample_0023_fake_31014_suno_0.json,SPECTR,PGD,SPECTR | PGD,C:\Users\domin\Downloads\jsony\jsony\pgd\sonics,0.007509,,,,,,,,0.499841,0.306763,1,-0.05151800000000001,0.05151800000000001,0.29171400000000003,0.343232,-0.05151799999999995,0.686464,0,0,0,0.341399,0.106391,0.658601,0.893609,0.776105,1,1,1,1,1.0,0.99858,0.9895892500000001,0.85101275,0.9907505999999999,0.992491,0.9704039333333334,1,1,1,1,1,1,1,0.776105,0.7531353446796668,0.5170003012501828,0
24,fake_05418_udio_0,1,fake,1,0.976122,1,0.984867,1,1,1,0.165971,0.037344,0.01,3.015637,0.978273,3.972016,-3.917818,2.862455,True,0.43766,0.154229,sample_0024_fake_05418_udio_0.json,SPECTR,PGD,SPECTR | PGD,C:\Users\domin\Downloads\jsony\jsony\pgd\sonics,0.099325,,,,,,,,0.612529,0.252602,1,0.008745000000000003,0.008745000000000003,0.47612200000000005,0.48486700000000005,-0.008745000000000003,0.9697340000000001,0,0,0,0.165971,0.037344,0.834029,0.962656,0.8983425,1,1,1,1,0.5758962857142856,0.978273,0.743004,0.020545499999999994,0.5724910000000001,0.900675,0.6318141309523809,1,1,1,1,1,1,1,0.8983425,0.5675854859350893,0.550406943617778,0
25,fake_26837_udio_0,1,fake,1,0.95323,1,0.934471,1,1,1,0.177486,0.047148,0.01,1.750318,0.986291,3.140779,-3.993835,2.566271,True,0.279947,0.177665,sample_0025_fake_26837_udio_0.json,SPECTR,PGD,SPECTR | PGD,C:\Users\domin\Downloads\jsony\jsony\pgd\sonics,0.153843,,,,,,,,0.548341,0.265884,1,-0.01875899999999997,0.01875899999999997,0.45323,0.43447100000000005,0.01875899999999997,0.8689420000000001,0,0,0,0.177486,0.047148,0.822514,0.952852,0.887683,1,1,1,1,0.21437657142857144,0.986291,0.53519475,0.0015412500000000495,0.5132542,0.846157,0.5161357952380953,1,1,1,1,1,0,0,0.887683,0.4581649711243381,0.39811878633872466,0
26,real_03751,0,real,1,0.527831,0,0.452565,0,1,0,0.177857,0.07145,0.01,2.367495,0.968148,3.950521,-3.580359,3.291068,True,0.268296,0.188889,sample_0026_real_03751.json,SPECTR,PGD,SPECTR | PGD,C:\Users\domin\Downloads\jsony\jsony\pgd\sonics,0.13699,,,,,,,,0.610621,0.150414,0,-0.07526600000000006,0.07526600000000006,0.02783100000000005,0.047435000000000005,-0.019603999999999955,0.09487000000000001,1,1,1,0.177857,0.07145,0.8221430000000001,0.92855,0.8753465,1,1,1,1,0.39071285714285714,0.968148,0.73763025,0.10491024999999998,0.6582136000000001,0.86301,0.6204374928571429,0,0,0,0,0,0,0,0.0,0.0,0.0,-1
27,real_03067,0,real,0,0.017838,0,0.019216,1,1,1,0.195105,0.156121,0.01,3.962082,0.998914,4.871814,-1.153358,4.4679,True,0.377856,0.242188,sample_0027_real_03067.json,SPECTR,PGD,SPECTR | PGD,C:\Users\domin\Downloads\jsony\jsony\pgd\sonics,0.019321,,,,,,,,0.420049,0.324951,1,0.0013780000000000008,0.0013780000000000008,0.482162,0.480784,0.0013779999999999903,0.961568,0,0,0,0.195105,0.156121,0.804895,0.843879,0.824387,1,1,1,1,0.8463091428571429,0.998914,0.9679534999999999,0.7116605,0.89358,0.980679,0.8998493571428572,1,1,1,1,1,1,1,0.824387,0.7418241119869285,0.7133143277150469,0
28,real_06031,0,real,1,0.578386,0,0.465914,0,1,0,0.273576,0.080218,0.01,2.322538,0.828543,3.283362,-3.989958,2.879143,True,0.274471,0.169697,sample_0028_real_06031.json,SPECTR,PGD,SPECTR | PGD,C:\Users\domin\Downloads\jsony\jsony\pgd\sonics,0.180652,,,,,,,,0.58895,0.385315,0,-0.11247199999999996,0.11247199999999996,0.07838599999999996,0.034086000000000005,0.04429999999999995,0.06817200000000001,1,1,1,0.273576,0.080218,0.726424,0.919782,0.8231029999999999,1,1,1,1,0.37786800000000004,0.828543,0.5708405,0.002510499999999971,0.5758286,0.819348,0.5291564333333333,0,0,0,0,0,0,0,0.0,0.0,0.0,-1
29,real_12407,0,real,0,0.014336,0,0.006943,1,1,1,0.254667,0.147595,0.01,2.19481,0.521157,2.143849,-3.765859,2.734827,True,0.152494,0.079498,sample_0029_real_12407.json,SPECTR,PGD,SPECTR | PGD,C:\Users\domin\Downloads\jsony\jsony\pgd\sonics,0.397501,,,,,,,,0.648305,0.052487,1,-0.007392999999999999,0.007392999999999999,0.485664,0.493057,-0.007393000000000038,0.986114,0,0,0,0.254667,0.147595,0.745333,0.852405,0.798869,1,1,1,1,0.3413742857142857,0.521157,0.28596225,0.05853525000000004,0.5469654,0.602499,0.39274886428571426,1,1,1,1,1,0,0,0.798869,0.31375489246306426,0.3093980920263222,0
30,fake_30244_udio_0,1,fake,1,0.96944,1,0.9708,1,1,1,0.194404,0.101504,0.01,3.499321,0.952051,4.178142,-3.987784,3.555729,True,0.518188,0.148515,sample_0030_fake_30244_udio_0.json,SPECTR,PGD,SPECTR | PGD,C:\Users\domin\Downloads\jsony\jsony\pgd\sonics,0.056099,,,,,,,,0.614192,0.450775,1,0.0013600000000000279,0.0013600000000000279,0.46943999999999997,0.4708,-0.0013600000000000279,0.9416,0,0,0,0.194404,0.101504,0.805596,0.898496,0.852046,1,1,1,1,0.7140917142857143,0.952051,0.7945355000000001,0.003054000000000001,0.7111457999999999,0.943901,0.6864631690476192,1,1,1,1,1,1,1,0.852046,0.5848981973343477,0.5507401426100218,0
31,real_19441,0,real,0,0.013374,0,0.011815,1,1,1,0.430509,0.115701,0.01,1.843977,0.63763,2.861293,-3.700935,3.030483,True,0.518222,0.238845,sample_0031_real_19441.json,SPECTR,PGD,SPECTR | PGD,C:\Users\domin\Downloads\jsony\jsony\pgd\sonics,0.299143,,,,,,,,0.386423,0.18132,1,-0.0015589999999999996,0.0015589999999999996,0.486626,0.488185,-0.001558999999999977,0.97637,0,0,0,0.430509,0.115701,0.569491,0.884299,0.726895,0,1,1,0,0.24113628571428572,0.63763,0.46532324999999997,0.07476625000000003,0.6060966,0.7008570000000001,0.4543015642857143,0,1,1,0,0,0,0,0.726895,0.3302295355714643,0.32242621164591057,0
32,real_06994,0,real,0,0.235216,0,0.144099,1,1,0,0.500667,0.087348,0.01,1.508744,0.970168,2.815306,-3.730189,3.110462,True,0.631063,0.292683,sample_0032_real_06994.json,SPECTR,PGD,SPECTR | PGD,C:\Users\domin\Downloads\jsony\jsony\pgd\sonics,0.379256,,,,,,,,0.381637,0.241699,1,-0.091117,0.091117,0.264784,0.355901,-0.091117,0.711802,0,0,0,0.500667,0.087348,0.499333,0.912652,0.7059925,0,1,1,0,0.1453554285714286,0.970168,0.4538265,0.06745274999999995,0.6220924,0.620744,0.4799398464285714,0,1,1,0,0,0,0,0.7059925,0.33883393202972323,0.24118267048662106,0
33,real_18998,0,real,0,0.223812,0,0.239808,1,1,0,0.54013,0.055641,0.01,4.263731,0.998609,4.915587,-0.97215,4.38047,True,0.712908,0.423729,sample_0033_real_18998.json,SPECTR,PGD,SPECTR | PGD,C:\Users\domin\Downloads\jsony\jsony\pgd\sonics,0.013902,,,,,,,,0.279252,0.444092,1,0.015995999999999982,0.015995999999999982,0.276188,0.260192,0.01599600000000001,0.520384,0,0,0,0.54013,0.055641,0.45987,0.944359,0.7021145,0,1,1,0,0.9324945714285714,0.998609,0.9788967500000001,0.7569625,0.8760939999999999,0.986098,0.9215258035714285,0,1,1,0,0,1,0,0.7021145,0.6470166288116518,0.33669710136752257,0
34,real_06334,0,real,0,0.036459,0,0.029454,1,1,0,0.151056,0.05665,0.01,3.019356,0.949401,3.86849,-3.958315,3.22558,True,0.231665,0.12,sample_0034_real_06334.json,SPECTR,PGD,SPECTR | PGD,C:\Users\domin\Downloads\jsony\jsony\pgd\sonics,0.128689,,,,,,,,0.71563,0.257133,1,-0.007004999999999997,0.007004999999999997,0.463541,0.470546,-0.007005000000000039,0.941092,0,0,0,0.151056,0.05665,0.848944,0.94335,0.896147,1,1,1,1,0.5769588571428572,0.949401,0.7171225,0.010421250000000049,0.645116,0.871311,0.6283884345238094,1,1,1,1,1,1,1,0.896147,0.5631284104332083,0.5299556420314089,0
35,fake_46798_udio_1,1,fake,1,0.925904,1,0.955921,1,1,1,0.187603,0.026426,0.01,1.586096,0.836215,2.283543,-3.996363,2.86944,True,0.366711,0.171717,sample_0035_fake_46798_udio_1.json,SPECTR,PGD,SPECTR | PGD,C:\Users\domin\Downloads\jsony\jsony\pgd\sonics,0.465542,,,,,,,,0.766372,0.04015,1,0.03001700000000007,0.03001700000000007,0.42590399999999995,0.455921,-0.03001700000000007,0.911842,0,0,0,0.187603,0.026426,0.812397,0.973574,0.8929855,1,1,1,1,0.167456,0.836215,0.32088574999999997,0.0009092499999999726,0.573888,0.534458,0.40563533333333335,1,1,1,1,1,0,0,0.8929855,0.36222647095433336,0.33029330972794124,0
36,real_09534,0,real,0,0.073964,0,0.096366,1,1,1,0.318599,0.097201,0.01,,0.967309,4.283084,-3.111412,3.465575,True,0.307522,0.23125,sample_0036_real_09534.json,SPECTR,PGD,SPECTR | PGD,C:\Users\domin\Downloads\jsony\jsony\pgd\sonics,0.083329,,,,,,,,0.217861,0.186401,1,0.02240199999999999,0.02240199999999999,0.42603599999999997,0.403634,0.022401999999999977,0.807268,0,0,0,0.318599,0.097201,0.6814009999999999,0.902799,0.7921,1,1,1,1,,0.967309,0.8207709999999999,0.22214699999999998,0.6931149999999999,0.916671,0.7240026,1,1,1,1,1,0,0,0.7921,0.5734824594600001,0.46295403808335533,0
37,fake_13581_udio_0,1,fake,1,0.943562,1,0.938876,1,1,1,0.229211,0.04223,0.01,2.466343,0.791828,3.016719,-3.489274,3.044827,True,0.146976,0.148515,sample_0037_fake_13581_udio_0.json,SPECTR,PGD,SPECTR | PGD,C:\Users\domin\Downloads\jsony\jsony\pgd\sonics,0.246421,,,,,,,,0.767704,0.103413,1,-0.004685999999999968,0.004685999999999968,0.443562,0.43887600000000004,0.004685999999999968,0.8777520000000001,0,0,0,0.229211,0.04223,0.770789,0.95777,0.8642795,1,1,1,1,0.4189551428571429,0.791828,0.50417975,0.1276815,0.6089654,0.753579,0.5341981321428572,1,1,1,1,1,0,0,0.8642795,0.4616964945493625,0.4052550214836921,0
38,real_13270,0,real,0,0.40863,0,0.466407,1,1,0,0.252218,0.048078,0.01,2.094606,0.50714,1.982736,-2.907645,2.310448,True,0.224632,0.112948,sample_0038_real_13270.json,SPECTR,PGD,SPECTR | PGD,C:\Users\domin\Downloads\jsony\jsony\pgd\sonics,0.700861,,,,,,,,0.699167,0.180531,1,0.05777700000000002,0.05777700000000002,0.09137,0.033592999999999984,0.05777700000000002,0.06718599999999997,1,1,1,0.252218,0.048078,0.747782,0.951922,0.849852,1,1,1,1,0.3127445714285715,0.50714,0.245684,0.27308875,0.4620896,0.29913900000000004,0.34998098690476187,1,1,1,1,1,0,0,0.849852,0.2974320416829857,0.01998326915251307,0
39,fake_46574_suno_1,1,fake,1,0.973303,1,0.983697,1,1,1,0.201983,0.059457,0.01,4.239919,0.993567,4.803136,-1.195087,4.655236,True,0.267502,0.157895,sample_0039_fake_46574_suno_1.json,SPECTR,PGD,SPECTR | PGD,C:\Users\domin\Downloads\jsony\jsony\pgd\sonics,0.018123,,,,,,,,0.520212,0.112621,1,0.010394000000000014,0.010394000000000014,0.47330300000000003,0.48369700000000004,-0.010394000000000014,0.9673940000000001,0,0,0,0.201983,0.059457,0.798017,0.940543,0.86928,1,1,1,1,0.9256911428571429,0.993567,0.9507840000000001,0.70122825,0.9310472000000001,0.981877,0.9140324321428571,1,1,1,1,1,1,1,0.86928,0.7945501126131429,0.7686430116412788,0
40,fake_49262_suno_1,1,fake,1,0.970632,1,0.976108,1,1,1,0.140001,0.043346,0.01,2.866267,0.87291,3.791142,-2.425496,3.192363,True,0.413848,0.201166,sample_0040_fake_49262_suno_1.json,SPECTR,PGD,SPECTR | PGD,C:\Users\domin\Downloads\jsony\jsony\pgd\sonics,0.135097,,,,,,,,0.789276,0.095399,1,0.005475999999999925,0.005475999999999925,0.47063200000000005,0.476108,-0.005475999999999925,0.952216,0,0,0,0.140001,0.043346,0.859999,0.956654,0.9083265,1,1,1,1,0.5332191428571429,0.87291,0.6977855,0.39362600000000003,0.6384726,0.864903,0.6668193738095239,1,1,1,1,1,0,0,0.9083265,0.6056897079445965,0.5767474309401719,0
41,real_00268,0,real,1,0.828106,1,0.773504,0,0,0,0.39336,0.115396,0.01,3.418081,0.978658,3.971946,-2.384483,3.132277,True,0.34051,0.234257,sample_0041_real_00268.json,SPECTR,PGD,SPECTR | PGD,C:\Users\domin\Downloads\jsony\jsony\pgd\sonics,0.147265,,,,,,,,0.490901,0.388733,1,-0.05460200000000004,0.05460200000000004,0.328106,0.27350399999999997,0.05460200000000004,0.5470079999999999,0,0,0,0.39336,0.115396,0.6066400000000001,0.884604,0.745622,1,1,1,1,0.6908802857142857,0.978658,0.7429865,0.40387925,0.6264554,0.852735,0.7159324059523811,1,1,1,1,1,1,1,0.745622,0.5338149523910263,0.2920010494775105,0
42,real_20757,0,real,0,0.243013,0,0.323771,1,1,1,0.25692,0.074302,0.01,3.3125,0.777771,2.672939,-2.968157,2.402464,True,0.331414,0.243243,sample_0042_real_20757.json,SPECTR,PGD,SPECTR | PGD,C:\Users\domin\Downloads\jsony\jsony\pgd\sonics,0.198171,,,,,,,,0.557794,0.256981,1,0.08075799999999997,0.08075799999999997,0.25698699999999997,0.17622900000000002,0.08075799999999994,0.35245800000000005,0,0,0,0.25692,0.074302,0.74308,0.925698,0.834389,1,1,1,1,0.6607142857142857,0.777771,0.41823475,0.25796074999999996,0.48049280000000005,0.801829,0.5661670976190476,1,1,1,1,1,0,0,0.834389,0.47240359841525953,0.16650242749024557,0
43,fake_14886_suno_0,1,fake,1,0.947674,1,0.943462,1,1,1,0.184612,0.074469,0.01,2.473016,0.959576,4.556586,-2.564506,3.594285,True,0.330459,0.226481,sample_0043_fake_14886_suno_0.json,SPECTR,PGD,SPECTR | PGD,C:\Users\domin\Downloads\jsony\jsony\pgd\sonics,0.100297,,,,,,,,0.521019,0.100086,1,-0.0042119999999999935,0.0042119999999999935,0.447674,0.443462,0.0042119999999999935,0.886924,0,0,0,0.184612,0.074469,0.815388,0.925531,0.8704594999999999,1,1,1,1,0.42086171428571423,0.959576,0.8891465000000001,0.35887349999999996,0.7188570000000001,0.899703,0.7078362857142858,1,1,1,1,1,0,0,0.8704594999999999,0.6161428193447144,0.5464718539044915,0
44,real_09833,0,real,0,0.102044,0,0.056184,1,1,0,0.227506,0.042486,0.01,,0.0,5.0,-4.0,2.099062,True,0.164054,0.087948,sample_0044_real_09833.json,SPECTR,PGD,SPECTR | PGD,C:\Users\domin\Downloads\jsony\jsony\pgd\sonics,1.365106,,,,,,,,0.737641,0.153923,1,-0.04586,0.04586,0.397956,0.443816,-0.04586000000000001,0.887632,0,0,0,0.227506,0.042486,0.772494,0.957514,0.865004,1,1,1,1,,0.0,1.0,0.0,0.4198124,0.0,0.28396248,1,1,1,1,1,0,0,0.865004,0.24562868104992,0.21802787741770258,0
45,fake_41199_suno_0,1,fake,1,0.684031,1,0.624786,1,1,1,0.167244,0.076782,0.01,3.216761,0.935132,3.932519,-2.590514,2.976914,True,0.391789,0.232,sample_0045_fake_41199_suno_0.json,SPECTR,PGD,SPECTR | PGD,C:\Users\domin\Downloads\jsony\jsony\pgd\sonics,0.071729,,,,,,,,0.602431,0.103024,1,-0.05924499999999999,0.05924499999999999,0.18403099999999994,0.12478599999999995,0.05924499999999999,0.2495719999999999,0,0,0,0.167244,0.076782,0.832756,0.923218,0.8779870000000001,1,1,1,1,0.6333602857142857,0.935132,0.73312975,0.35237149999999995,0.5953828,0.928271,0.6962745559523809,1,1,1,1,1,1,1,0.8779870000000001,0.6113200085569631,0.15256835717557835,0
46,real_01021,0,real,0,0.146942,0,0.190295,1,1,0,0.381244,0.100276,0.01,2.846106,0.781374,2.963903,-2.883634,2.534148,True,0.34515,0.247059,sample_0046_real_01021.json,SPECTR,PGD,SPECTR | PGD,C:\Users\domin\Downloads\jsony\jsony\pgd\sonics,0.290398,,,,,,,,0.490067,0.228912,1,0.043353,0.043353,0.353058,0.309705,0.043352999999999975,0.61941,0,0,0,0.381244,0.100276,0.618756,0.899724,0.7592399999999999,1,1,1,1,0.5274588571428571,0.781374,0.49097575000000004,0.27909150000000005,0.5068296,0.7096020000000001,0.5492219511904762,1,1,1,1,1,0,0,0.7592399999999999,0.4169912742218571,0.25828856516576054,0
47,fake_23853_udio_1,1,fake,1,0.960786,1,0.966643,1,1,1,0.130476,0.033527,0.01,2.837407,0.941894,3.850674,-3.99089,2.865257,True,0.63247,0.202073,sample_0047_fake_23853_udio_1.json,SPECTR,PGD,SPECTR | PGD,C:\Users\domin\Downloads\jsony\jsony\pgd\sonics,0.115342,,,,,,,,0.836855,0.320084,1,0.005857000000000001,0.005857000000000001,0.46078600000000003,0.46664300000000003,-0.005857000000000001,0.9332860000000001,0,0,0,0.130476,0.033527,0.869524,0.966473,0.9179984999999999,1,1,1,1,0.5249734285714285,0.941894,0.7126685,0.0022775000000000434,0.5730514,0.8846579999999999,0.6065871380952381,1,1,1,1,1,0,0,0.9179984999999999,0.5568460828907215,0.5196966533167499,0
48,real_09723,0,real,0,0.109324,0,0.118355,1,1,0,0.248723,0.118659,0.01,2.223796,0.993849,4.07638,-3.71749,3.091,True,0.267961,0.131579,sample_0048_real_09723.json,SPECTR,PGD,SPECTR | PGD,C:\Users\domin\Downloads\jsony\jsony\pgd\sonics,0.138641,,,,,,,,0.464057,0.271011,1,0.009030999999999997,0.009030999999999997,0.390676,0.381645,0.009031000000000011,0.76329,0,0,0,0.248723,0.118659,0.751277,0.881341,0.816309,1,1,1,1,0.349656,0.993849,0.7690950000000001,0.07062749999999995,0.6182000000000001,0.861359,0.6104644166666667,1,1,1,1,1,0,0,0.816309,0.49832759750475003,0.38036847189940065,0
49,fake_23504_suno_1,1,fake,0,0.386542,1,0.879302,0,1,1,0.212831,0.079867,0.01,2.656022,0.896999,3.385776,-3.190652,2.644588,True,0.347546,0.13253,sample_0049_fake_23504_suno_1.json,SPECTR,PGD,SPECTR | PGD,C:\Users\domin\Downloads\jsony\jsony\pgd\sonics,0.164642,,,,,,,,0.510935,0.081844,0,0.49276000000000003,0.49276000000000003,0.113458,0.37930200000000003,-0.265844,0.7586040000000001,0,0,0,0.212831,0.079867,0.787169,0.920133,0.8536509999999999,1,1,1,1,0.4731491428571429,0.896999,0.596444,0.202337,0.5289176,0.835358,0.5888674571428573,0,0,0,0,0,0,0,0.0,0.0,0.0,-1
50,fake_51339_udio_0,1,fake,1,0.974335,1,0.987846,1,1,1,0.228432,0.029108,0.01,,0.978141,4.128091,-3.953423,3.344364,True,0.510324,0.110048,sample_0050_fake_51339_udio_0.json,SPECTR,PGD,SPECTR | PGD,C:\Users\domin\Downloads\jsony\jsony\pgd\sonics,0.093911,,,,,,,,0.521148,0.452484,1,0.01351100000000005,0.01351100000000005,0.47433499999999995,0.487846,-0.01351100000000005,0.975692,0,0,0,0.228432,0.029108,0.771568,0.970892,0.87123,1,1,1,1,,0.978141,0.7820227500000001,0.011644250000000023,0.6688728,0.906089,0.6693539600000001,1,1,1,1,1,0,0,0.87123,0.5831612505708,0.568985766891925,0
51,real_03147,0,real,0,0.022608,0,0.025126,1,1,1,0.29544,0.137385,0.01,3.433316,0.997109,4.383119,-2.010584,3.346248,True,0.243641,0.2,sample_0051_real_03147.json,SPECTR,PGD,SPECTR | PGD,C:\Users\domin\Downloads\jsony\jsony\pgd\sonics,0.129222,,,,,,,,0.4553,0.43219,1,0.0025179999999999994,0.0025179999999999994,0.477392,0.474874,0.0025179999999999647,0.949748,0,0,0,0.29544,0.137385,0.7045600000000001,0.862615,0.7835875000000001,1,1,1,1,0.6952331428571429,0.997109,0.8457797499999999,0.49735399999999996,0.6692496,0.870778,0.7625839154761905,1,1,1,1,1,1,1,0.7835875000000001,0.5975512238681995,0.5675230797663747,0
52,real_03705,0,real,1,0.540828,0,0.34368,0,1,0,0.228336,0.062215,0.01,3.212606,0.985835,4.100916,-3.306414,3.830525,True,0.37262,0.207843,sample_0052_real_03705.json,SPECTR,PGD,SPECTR | PGD,C:\Users\domin\Downloads\jsony\jsony\pgd\sonics,0.092468,,,,,,,,0.603068,0.313797,0,-0.197148,0.197148,0.040827999999999975,0.15632000000000001,-0.11549200000000004,0.31264000000000003,0,0,0,0.228336,0.062215,0.771664,0.937785,0.8547245,1,1,1,1,0.6321731428571429,0.985835,0.775229,0.17339649999999995,0.766105,0.907532,0.7067117738095239,0,0,0,0,0,1,0,0.0,0.0,0.0,-1
53,fake_16796_suno_1,1,fake,1,0.914715,1,0.91471,1,1,0,0.495873,0.147426,0.01,4.512664,0.998892,4.973269,-0.375317,4.97713,True,0.253365,0.079365,sample_0053_fake_16796_suno_1.json,SPECTR,PGD,SPECTR | PGD,C:\Users\domin\Downloads\jsony\jsony\pgd\sonics,0.003671,,,,,,,,0.499337,0.627563,1,-4.999999999921734e-06,4.999999999921734e-06,0.41471499999999994,0.41471,4.999999999921734e-06,0.82942,0,0,0,0.495873,0.147426,0.504127,0.8525739999999999,0.6783505,0,1,1,0,1.0,0.998892,0.99331725,0.90617075,0.9954259999999999,0.996329,0.9816891666666668,0,1,1,0,0,1,0,0.6783505,0.6659293370529168,0.5523351107384302,0
54,real_19597,0,real,0,0.483748,1,0.526295,1,0,0,0.328348,0.054725,0.01,3.027831,0.818802,2.938887,-3.994516,3.00925,True,0.241216,0.115942,sample_0054_real_19597.json,SPECTR,PGD,SPECTR | PGD,C:\Users\domin\Downloads\jsony\jsony\pgd\sonics,0.349917,,,,,,,,0.775143,0.046271,0,0.042546999999999946,0.042546999999999946,0.01625199999999999,0.026294999999999957,-0.010042999999999969,0.052589999999999915,1,1,1,0.328348,0.054725,0.671652,0.945275,0.8084635,1,1,1,1,0.5793802857142857,0.818802,0.48472174999999995,0.001371000000000011,0.60185,0.650083,0.5227013392857143,0,0,0,0,0,0,0,0.0,0.0,0.0,1
55,fake_40188_udio_1,1,fake,1,0.979553,1,0.976716,1,1,1,0.221964,0.057846,0.01,,0.954987,4.214877,-2.831566,3.703711,True,0.727517,0.221053,sample_0055_fake_40188_udio_1.json,SPECTR,PGD,SPECTR | PGD,C:\Users\domin\Downloads\jsony\jsony\pgd\sonics,0.040382,,,,,,,,0.420465,0.494263,1,-0.0028369999999999784,0.0028369999999999784,0.479553,0.47671600000000003,0.0028369999999999784,0.9534320000000001,0,0,0,0.221964,0.057846,0.778036,0.942154,0.860095,1,1,1,1,,0.954987,0.8037192500000001,0.2921085,0.7407422,0.959618,0.75023499,1,1,1,1,1,0,0,0.860095,0.6452733637240501,0.6152242737221486,0
56,real_19284,0,real,0,0.355279,0,0.279093,1,1,0,0.284931,0.081924,0.01,2.086118,0.945216,3.254858,-3.994264,3.576604,True,0.332117,0.211679,sample_0056_real_19284.json,SPECTR,PGD,SPECTR | PGD,C:\Users\domin\Downloads\jsony\jsony\pgd\sonics,0.118277,,,,,,,,0.529761,0.215416,1,-0.07618600000000003,0.07618600000000003,0.144721,0.22090700000000002,-0.07618600000000003,0.44181400000000004,0,0,0,0.284931,0.081924,0.715069,0.918076,0.8165724999999999,1,1,1,1,0.3103194285714285,0.945216,0.5637145,0.0014340000000000463,0.7153208,0.881723,0.569621288095238,1,1,1,1,1,0,0,0.8165724999999999,0.46513707927314873,0.20550407354198696,0
57,real_10101,0,real,0,0.035245,0,0.029548,1,1,1,0.161456,0.076612,0.01,1.499133,0.605059,1.659564,-3.995796,2.660329,True,0.277086,0.163842,sample_0057_real_10101.json,SPECTR,PGD,SPECTR | PGD,C:\Users\domin\Downloads\jsony\jsony\pgd\sonics,0.410201,,,,,,,,0.560548,0.293396,1,-0.005696999999999997,0.005696999999999997,0.46475500000000003,0.470452,-0.005696999999999952,0.940904,0,0,0,0.161456,0.076612,0.838544,0.923388,0.8809659999999999,1,1,1,1,0.14260942857142858,0.605059,0.164891,0.0010510000000000241,0.5320658,0.589799,0.3392458714285714,1,1,1,1,1,0,0,0.8809659999999999,0.2988640783689428,0.2812024067936517,0
58,real_07252,0,real,0,0.014744,0,0.018189,1,1,0,0.256407,0.055416,0.01,2.756184,0.989383,4.067126,-3.622368,3.049231,True,0.244825,0.156522,sample_0058_real_07252.json,SPECTR,PGD,SPECTR | PGD,C:\Users\domin\Downloads\jsony\jsony\pgd\sonics,0.087805,,,,,,,,0.629836,0.288361,1,0.003445,0.003445,0.485256,0.481811,0.0034450000000000314,0.963622,0,0,0,0.256407,0.055416,0.743593,0.944584,0.8440885,1,1,1,1,0.5017668571428572,0.989383,0.7667815,0.09440800000000005,0.6098462,0.912195,0.6457300928571429,1,1,1,1,1,0,0,0.8440885,0.5450533454846465,0.525225394882606,0
59,real_13937,0,real,0,0.015592,0,0.017143,1,1,1,0.219262,0.102787,0.01,4.148707,0.998824,4.938775,-2.328784,4.584336,True,0.424171,0.290698,sample_0059_real_13937.json,SPECTR,PGD,SPECTR | PGD,C:\Users\domin\Downloads\jsony\jsony\pgd\sonics,0.027122,,,,,,,,0.246184,0.158142,1,0.0015509999999999986,0.0015509999999999986,0.484408,0.482857,0.0015510000000000246,0.965714,0,0,0,0.219262,0.102787,0.7807379999999999,0.897213,0.8389755,1,1,1,1,0.8996305714285714,0.998824,0.9846937499999999,0.41780399999999995,0.9168672000000001,0.972878,0.8651162535714284,1,1,1,1,1,1,1,0.8389755,0.7258113413982159,0.7009261737470367,0
60,fake_50637_suno_0,1,fake,1,0.986509,1,0.990629,1,1,1,0.167515,0.105577,0.01,3.334587,0.886361,3.790757,-2.675271,3.61918,True,0.317118,0.249042,sample_0060_fake_50637_suno_0.json,SPECTR,PGD,SPECTR | PGD,C:\Users\domin\Downloads\jsony\jsony\pgd\sonics,0.122866,,,,,,,,0.644709,0.103575,1,0.0041200000000000125,0.0041200000000000125,0.48650899999999997,0.490629,-0.0041200000000000125,0.981258,0,0,0,0.167515,0.105577,0.832485,0.894423,0.8634539999999999,1,1,1,1,0.6670248571428571,0.886361,0.69768925,0.33118225,0.723836,0.877134,0.6972045595238096,1,1,1,1,1,1,1,0.8634539999999999,0.6020040657390714,0.5907213055389897,0
61,real_07265,0,real,0,0.070582,0,0.057718,1,1,0,0.507058,0.070386,0.01,2.582545,0.982212,3.938679,-3.991733,2.948037,True,0.457474,0.304762,sample_0061_real_07265.json,SPECTR,PGD,SPECTR | PGD,C:\Users\domin\Downloads\jsony\jsony\pgd\sonics,0.103711,,,,,,,,0.37321,0.341125,1,-0.012864000000000007,0.012864000000000007,0.42941799999999997,0.442282,-0.012864000000000042,0.884564,0,0,0,0.507058,0.070386,0.492942,0.9296139999999999,0.711278,0,1,1,0,0.4521557142857143,0.982212,0.73466975,0.002066750000000006,0.5896074,0.896289,0.6095001023809524,0,1,1,0,0,0,0,0.711278,0.43352401382131905,0.3834797357618413,0
62,real_11262,0,real,1,0.93651,1,0.919383,0,0,0,0.49114,0.135834,0.01,3.96852,0.983232,4.473482,-1.997064,3.551617,True,0.578972,0.385892,sample_0062_real_11262.json,SPECTR,PGD,SPECTR | PGD,C:\Users\domin\Downloads\jsony\jsony\pgd\sonics,0.064295,,,,,,,,0.486619,0.30899,1,-0.017127000000000003,0.017127000000000003,0.43650999999999995,0.41938299999999995,0.017127000000000003,0.8387659999999999,0,0,0,0.49114,0.135834,0.50886,0.864166,0.6865129999999999,0,1,1,0,0.8481485714285714,0.983232,0.8683704999999999,0.500734,0.7103233999999999,0.935705,0.8077522452380953,0,1,1,0,0,1,0,0.6865129999999999,0.5545324171351405,0.46512293739077315,0
63,fake_14334_suno_1,1,fake,1,0.959377,1,0.952322,1,1,1,0.17465,0.053441,0.01,2.762052,0.890874,3.902641,-2.983748,3.4069,True,0.338533,0.210526,sample_0063_fake_14334_suno_1.json,SPECTR,PGD,SPECTR | PGD,C:\Users\domin\Downloads\jsony\jsony\pgd\sonics,0.126268,,,,,,,,0.528213,0.105492,1,-0.0070550000000000335,0.0070550000000000335,0.45937700000000004,0.452322,0.0070550000000000335,0.904644,0,0,0,0.17465,0.053441,0.82535,0.946559,0.8859545,1,1,1,1,0.5034434285714287,0.890874,0.72566025,0.25406300000000004,0.68138,0.873732,0.6548587797619048,1,1,1,1,1,0,0,0.8859545,0.5801750827945684,0.5248519075996095,0
64,real_00224,0,real,0,0.017777,0,0.014122,1,1,0,0.412102,0.147432,0.01,2.411452,0.988741,3.166772,-3.394454,2.167988,True,0.38696,0.234899,sample_0064_real_00224.json,SPECTR,PGD,SPECTR | PGD,C:\Users\domin\Downloads\jsony\jsony\pgd\sonics,0.242192,,,,,,,,0.352743,0.178589,1,-0.003655000000000002,0.003655000000000002,0.482223,0.485878,-0.003654999999999964,0.971756,0,0,0,0.412102,0.147432,0.587898,0.852568,0.720233,0,1,1,0,0.403272,0.988741,0.541693,0.15138649999999998,0.43359759999999997,0.757808,0.5460830166666667,0,1,1,0,0,0,0,0.720233,0.3933070093428834,0.38219844617100296,0
65,fake_09896_suno_1,1,fake,0,0.010297,0,0.011479,0,0,1,0.162686,0.051222,0.01,4.500512,0.996811,4.981392,-0.505079,4.963645,True,0.363449,0.114754,sample_0065_fake_09896_suno_1.json,SPECTR,PGD,SPECTR | PGD,C:\Users\domin\Downloads\jsony\jsony\pgd\sonics,0.004085,,,,,,,,0.480284,0.345245,1,0.001181999999999999,0.001181999999999999,0.489703,0.488521,0.0011820000000000164,0.977042,0,0,0,0.162686,0.051222,0.837314,0.948778,0.893046,1,1,1,1,1.0,0.996811,0.9953479999999999,0.87373025,0.992729,0.995915,0.9757555416666667,1,1,1,1,1,1,1,0.893046,0.87139458346325,0.8513891066161007,0
66,real_06665,0,real,0,0.376892,0,0.406184,1,1,1,0.386905,0.152404,0.01,2.651145,0.957024,4.009792,-3.384255,3.721676,True,0.522155,0.241877,sample_0066_real_06665.json,SPECTR,PGD,SPECTR | PGD,C:\Users\domin\Downloads\jsony\jsony\pgd\sonics,0.155918,,,,,,,,0.344198,0.26532,1,0.029291999999999985,0.029291999999999985,0.123108,0.09381600000000001,0.029291999999999985,0.18763200000000002,0,1,1,0.386905,0.152404,0.613095,0.847596,0.7303455,1,1,1,1,0.47175571428571433,0.957024,0.752448,0.15393625,0.7443352,0.844082,0.6539301940476191,1,1,1,1,1,0,0,0.7303455,0.4775949745368054,0.08961210026228988,0
67,real_19661,0,real,0,0.292505,0,0.275745,1,1,1,0.220787,0.094728,0.01,,0.143509,1.0,-3.965694,1.992008,True,0.271164,0.160584,sample_0067_real_19661.json,SPECTR,PGD,SPECTR | PGD,C:\Users\domin\Downloads\jsony\jsony\pgd\sonics,0.569516,,,,,,,,0.662033,0.311707,1,-0.016759999999999997,0.016759999999999997,0.20749499999999999,0.22425499999999998,-0.016759999999999997,0.44850999999999996,0,0,0,0.220787,0.094728,0.7792129999999999,0.905272,0.8422425,1,1,1,1,,0.143509,0.0,0.008576499999999987,0.3984016,0.430484,0.19619422,1,1,1,1,1,0,0,0.8422425,0.16524311033835,0.07411318741785336,0
68,real_19119,0,real,0,0.198344,1,0.512938,1,0,0,0.271618,0.073228,0.01,3.594519,0.778646,2.966715,-3.697352,2.637516,True,0.221305,0.131783,sample_0068_real_19119.json,SPECTR,PGD,SPECTR | PGD,C:\Users\domin\Downloads\jsony\jsony\pgd\sonics,0.248682,,,,,,,,0.661519,0.363037,0,0.31459400000000004,0.31459400000000004,0.30165600000000004,0.012938000000000005,0.28871800000000003,0.02587600000000001,1,1,1,0.271618,0.073228,0.728382,0.926772,0.827577,1,1,1,1,0.7412911428571428,0.778646,0.49167875000000005,0.07566200000000001,0.5275032000000001,0.751318,0.5610165154761905,0,0,0,0,0,0,0,0.0,0.0,0.0,1
69,fake_06014_udio_0,1,fake,1,0.928647,1,0.964023,1,1,1,0.19791,0.035663,0.01,3.373682,0.978129,4.320959,-3.875643,3.455249,True,0.633098,0.26776,sample_0069_fake_06014_udio_0.json,SPECTR,PGD,SPECTR | PGD,C:\Users\domin\Downloads\jsony\jsony\pgd\sonics,0.066253,,,,,,,,0.49055,0.474609,1,0.03537599999999996,0.03537599999999996,0.428647,0.46402299999999996,-0.03537599999999996,0.9280459999999999,0,0,0,0.19791,0.035663,0.80209,0.964337,0.8832135,1,1,1,1,0.6781948571428572,0.978129,0.83023975,0.031089249999999957,0.6910497999999999,0.933747,0.6904082761904763,1,1,1,1,1,1,1,0.8832135,0.6097779100431572,0.5659019503039118,0
70,real_00193,0,real,0,0.054188,0,0.299203,1,1,1,0.21927,0.076289,0.01,3.583498,0.868608,3.550786,-2.825075,2.288037,True,0.392561,0.146667,sample_0070_real_00193.json,SPECTR,PGD,SPECTR | PGD,C:\Users\domin\Downloads\jsony\jsony\pgd\sonics,0.144415,,,,,,,,0.450212,0.299347,1,0.24501499999999998,0.24501499999999998,0.445812,0.200797,0.24501499999999998,0.401594,0,0,0,0.21927,0.076289,0.78073,0.923711,0.8522205,1,1,1,1,0.7381422857142858,0.868608,0.6376965,0.29373125,0.4576074,0.855585,0.6418950726190477,1,1,1,1,1,1,1,0.8522205,0.5470361397349411,0.21968643150071396,0
71,fake_19538_udio_0,1,fake,1,0.983757,1,0.973809,1,1,1,0.160882,0.023774,0.01,1.735152,0.930491,3.047077,-3.995985,2.941267,True,0.569074,0.177665,sample_0071_fake_19538_udio_0.json,SPECTR,PGD,SPECTR | PGD,C:\Users\domin\Downloads\jsony\jsony\pgd\sonics,0.216147,,,,,,,,0.7439,0.118666,1,-0.009947999999999957,0.009947999999999957,0.483757,0.47380900000000004,0.009947999999999957,0.9476180000000001,0,0,0,0.160882,0.023774,0.839118,0.976226,0.907672,1,1,1,1,0.21004342857142858,0.930491,0.51176925,0.00100374999999997,0.5882533999999999,0.783853,0.5042356380952381,1,1,1,1,1,0,0,0.907672,0.45768057010118096,0.43370634647814094,0
72,fake_52861_suno_1,1,fake,1,0.75708,1,0.819693,1,1,1,0.280211,0.083493,0.01,4.455378,0.9916,4.844688,-0.716609,4.769532,True,0.265685,0.146667,sample_0072_fake_52861_suno_1.json,SPECTR,PGD,SPECTR | PGD,C:\Users\domin\Downloads\jsony\jsony\pgd\sonics,0.009759,,,,,,,,0.525613,0.08522,1,0.06261300000000003,0.06261300000000003,0.25708,0.319693,-0.06261300000000003,0.639386,0,0,0,0.280211,0.083493,0.719789,0.916507,0.818148,1,1,1,1,0.987250857142857,0.9916,0.9611719999999999,0.82084775,0.9539063999999999,0.990241,0.9508363345238094,1,1,1,1,1,1,1,0.818148,0.7779248454179857,0.4973942552124242,0
73,fake_44098_suno_0,1,fake,1,0.95689,1,0.940401,1,1,1,0.171053,0.092175,0.01,1.843081,0.795416,3.26511,-3.031154,3.098549,True,0.375118,0.256098,sample_0073_fake_44098_suno_0.json,SPECTR,PGD,SPECTR | PGD,C:\Users\domin\Downloads\jsony\jsony\pgd\sonics,0.215615,,,,,,,,0.581969,0.111677,1,-0.016488999999999976,0.016488999999999976,0.45689,0.44040100000000004,0.016488999999999976,0.8808020000000001,0,0,0,0.171053,0.092175,0.828947,0.907825,0.868386,1,1,1,1,0.2408802857142857,0.795416,0.5662775,0.24221150000000002,0.6197098000000001,0.784385,0.5414800142857142,1,1,1,1,1,0,0,0.868386,0.47021366368551426,0.4141651354015284,0
74,fake_26293_suno_0,1,fake,1,0.988799,1,0.982402,1,1,1,0.145243,0.042039,0.01,2.42486,0.762939,3.022919,-2.895712,2.773499,True,0.267932,0.214545,sample_0074_fake_26293_suno_0.json,SPECTR,PGD,SPECTR | PGD,C:\Users\domin\Downloads\jsony\jsony\pgd\sonics,0.267519,,,,,,,,0.760707,0.104362,1,-0.006396999999999986,0.006396999999999986,0.488799,0.482402,0.006396999999999986,0.964804,0,0,0,0.145243,0.042039,0.854757,0.957961,0.9063589999999999,1,1,1,1,0.4071028571428571,0.762939,0.50572975,0.276072,0.5546998000000001,0.7324809999999999,0.5398374011904762,1,1,1,1,1,0,0,0.9063589999999999,0.48928648710559874,0.4720655599054301,0
75,fake_49482_udio_1,1,fake,1,0.979696,1,0.987598,1,1,1,0.183971,0.044543,0.01,1.72796,0.907129,3.299894,-3.697862,2.875612,True,0.535438,0.189744,sample_0075_fake_49482_udio_1.json,SPECTR,PGD,SPECTR | PGD,C:\Users\domin\Downloads\jsony\jsony\pgd\sonics,0.108015,,,,,,,,0.459653,0.402527,1,0.007901999999999965,0.007901999999999965,0.479696,0.487598,-0.007901999999999965,0.975196,0,0,0,0.183971,0.044543,0.816029,0.955457,0.885743,1,1,1,1,0.2079885714285714,0.907129,0.5749735,0.07553449999999995,0.5751223999999999,0.891985,0.5387888285714285,1,1,1,1,1,0,0,0.885743,0.47722843338534277,0.4653912593236527,0
76,fake_50028_suno_1,1,fake,1,0.748664,1,0.968051,1,1,0,0.162714,0.053869,0.01,1.924319,0.974753,3.415157,-3.090685,2.654558,True,0.421732,0.254237,sample_0076_fake_50028_suno_1.json,SPECTR,PGD,SPECTR | PGD,C:\Users\domin\Downloads\jsony\jsony\pgd\sonics,0.136716,,,,,,,,0.552631,0.076405,1,0.219387,0.219387,0.248664,0.468051,-0.219387,0.936102,0,0,0,0.162714,0.053869,0.837286,0.946131,0.8917085,1,1,1,1,0.2640911428571428,0.974753,0.60378925,0.22732874999999997,0.5309116,0.8632839999999999,0.5773596238095239,1,1,1,1,1,0,0,0.8917085,0.5148364841077548,0.48193946244623753,0
77,real_03464,0,real,0,0.023526,0,0.026087,1,1,1,0.301336,0.086037,0.01,1.855563,0.852698,2.956198,-3.996084,2.778304,True,0.318513,0.215259,sample_0077_real_03464.json,SPECTR,PGD,SPECTR | PGD,C:\Users\domin\Downloads\jsony\jsony\pgd\sonics,0.293314,,,,,,,,0.433602,0.389038,1,0.0025610000000000008,0.0025610000000000008,0.476474,0.47391300000000003,0.00256099999999998,0.9478260000000001,0,0,0,0.301336,0.086037,0.698664,0.913963,0.8063134999999999,1,1,1,1,0.24444657142857146,0.852698,0.4890495,0.0009789999999999521,0.5556608,0.7066859999999999,0.4749199785714286,1,1,1,1,1,0,0,0.8063134999999999,0.38293439014185354,0.3629551712705925,0
78,fake_51789_suno_0,1,fake,1,0.988044,1,0.992935,1,1,1,0.151092,0.033855,0.01,1.586499,0.922684,3.371553,-3.29301,2.676705,True,0.377579,0.299578,sample_0078_fake_51789_suno_0.json,SPECTR,PGD,SPECTR | PGD,C:\Users\domin\Downloads\jsony\jsony\pgd\sonics,0.219738,,,,,,,,0.692961,0.096552,1,0.004890999999999979,0.004890999999999979,0.48804400000000003,0.492935,-0.004890999999999979,0.98587,0,0,0,0.151092,0.033855,0.848908,0.966145,0.9075265,1,1,1,1,0.1675711428571429,0.922684,0.59288825,0.17674749999999995,0.5353410000000001,0.780262,0.5292489821428571,1,1,1,1,1,0,0,0.9075265,0.48030747639266963,0.4735207317512412,0
79,fake_27504_udio_1,1,fake,1,0.905263,1,0.880187,1,1,1,0.228081,0.084699,0.01,4.058185,0.998053,4.954074,-0.682277,4.727583,True,0.589329,0.254054,sample_0079_fake_27504_udio_1.json,SPECTR,PGD,SPECTR | PGD,C:\Users\domin\Downloads\jsony\jsony\pgd\sonics,0.016397,,,,,,,,0.470639,0.846436,1,-0.025075999999999987,0.025075999999999987,0.40526300000000004,0.38018700000000005,0.025075999999999987,0.7603740000000001,0,0,0,0.228081,0.084699,0.771919,0.915301,0.84361,1,1,1,1,0.8737671428571429,0.998053,0.9885185000000001,0.82943075,0.9455166,0.983603,0.936481498809524,1,1,1,1,1,1,1,0.84361,0.7900251572107025,0.6007145888889308,0
80,real_11839,0,real,0,0.149967,0,0.134313,1,1,0,0.606182,0.193038,0.01,3.225519,0.968152,4.189743,-3.078735,3.88474,True,0.711652,0.297959,sample_0080_real_11839.json,SPECTR,PGD,SPECTR | PGD,C:\Users\domin\Downloads\jsony\jsony\pgd\sonics,0.072043,,,,,,,,0.258591,0.204285,1,-0.015654,0.015654,0.35003300000000004,0.365687,-0.015653999999999946,0.731374,0,0,0,0.606182,0.193038,0.393818,0.806962,0.60039,0,1,1,0,0.6358625714285714,0.968152,0.79743575,0.23031625,0.776948,0.927957,0.7227785952380952,0,1,1,0,0,1,0,0.60039,0.43394904079499996,0.3173790457624023,0
81,real_20445,0,real,1,0.957765,1,0.932903,0,0,0,0.218676,0.067777,0.01,3.352618,0.917948,4.044604,-2.160243,3.837511,True,0.231724,0.136564,sample_0081_real_20445.json,SPECTR,PGD,SPECTR | PGD,C:\Users\domin\Downloads\jsony\jsony\pgd\sonics,0.115428,,,,,,,,0.573253,0.27002,1,-0.02486199999999994,0.02486199999999994,0.457765,0.43290300000000004,0.02486199999999994,0.8658060000000001,0,0,0,0.218676,0.067777,0.781324,0.932223,0.8567735000000001,1,1,1,1,0.6721765714285715,0.917948,0.7611509999999999,0.45993925,0.7675022,0.884572,0.7438815035714286,1,1,1,1,1,1,1,0.8567735000000001,0.6373379594001554,0.551811029276411,0
82,real_12935,0,real,0,0.205781,0,0.118389,1,1,0,0.355383,0.083336,0.01,1.100756,0.282796,1.442631,-3.997925,2.721406,True,0.322097,0.168,sample_0082_real_12935.json,SPECTR,PGD,SPECTR | PGD,C:\Users\domin\Downloads\jsony\jsony\pgd\sonics,0.355265,,,,,,,,0.490468,0.227753,1,-0.087392,0.087392,0.294219,0.38161100000000003,-0.08739200000000003,0.7632220000000001,0,0,0,0.355383,0.083336,0.644617,0.916664,0.7806405000000001,1,1,1,1,0.028787428571428592,0.282796,0.11065775,0.0005187500000000123,0.5442812,0.6447350000000001,0.2686293547619048,1,1,1,1,1,0,0,0.7806405000000001,0.20970295381601076,0.16004990781736336,0
83,real_07251,0,real,0,0.102044,0,0.034682,1,1,1,0.228224,0.125389,0.01,,0.0,5.0,-4.0,2.078583,True,0.30542,0.170103,sample_0083_real_07251.json,SPECTR,PGD,SPECTR | PGD,C:\Users\domin\Downloads\jsony\jsony\pgd\sonics,1.423059,,,,,,,,0.651785,0.111952,1,-0.067362,0.067362,0.397956,0.465318,-0.06736200000000003,0.930636,0,0,0,0.228224,0.125389,0.771776,0.874611,0.8231935,1,1,1,1,,0.0,1.0,0.0,0.4157166,0.0,0.28314332000000003,1,1,1,1,1,0,0,0.8231935,0.23308174059242004,0.2169142587379674,0
84,real_10022,0,real,0,0.320486,0,0.160325,1,1,0,0.337403,0.14527,0.01,1.194072,0.989857,2.380545,-3.998325,2.89342,True,0.339836,0.157464,sample_0084_real_10022.json,SPECTR,PGD,SPECTR | PGD,C:\Users\domin\Downloads\jsony\jsony\pgd\sonics,0.898151,,,,,,,,0.463638,0.083179,1,-0.160161,0.160161,0.179514,0.339675,-0.160161,0.67935,0,0,0,0.337403,0.14527,0.662597,0.85473,0.7586634999999999,1,1,1,1,0.055449142857142864,0.989857,0.34513625000000003,0.00041875000000002327,0.578684,0.10184899999999997,0.3452323571428572,1,1,1,1,1,0,0,0.7586634999999999,0.26191518838325,0.1779320832281609,0
85,fake_18908_suno_1,1,fake,1,0.986005,1,0.983025,1,1,1,0.133535,0.043954,0.01,2.368556,0.840907,3.558834,-3.05975,3.154842,True,0.334685,0.182156,sample_0085_fake_18908_suno_1.json,SPECTR,PGD,SPECTR | PGD,C:\Users\domin\Downloads\jsony\jsony\pgd\sonics,0.198095,,,,,,,,0.740068,0.096304,1,-0.0029799999999999827,0.0029799999999999827,0.486005,0.48302500000000004,0.0029799999999999827,0.9660500000000001,0,0,0,0.133535,0.043954,0.866465,0.956046,0.9112555,1,1,1,1,0.391016,0.840907,0.6397085,0.23506249999999995,0.6309684,0.801905,0.5899279000000001,1,1,1,1,1,0,0,0.9112555,0.5375750434784501,0.5193243707523567,0
86,real_12741,0,real,1,0.524701,0,0.445371,0,1,0,0.541933,0.100289,0.01,1.306812,0.994715,3.541463,-3.501584,2.331749,True,0.581205,0.355623,sample_0086_real_12741.json,SPECTR,PGD,SPECTR | PGD,C:\Users\domin\Downloads\jsony\jsony\pgd\sonics,0.144069,,,,,,,,0.304638,0.343506,0,-0.07932999999999996,0.07932999999999996,0.024700999999999973,0.05462899999999998,-0.02992800000000001,0.10925799999999997,0,1,1,0.541933,0.100289,0.458067,0.899711,0.6788890000000001,0,1,1,0,0.08766057142857145,0.994715,0.63536575,0.12460400000000005,0.4663498,0.855931,0.527437686904762,0,0,0,0,0,0,0,0.0,0.0,0.0,-1
87,real_03041,0,real,0,0.313033,1,0.609217,1,0,0,0.285962,0.091998,0.01,1.919255,0.80405,3.233467,-3.125629,3.151631,True,0.32305,0.163077,sample_0087_real_03041.json,SPECTR,PGD,SPECTR | PGD,C:\Users\domin\Downloads\jsony\jsony\pgd\sonics,0.234032,,,,,,,,0.63063,0.227638,0,0.296184,0.296184,0.186967,0.10921700000000001,0.07774999999999999,0.21843400000000002,0,0,0,0.285962,0.091998,0.714038,0.908002,0.81102,1,1,1,1,0.2626442857142857,0.80405,0.55836675,0.21859275,0.6303262000000001,0.765968,0.539991330952381,0,0,0,0,0,0,0,0.0,0.0,0.0,1
88,fake_13018_udio_0,1,fake,1,0.953723,1,0.968917,1,1,1,0.218361,0.051353,0.01,,0.973496,4.040251,-3.89632,3.254581,True,0.67305,0.120773,sample_0088_fake_13018_udio_0.json,SPECTR,PGD,SPECTR | PGD,C:\Users\domin\Downloads\jsony\jsony\pgd\sonics,0.077548,,,,,,,,0.564755,0.388397,1,0.01519400000000004,0.01519400000000004,0.453723,0.46891700000000003,-0.01519400000000004,0.9378340000000001,0,0,0,0.218361,0.051353,0.781639,0.948647,0.865143,1,1,1,1,,0.973496,0.7600627499999999,0.025920000000000054,0.6509162,0.922452,0.6665693899999999,1,1,1,1,1,0,0,0.865143,0.5766778417727699,0.540828087061124,0
89,fake_30470_udio_1,1,fake,1,0.983061,1,0.984812,1,1,1,0.168035,0.027014,0.01,1.363522,0.717416,1.952067,-3.996893,2.665983,True,0.214511,0.099526,sample_0089_fake_30470_udio_1.json,SPECTR,PGD,SPECTR | PGD,C:\Users\domin\Downloads\jsony\jsony\pgd\sonics,0.870671,,,,,,,,0.82443,0.070226,1,0.001751000000000058,0.001751000000000058,0.48306099999999996,0.484812,-0.001751000000000058,0.969624,0,0,0,0.168035,0.027014,0.8319650000000001,0.972986,0.9024755,1,1,1,1,0.10386342857142854,0.717416,0.23801675,0.0007767499999999927,0.5331966,0.12932900000000003,0.2870997547619048,1,1,1,1,1,0,0,0.9024755,0.2591004947286274,0.2512300581007506,0
90,fake_43253_udio_0,1,fake,1,0.95284,1,0.943348,1,1,1,0.211195,0.059571,0.01,2.429594,0.993461,3.366878,-3.716774,3.228684,True,0.607358,0.202073,sample_0090_fake_43253_udio_0.json,SPECTR,PGD,SPECTR | PGD,C:\Users\domin\Downloads\jsony\jsony\pgd\sonics,0.1593,,,,,,,,0.571137,0.340576,1,-0.009492000000000056,0.009492000000000056,0.45284,0.44334799999999996,0.009492000000000056,0.8866959999999999,0,0,0,0.211195,0.059571,0.788805,0.940429,0.864617,1,1,1,1,0.4084554285714285,0.993461,0.5917195,0.0708065,0.6457368,0.8407,0.5918132047619048,1,1,1,1,1,0,0,0.864617,0.5116917576616238,0.45371503475153113,0
91,fake_24388_suno_1,1,fake,1,0.947162,1,0.970367,1,1,0,0.189445,0.072479,0.01,2.497048,0.899163,3.01718,-3.216738,2.69527,True,0.403079,0.240964,sample_0091_fake_24388_suno_1.json,SPECTR,PGD,SPECTR | PGD,C:\Users\domin\Downloads\jsony\jsony\pgd\sonics,0.282562,,,,,,,,0.738639,0.097225,1,0.02320500000000003,0.02320500000000003,0.44716199999999995,0.470367,-0.02320500000000003,0.940734,0,0,0,0.189445,0.072479,0.810555,0.927521,0.869038,1,1,1,1,0.427728,0.899163,0.504295,0.19581550000000003,0.5390539999999999,0.717438,0.5472489166666666,1,1,1,1,1,0,0,0.869038,0.4755801040421666,0.44739437359600354,0
92,fake_38961_udio_0,1,fake,1,0.972802,1,0.982425,1,1,1,0.199669,0.053307,0.01,3.775488,0.996833,4.771426,-3.605928,4.245945,True,0.532858,0.104762,sample_0092_fake_38961_udio_0.json,SPECTR,PGD,SPECTR | PGD,C:\Users\domin\Downloads\jsony\jsony\pgd\sonics,0.04501,,,,,,,,0.463118,0.481873,1,0.009623000000000048,0.009623000000000048,0.47280199999999994,0.482425,-0.009623000000000048,0.96485,0,0,0,0.199669,0.053307,0.800331,0.946693,0.8735120000000001,1,1,1,1,0.7929965714285715,0.996833,0.9428565,0.098518,0.849189,0.95499,0.7725638452380953,1,1,1,1,1,1,1,0.8735120000000001,0.6748437895816192,0.6511230303778253,0
93,fake_42122_suno_1,1,fake,1,0.962436,1,0.955801,1,1,1,0.174285,0.02876,0.01,3.882209,0.955908,4.407475,-1.879333,3.863825,True,0.368099,0.271605,sample_0093_fake_42122_suno_1.json,SPECTR,PGD,SPECTR | PGD,C:\Users\domin\Downloads\jsony\jsony\pgd\sonics,0.05414,,,,,,,,0.699379,0.089415,1,-0.0066349999999999465,0.0066349999999999465,0.46243599999999996,0.455801,0.0066349999999999465,0.911602,0,0,0,0.174285,0.02876,0.825715,0.97124,0.8984775,1,1,1,1,0.8234882857142857,0.955908,0.85186875,0.53016675,0.7727649999999999,0.94586,0.8133427976190476,1,1,1,1,1,1,1,0.8984775,0.7307702034477679,0.6661715790033921,0
94,fake_32764_suno_0,1,fake,1,0.949883,1,0.947066,1,1,1,0.1663,0.060516,0.01,2.75588,0.882285,3.688283,-2.923757,2.964966,True,0.347046,0.222552,sample_0094_fake_32764_suno_0.json,SPECTR,PGD,SPECTR | PGD,C:\Users\domin\Downloads\jsony\jsony\pgd\sonics,0.106325,,,,,,,,0.56539,0.128029,1,-0.0028170000000000694,0.0028170000000000694,0.44988300000000003,0.44706599999999996,0.0028170000000000694,0.8941319999999999,0,0,0,0.1663,0.060516,0.8337,0.939484,0.886592,1,1,1,1,0.50168,0.882285,0.67207075,0.26906074999999996,0.5929932,0.893675,0.6352941166666667,1,1,1,1,1,0,0,0.886592,0.5632466814837334,0.5036168818084135,0
95,fake_09727_udio_1,1,fake,1,0.938023,1,0.979043,1,1,1,0.211087,0.062459,0.01,3.447342,0.994392,4.823474,-3.953627,4.261155,True,0.534178,0.171717,sample_0095_fake_09727_udio_1.json,SPECTR,PGD,SPECTR | PGD,C:\Users\domin\Downloads\jsony\jsony\pgd\sonics,0.029438,,,,,,,,0.491974,0.816772,1,0.041019999999999945,0.041019999999999945,0.43802300000000005,0.479043,-0.041019999999999945,0.958086,0,0,0,0.211087,0.062459,0.788913,0.937541,0.863227,1,1,1,1,0.6992405714285714,0.994392,0.9558685,0.01159325,0.852231,0.970562,0.7473145535714285,1,1,1,1,1,1,1,0.863227,0.6451021001358035,0.6180632907107114,0
96,fake_07770_udio_0,1,fake,1,0.959785,1,0.96192,1,1,1,0.226795,0.027881,0.01,1.573869,0.945567,2.647676,-3.996694,2.336992,True,0.575588,0.240642,sample_0096_fake_07770_udio_0.json,SPECTR,PGD,SPECTR | PGD,C:\Users\domin\Downloads\jsony\jsony\pgd\sonics,0.229876,,,,,,,,0.599783,0.164242,1,0.002134999999999998,0.002134999999999998,0.459785,0.46192,-0.002134999999999998,0.92384,0,0,0,0.226795,0.027881,0.773205,0.972119,0.872662,1,1,1,1,0.16396257142857143,0.945567,0.41191900000000004,0.0008264999999999523,0.4673984,0.770124,0.45996624523809526,1,1,1,1,1,0,0,0.872662,0.4013950635019667,0.3708248154656569,0
97,fake_37097_udio_0,1,fake,1,0.976906,1,0.968974,1,1,1,0.187452,0.035316,0.01,1.489169,0.822528,2.448802,-3.997415,2.805264,True,0.210414,0.154229,sample_0097_fake_37097_udio_0.json,SPECTR,PGD,SPECTR | PGD,C:\Users\domin\Downloads\jsony\jsony\pgd\sonics,0.481197,,,,,,,,0.77348,0.047154,1,-0.00793200000000005,0.00793200000000005,0.47690600000000005,0.468974,0.00793200000000005,0.937948,0,0,0,0.187452,0.035316,0.812548,0.964684,0.8886160000000001,1,1,1,1,0.13976257142857143,0.822528,0.36220050000000004,0.0006462499999999594,0.5610528,0.518803,0.40083218690476197,1,1,1,1,1,0,0,0.8886160000000001,0.356185894598562,0.33408384746693204,0
98,real_01192,0,real,0,0.067391,0,0.076972,1,1,1,0.227672,0.061138,0.01,1.28569,0.835167,3.074708,-3.994514,2.467102,True,0.209693,0.154062,sample_0098_real_01192.json,SPECTR,PGD,SPECTR | PGD,C:\Users\domin\Downloads\jsony\jsony\pgd\sonics,0.242268,,,,,,,,0.612803,0.192558,1,0.009580999999999992,0.009580999999999992,0.432609,0.423028,0.009581000000000006,0.846056,0,0,0,0.227672,0.061138,0.772328,0.938862,0.855595,1,1,1,1,0.08162571428571429,0.835167,0.518677,0.00137149999999997,0.49342040000000004,0.757732,0.44799893571428573,1,1,1,1,1,0,0,0.855595,0.3833056494024643,0.32429804451085137,0
99,real_07293,0,real,0,0.347454,0,0.284524,1,1,1,0.393468,0.091859,0.01,2.185023,0.873806,2.842035,-3.994869,3.338115,True,0.243838,0.164557,sample_0099_real_07293.json,SPECTR,PGD,SPECTR | PGD,C:\Users\domin\Downloads\jsony\jsony\pgd\sonics,0.212566,,,,,,,,0.573738,0.489197,1,-0.06292999999999999,0.06292999999999999,0.15254600000000001,0.215476,-0.06292999999999999,0.430952,0,0,0,0.393468,0.091859,0.6065320000000001,0.908141,0.7573365000000001,1,1,1,1,0.33857800000000005,0.873806,0.46050875,0.0012827499999999992,0.6676230000000001,0.787434,0.52153875,1,1,1,1,1,0,0,0.7573365000000001,0.39498033153937506,0.17021756383755676,0
0,fake_26837_udio_0,1,fake,1,0.95323,1,0.957357,1,1,1,0.277284,0.183673,0.01,3.042282,0.999085,4.463989,-3.982597,2.190294,True,,,sample_0000_fake_26837_udio_0.json,SPECTR,X-Shift,SPECTR | X-Shift,C:\Users\domin\Downloads\jsony\jsony\xshift\sonics,0.14686,0.442548,0.5259,0.184366,0.093937,0.128971,shift,0.05,0.076535,0.000596,1,0.004126999999999992,0.004126999999999992,0.45323,0.457357,-0.004126999999999992,0.914714,0,0,0,0.277284,0.183673,0.722716,0.816327,0.7695215,1,1,1,1,0.583509142857143,0.999085,0.8659972499999999,0.004350749999999959,0.4380588,0.85314,0.6240234904761904,1,1,1,1,1,1,1,0.7695215,0.48019949242647375,0.4392451985153895,0
0,fake_49482_udio_1,1,fake,1,0.979696,1,0.973195,1,1,1,0.705772,0.26776,0.01,2.960221,0.99062,3.785859,-3.263095,3.59187,True,,,sample_0000_fake_49482_udio_1.json,SPECTR,X-Shift,SPECTR | X-Shift,C:\Users\domin\Downloads\jsony\jsony\xshift\sonics,0.173445,0.442206,0.473896,0.195196,0.157259,0.194833,shift,0.05,0.079171,0.00049,1,-0.006500999999999979,0.006500999999999979,0.479696,0.47319500000000003,0.006500999999999979,0.9463900000000001,0,0,0,0.705772,0.26776,0.29422800000000005,0.73224,0.513234,0,1,1,0,0.5600631428571429,0.99062,0.69646475,0.18422625000000004,0.7183740000000001,0.826555,0.6627171904761905,0,1,1,0,0,0,0,0.513234,0.34012899453685713,0.32189467913973624,0
0,fake_51339_udio_0,1,fake,1,0.974335,1,0.981025,1,1,1,0.607195,0.240642,0.01,,0.998441,4.454997,-1.434717,3.565056,True,,,sample_0000_fake_51339_udio_0.json,SPECTR,X-Shift,SPECTR | X-Shift,C:\Users\domin\Downloads\jsony\jsony\xshift\sonics,0.020786,0.431466,0.485678,0.135235,0.092553,0.23011,shift,0.05,0.09388,0.001389,1,0.006690000000000085,0.006690000000000085,0.47433499999999995,0.48102500000000004,-0.006690000000000085,0.9620500000000001,0,0,0,0.607195,0.240642,0.39280499999999996,0.759358,0.5760814999999999,0,1,1,0,,0.998441,0.8637492499999999,0.64132075,0.7130112,0.979214,0.83914724,0,1,1,0,0,0,0,0.5760814999999999,0.4834172007400599,0.46507151797197466,0
0,real_12540,0,real,0,0.245419,0,0.262445,1,1,1,0.878061,0.542857,0.01,2.32712,0.996884,1.990815,-3.321839,3.175275,True,,,sample_0000_real_12540.json,SPECTR,X-Shift,SPECTR | X-Shift,C:\Users\domin\Downloads\jsony\jsony\xshift\sonics,1.151222,0.524343,0.821458,0.517853,0.159714,0.070091,shift,0.05,0.07725,0.000264,1,0.017025999999999986,0.017025999999999986,0.254581,0.23755500000000002,0.017025999999999986,0.47511000000000003,0,0,0,0.878061,0.542857,0.12193900000000002,0.45714299999999997,0.289541,0,0,0,0,0.3791771428571428,0.996884,0.24770375,0.16954024999999995,0.635055,0.0,0.4047266904761904,0,0,0,0,0,0,0,0.289541,0.11718497068716664,0.05567575142317975,0
1,fake_48933_suno_1,1,fake,1,0.797081,1,0.702112,1,1,0,0.262837,0.17193,0.01,3.925215,0.990459,4.69404,-1.310605,3.861856,True,,,sample_0001_fake_48933_suno_1.json,SPECTR,X-Shift,SPECTR | X-Shift,C:\Users\domin\Downloads\jsony\jsony\xshift\sonics,0.051286,0.455857,0.513317,0.183212,0.151876,0.143747,shift,0.05,0.085091,0.000475,1,-0.09496900000000008,0.09496900000000008,0.29708100000000004,0.20211199999999996,0.09496900000000008,0.4042239999999999,0,0,0,0.262837,0.17193,0.737163,0.82807,0.7826165,1,1,1,1,0.8357757142857143,0.990459,0.92351,0.67234875,0.7723712,0.9487140000000001,0.8571964440476191,1,1,1,1,1,1,1,0.7826165,0.6708560808529935,0.2711761284267204,0
1,fake_50028_suno_1,1,fake,1,0.748664,1,0.881599,1,1,1,0.507996,0.361963,0.01,3.470359,0.997368,4.342267,-1.784195,3.52399,True,,,sample_0001_fake_50028_suno_1.json,SPECTR,X-Shift,SPECTR | X-Shift,C:\Users\domin\Downloads\jsony\jsony\xshift\sonics,0.07296,0.394636,0.491251,0.229587,0.155049,0.13075,shift,0.05,0.065707,0.000178,1,0.13293500000000003,0.13293500000000003,0.248664,0.381599,-0.13293500000000003,0.763198,0,0,0,0.507996,0.361963,0.492004,0.638037,0.5650204999999999,0,0,0,0,0.7058168571428572,0.997368,0.8355667499999999,0.55395125,0.704798,0.92704,0.7874234761904763,0,0,0,0,0,1,0,0.5650204999999999,0.44491040622888095,0.3395547322130695,0
1,real_03147,0,real,0,0.022608,0,0.019632,1,1,0,0.539976,0.5,0.01,4.267697,0.999724,4.709849,-0.977679,4.239126,True,,,sample_0001_real_03147.json,SPECTR,X-Shift,SPECTR | X-Shift,C:\Users\domin\Downloads\jsony\jsony\xshift\sonics,0.103109,0.45371,0.728934,0.391348,0.125832,0.082061,shift,0.05,0.063487,0.003677,1,-0.0029759999999999995,0.0029759999999999995,0.477392,0.480368,-0.002976000000000034,0.960736,0,0,0,0.539976,0.5,0.460024,0.5,0.480012,0,0,0,0,0.9336277142857143,0.999724,0.92746225,0.75558025,0.8478252,0.896891,0.8935184023809524,0,0,0,0,0,1,0,0.480012,0.4288995553636857,0.4120592432218859,0
1,real_03751,0,real,1,0.527831,0,0.497667,0,1,0,0.69952,0.363057,0.01,3.347655,0.998324,4.624632,-3.071662,4.179083,True,,,sample_0001_real_03751.json,SPECTR,X-Shift,SPECTR | X-Shift,C:\Users\domin\Downloads\jsony\jsony\xshift\sonics,0.136791,0.396163,0.517012,0.219962,0.127456,0.15476,shift,0.05,0.057218,0.000262,0,-0.030164000000000024,0.030164000000000024,0.02783100000000005,0.002332999999999974,0.025498000000000076,0.004665999999999948,1,1,1,0.69952,0.363057,0.30047999999999997,0.636943,0.4687115,0,0,0,0,0.6707585714285714,0.998324,0.906158,0.23208450000000003,0.8358166,0.863209,0.7510584452380953,0,0,0,0,0,1,0,0.0,0.0,0.0,-1
2,real_00577,0,real,0,0.041042,0,0.018725,1,1,0,0.61685,0.298893,0.01,2.759712,0.990964,4.177261,-3.990104,3.316406,True,,,sample_0002_real_00577.json,SPECTR,X-Shift,SPECTR | X-Shift,C:\Users\domin\Downloads\jsony\jsony\xshift\sonics,0.208775,0.415829,0.580182,0.20282,0.164175,0.140595,shift,0.05,0.0934,0.000349,1,-0.022317000000000004,0.022317000000000004,0.458958,0.481275,-0.02231700000000003,0.96255,0,0,0,0.61685,0.298893,0.38315,0.7011069999999999,0.5421285,0,1,1,0,0.5027748571428571,0.990964,0.7943152499999999,0.0024739999999999762,0.6632812,0.7912250000000001,0.6241723845238095,0,1,1,0,0,0,0,0.5421285,0.3383816385633161,0.3257092461991199,0
2,real_03067,0,real,0,0.017838,0,0.017213,1,1,0,0.722578,0.438914,0.01,4.395339,0.999936,4.989008,-0.276541,4.842037,True,,,sample_0002_real_03067.json,SPECTR,X-Shift,SPECTR | X-Shift,C:\Users\domin\Downloads\jsony\jsony\xshift\sonics,0.022274,0.488075,0.732696,0.485422,0.293862,0.084263,shift,0.05,0.05095,0.003326,1,-0.0006250000000000006,0.0006250000000000006,0.482162,0.482787,-0.0006250000000000422,0.965574,0,0,0,0.722578,0.438914,0.27742199999999995,0.561086,0.41925399999999996,0,0,0,0,0.9700968571428571,0.999936,0.997252,0.93086475,0.9684074,0.977726,0.9740471678571428,0,0,0,0,0,1,0,0.41925399999999996,0.4083731713127785,0.3943145165171648,0
2,real_03464,0,real,0,0.023526,0,0.024953,1,1,1,0.787279,0.448052,0.01,2.392564,0.959905,3.391578,-3.990567,3.196076,True,,,sample_0002_real_03464.json,SPECTR,X-Shift,SPECTR | X-Shift,C:\Users\domin\Downloads\jsony\jsony\xshift\sonics,0.29028,0.475778,0.757586,0.360495,0.22153,0.084839,shift,0.05,0.086124,0.000359,1,0.0014270000000000012,0.0014270000000000012,0.476474,0.475047,0.0014270000000000116,0.950094,0,0,0,0.787279,0.448052,0.21272100000000005,0.551948,0.3823345,0,0,0,0,0.3978754285714286,0.959905,0.5978945,0.002358250000000006,0.6392152,0.70972,0.5511613964285714,0,0,0,0,0,0,0,0.3823345,0.21072801692281964,0.2002114245102694,0
2,real_03705,0,real,1,0.540828,1,0.661995,0,0,0,0.691275,0.412844,0.01,3.97679,0.998935,4.498794,-2.634874,4.329298,True,,,sample_0002_real_03705.json,SPECTR,X-Shift,SPECTR | X-Shift,C:\Users\domin\Downloads\jsony\jsony\xshift\sonics,0.128307,0.47851,0.67313,0.27659,0.178801,0.108157,shift,0.05,0.080337,0.001406,1,0.12116700000000002,0.12116700000000002,0.040827999999999975,0.161995,-0.12116700000000002,0.32399,0,0,0,0.691275,0.412844,0.308725,0.587156,0.4479405,0,0,0,0,0.8505114285714285,0.998935,0.8746985,0.3412815,0.8658596,0.871693,0.8004965047619047,0,0,0,0,0,1,0,0.4479405,0.3585748045913,0.11617465093953527,0
3,fake_16796_suno_1,1,fake,1,0.914715,1,0.979009,1,1,0,0.494736,0.236364,0.01,4.565361,0.999908,4.998809,-0.089408,4.998698,True,,,sample_0003_fake_16796_suno_1.json,SPECTR,X-Shift,SPECTR | X-Shift,C:\Users\domin\Downloads\jsony\jsony\xshift\sonics,0.00169,0.353171,0.496912,0.212012,0.065366,0.119102,shift,0.05,0.075075,0.013916,1,0.06429400000000007,0.06429400000000007,0.41471499999999994,0.479009,-0.06429400000000007,0.958018,0,0,0,0.494736,0.236364,0.5052639999999999,0.763636,0.63445,0,1,1,0,1.0,0.999908,0.9997022499999999,0.977648,0.9997396000000001,0.99831,0.9958846416666667,0,1,1,0,0,1,0,0.63445,0.6318390109054166,0.6053131455495855,0
3,fake_35261_suno_1,1,fake,1,0.988214,1,0.987526,1,1,1,0.466839,0.312102,0.01,4.224185,0.999471,4.957816,-0.599388,4.860004,True,,,sample_0003_fake_35261_suno_1.json,SPECTR,X-Shift,SPECTR | X-Shift,C:\Users\domin\Downloads\jsony\jsony\xshift\sonics,0.006672,0.493839,0.56648,0.202179,0.130143,0.222853,shift,0.05,0.115856,0.002647,1,-0.0006880000000000219,0.0006880000000000219,0.48821400000000004,0.487526,0.0006880000000000219,0.975052,0,0,0,0.466839,0.312102,0.533161,0.687898,0.6105295,0,0,0,0,0.9211957142857143,0.999471,0.9894540000000001,0.8501529999999999,0.9720008,0.993328,0.9542670857142856,0,0,0,0,0,1,0,0.6105295,0.5826082067075999,0.5680732971666588,0
3,fake_51789_suno_0,1,fake,1,0.988044,1,0.988718,1,1,1,0.495334,0.294118,0.01,3.170419,0.987747,4.289424,-2.078468,3.570237,True,,,sample_0003_fake_51789_suno_0.json,SPECTR,X-Shift,SPECTR | X-Shift,C:\Users\domin\Downloads\jsony\jsony\xshift\sonics,0.088241,0.538105,0.528675,0.159871,0.160797,0.215782,shift,0.05,0.062615,0.000138,1,0.0006739999999999524,0.0006739999999999524,0.48804400000000003,0.488718,-0.0006739999999999524,0.977436,0,0,0,0.495334,0.294118,0.5046660000000001,0.705882,0.6052740000000001,0,1,1,0,0.6201197142857142,0.987747,0.8223560000000001,0.480383,0.7140474,0.911759,0.7560686857142858,0,1,1,0,0,1,0,0.6052740000000001,0.4576287176770287,0.4473027832913642,0
3,real_06031,0,real,1,0.578386,1,0.521662,0,0,1,0.613969,0.440299,0.01,3.658806,0.905348,3.978005,-2.140464,3.25987,True,,,sample_0003_real_06031.json,SPECTR,X-Shift,SPECTR | X-Shift,C:\Users\domin\Downloads\jsony\jsony\xshift\sonics,0.079889,0.438653,0.668119,0.293018,0.142504,0.143476,shift,0.05,0.072474,0.000401,1,-0.056724,0.056724,0.07838599999999996,0.02166199999999996,0.056724,0.04332399999999992,1,1,1,0.613969,0.440299,0.386031,0.559701,0.472866,0,0,0,0,0.7596588571428571,0.905348,0.74450125,0.46488399999999996,0.6519739999999999,0.920111,0.7410795178571429,0,0,0,0,0,1,0,0.472866,0.3504313072910357,0.015182085957076803,0
4,fake_02193_udio_1,1,fake,1,0.892322,1,0.877809,1,1,1,0.493907,0.221053,0.01,3.395474,0.996553,4.457326,-1.64981,2.606648,True,,,sample_0004_fake_02193_udio_1.json,SPECTR,X-Shift,SPECTR | X-Shift,C:\Users\domin\Downloads\jsony\jsony\xshift\sonics,0.105099,0.452568,0.563931,0.168983,0.092598,0.165585,shift,0.05,0.091679,0.000548,1,-0.014512999999999998,0.014512999999999998,0.39232199999999995,0.37780899999999995,0.014512999999999998,0.7556179999999999,0,0,0,0.493907,0.221053,0.506093,0.7789470000000001,0.64252,0,1,1,0,0.6844211428571428,0.996553,0.8643315,0.5875475,0.5213296,0.894901,0.7581806238095238,0,1,1,0,0,1,0,0.64252,0.4871462144100952,0.36809644824012727,0
4,fake_27504_udio_1,1,fake,1,0.905263,1,0.955528,1,1,1,0.79583,0.423313,0.01,4.321545,0.999867,4.997823,-0.16291,4.903893,True,,,sample_0004_fake_27504_udio_1.json,SPECTR,X-Shift,SPECTR | X-Shift,C:\Users\domin\Downloads\jsony\jsony\xshift\sonics,0.023567,0.404792,0.398811,0.099959,0.080724,0.206384,shift,0.05,0.08216,0.010498,1,0.050265000000000004,0.050265000000000004,0.40526300000000004,0.45552800000000004,-0.050265000000000004,0.9110560000000001,0,0,0,0.79583,0.423313,0.20416999999999996,0.576687,0.39042849999999996,0,0,0,0,0.9490128571428572,0.999867,0.9994557500000001,0.9592725,0.9807786000000001,0.976433,0.9774699511904762,0,0,0,0,0,1,0,0.39042849999999996,0.3816321268383708,0.34768823894885875,0
4,real_12407,0,real,0,0.014336,0,0.009402,1,1,0,0.379419,0.243373,0.01,2.896529,0.664642,2.726621,-3.467837,3.063475,True,,,sample_0004_real_12407.json,SPECTR,X-Shift,SPECTR | X-Shift,C:\Users\domin\Downloads\jsony\jsony\xshift\sonics,0.289046,0.450682,0.619275,0.169045,0.144285,0.106289,shift,0.05,0.1563,0.001016,1,-0.004933999999999999,0.004933999999999999,0.485664,0.490598,-0.004933999999999994,0.981196,0,0,0,0.379419,0.243373,0.620581,0.7566269999999999,0.688604,1,1,1,1,0.5418654285714286,0.664642,0.43165525000000005,0.13304075000000004,0.612695,0.710954,0.5158087380952382,1,1,1,1,1,0,0,0.688604,0.3551879602873334,0.3485090058820904,0
4,real_19597,0,real,0,0.483748,0,0.273738,1,1,0,0.357289,0.232,0.01,3.817858,0.925098,3.528633,-3.986949,3.635708,True,,,sample_0004_real_19597.json,SPECTR,X-Shift,SPECTR | X-Shift,C:\Users\domin\Downloads\jsony\jsony\xshift\sonics,0.258918,0.432935,0.558082,0.13477,0.076966,0.123834,shift,0.05,0.063003,0.000238,1,-0.21001000000000003,0.21001000000000003,0.01625199999999999,0.22626200000000002,-0.21001000000000003,0.45252400000000004,0,0,0,0.357289,0.232,0.642711,0.768,0.7053555,1,1,1,1,0.8051022857142858,0.925098,0.63215825,0.003262749999999981,0.7271416,0.741082,0.6389741476190477,1,1,1,1,1,1,1,0.7053555,0.4507039293809072,0.20395434493916567,0
5,fake_30244_udio_0,1,fake,1,0.96944,1,0.955642,1,1,1,0.634029,0.303371,0.01,4.158086,0.975611,4.502119,-3.980579,4.06555,True,,,sample_0005_fake_30244_udio_0.json,SPECTR,X-Shift,SPECTR | X-Shift,C:\Users\domin\Downloads\jsony\jsony\xshift\sonics,0.080046,0.517526,0.585333,0.262589,0.154509,0.114704,shift,0.05,0.071692,0.001221,1,-0.013797999999999977,0.013797999999999977,0.46943999999999997,0.455642,0.013797999999999977,0.911284,0,0,0,0.634029,0.303371,0.36597100000000005,0.6966289999999999,0.5313,0,0,0,0,0.9023102857142857,0.975611,0.8755297500000001,0.004855249999999978,0.81311,0.9199539999999999,0.7485617142857143,0,0,0,0,0,1,0,0.5313,0.39771083879999997,0.36242752402501915,0
5,fake_40188_udio_1,1,fake,1,0.979553,1,0.980387,1,1,1,0.818376,0.39759,0.01,,0.981298,4.475513,-2.117751,4.026725,True,,,sample_0005_fake_40188_udio_1.json,SPECTR,X-Shift,SPECTR | X-Shift,C:\Users\domin\Downloads\jsony\jsony\xshift\sonics,0.043865,0.395074,0.432798,0.113907,0.067049,0.196704,shift,0.05,0.262143,0.027122,1,0.0008340000000000014,0.0008340000000000014,0.479553,0.480387,-0.0008340000000000014,0.960774,0,0,0,0.818376,0.39759,0.181624,0.60241,0.392017,0,0,0,0,,0.981298,0.8688782500000001,0.47056224999999996,0.805345,0.956135,0.8164437,0,0,0,0,0,0,0,0.392017,0.3200598099429,0.3075051438380798,0
5,real_06308,0,real,0,0.1737,0,0.1837,1,1,1,0.859003,0.465438,0.01,4.054022,0.993188,4.727996,-1.461553,4.587643,True,,,sample_0005_real_06308.json,SPECTR,X-Shift,SPECTR | X-Shift,C:\Users\domin\Downloads\jsony\jsony\xshift\sonics,0.053527,0.421016,0.754102,0.424642,0.134639,0.062965,shift,0.05,0.078719,0.000772,1,0.010000000000000009,0.010000000000000009,0.32630000000000003,0.3163,0.010000000000000009,0.6326,0,0,0,0.859003,0.465438,0.14099700000000004,0.534562,0.3377795,0,0,0,0,0.8725777142857142,0.993188,0.931999,0.6346117499999999,0.9175286,0.946473,0.8827296773809524,0,0,0,0,0,1,0,0.3377795,0.2981679890608994,0.188621069879925,0
5,real_11839,0,real,0,0.149967,0,0.12597,1,1,0,0.927107,0.514286,0.01,3.731189,0.996577,4.745061,-2.151192,4.573966,True,,,sample_0005_real_11839.json,SPECTR,X-Shift,SPECTR | X-Shift,C:\Users\domin\Downloads\jsony\jsony\xshift\sonics,0.067655,0.432092,0.833403,0.440782,0.108743,0.099509,shift,0.05,0.108456,0.000639,1,-0.02399699999999999,0.02399699999999999,0.35003300000000004,0.37403,-0.023996999999999935,0.74806,0,0,0,0.927107,0.514286,0.07289299999999999,0.485714,0.2793035,0,0,0,0,0.7803397142857144,0.996577,0.9362652499999999,0.462202,0.9147932000000001,0.932345,0.8370870273809524,0,0,0,0,0,1,0,0.2793035,0.23380133655209584,0.1748974278211608,0
6,fake_41087_udio_1,1,fake,1,0.870307,1,0.853135,1,1,1,0.355065,0.234043,0.01,3.230649,0.982454,4.492457,-2.693741,3.732116,True,,,sample_0006_fake_41087_udio_1.json,SPECTR,X-Shift,SPECTR | X-Shift,C:\Users\domin\Downloads\jsony\jsony\xshift\sonics,0.137786,0.49929,0.537564,0.205374,0.168054,0.193718,shift,0.05,0.050993,0.000117,1,-0.017172000000000076,0.017172000000000076,0.37030700000000005,0.353135,0.017172000000000076,0.70627,0,0,0,0.355065,0.234043,0.644935,0.765957,0.705446,1,1,1,1,0.6373282857142858,0.982454,0.87311425,0.32656474999999996,0.7464232,0.862214,0.7380164142857142,1,1,1,1,1,1,1,0.705446,0.5206307273922,0.367705863835289,0
6,real_19284,0,real,0,0.355279,0,0.321729,1,1,0,0.553394,0.410765,0.01,3.499885,0.995381,4.645935,-3.986579,4.069891,True,,,sample_0006_real_19284.json,SPECTR,X-Shift,SPECTR | X-Shift,C:\Users\domin\Downloads\jsony\jsony\xshift\sonics,0.095949,0.473066,0.651627,0.305906,0.233942,0.089868,shift,0.05,0.102812,0.00147,1,-0.033550000000000024,0.033550000000000024,0.144721,0.178271,-0.033550000000000024,0.356542,0,0,0,0.553394,0.410765,0.44660599999999995,0.589235,0.5179205,0,0,0,0,0.7142528571428571,0.995381,0.9114837499999999,0.003355250000000032,0.8139782,0.9040509999999999,0.7237503428571429,0,0,0,0,0,1,0,0.5179205,0.3748451394477429,0.13364803570897715,0
6,real_19441,0,real,0,0.013374,0,0.012137,1,1,1,0.841238,0.475,0.01,2.822532,0.804574,3.633732,-3.367189,3.614648,True,,,sample_0006_real_19441.json,SPECTR,X-Shift,SPECTR | X-Shift,C:\Users\domin\Downloads\jsony\jsony\xshift\sonics,0.192531,0.444769,0.819212,0.422146,0.186616,0.076191,shift,0.05,0.214575,0.001215,1,-0.0012370000000000003,0.0012370000000000003,0.486626,0.487863,-0.0012369999999999881,0.975726,0,0,0,0.841238,0.475,0.15876199999999996,0.525,0.341881,0,0,0,0,0.5207234285714285,0.804574,0.658433,0.15820274999999995,0.7229296,0.807469,0.6120552964285714,0,0,0,0,0,0,0,0.341881,0.2092500767982964,0.20417074043409456,0
6,real_20445,0,real,1,0.957765,1,0.955039,0,0,1,0.572808,0.296482,0.01,4.091372,0.963676,4.477235,-0.975708,4.37606,True,,,sample_0006_real_20445.json,SPECTR,X-Shift,SPECTR | X-Shift,C:\Users\domin\Downloads\jsony\jsony\xshift\sonics,0.055378,0.451146,0.65338,0.261491,0.104449,0.167552,shift,0.05,0.095708,0.00338,1,-0.002726000000000006,0.002726000000000006,0.457765,0.45503899999999997,0.002726000000000006,0.9100779999999999,0,0,0,0.572808,0.296482,0.427192,0.703518,0.565355,0,1,1,0,0.8832491428571428,0.963676,0.8693087500000001,0.756073,0.875212,0.944622,0.8820234821428571,0,1,1,0,0,1,0,0.565355,0.498656385746875,0.4538162062277445,0
7,fake_02868_suno_1,1,fake,1,0.9809,1,0.988436,1,1,1,0.472198,0.411255,0.01,4.14012,0.992285,4.703783,-1.123172,4.271154,True,,,sample_0007_fake_02868_suno_1.json,SPECTR,X-Shift,SPECTR | X-Shift,C:\Users\domin\Downloads\jsony\jsony\xshift\sonics,0.008494,0.52949,0.565478,0.196643,0.169107,0.14676,shift,0.05,0.103017,0.000968,1,0.007535999999999987,0.007535999999999987,0.4809,0.488436,-0.007535999999999987,0.976872,0,0,0,0.472198,0.411255,0.527802,0.5887450000000001,0.5582735000000001,0,0,0,0,0.8971771428571428,0.992285,0.9259457499999999,0.7192069999999999,0.8542308000000001,0.991506,0.8967252821428571,0,0,0,0,0,1,0,0.5582735000000001,0.5006179618003804,0.4890396695798612,0
7,real_06994,0,real,0,0.235216,0,0.45289,1,1,0,0.85415,0.47907,0.01,3.180594,0.996563,4.487889,-1.880665,3.304544,True,,,sample_0007_real_06994.json,SPECTR,X-Shift,SPECTR | X-Shift,C:\Users\domin\Downloads\jsony\jsony\xshift\sonics,0.175154,0.382113,0.773722,0.372684,0.117935,0.100517,shift,0.05,0.101663,0.000819,1,0.217674,0.217674,0.264784,0.047109999999999985,0.21767400000000003,0.09421999999999997,1,1,1,0.85415,0.47907,0.14585000000000004,0.52093,0.33339,0,0,0,0,0.6230268571428572,0.996563,0.87197225,0.52983375,0.6609088,0.824846,0.7511917761904762,0,0,0,0,0,1,0,0.33339,0.25043982626414285,0.023596440430607532,0
7,real_10101,0,real,0,0.035245,0,0.02929,1,1,1,0.613658,0.445614,0.01,2.323239,0.830874,3.457169,-3.98799,3.139238,True,,,sample_0007_real_10101.json,SPECTR,X-Shift,SPECTR | X-Shift,C:\Users\domin\Downloads\jsony\jsony\xshift\sonics,0.328271,0.482693,0.642847,0.260208,0.215292,0.123507,shift,0.05,0.079076,0.000385,1,-0.0059549999999999985,0.0059549999999999985,0.46475500000000003,0.47071,-0.005954999999999988,0.94142,0,0,0,0.613658,0.445614,0.38634199999999996,0.554386,0.470364,0,0,0,0,0.37806828571428575,0.830874,0.61429225,0.003002500000000019,0.6278476000000001,0.671729,0.5209689392857143,0,0,0,0,0,0,0,0.470364,0.24504503415818574,0.23069029605719923,0
7,real_12935,0,real,0,0.205781,0,0.269349,1,1,0,0.694958,0.45515,0.01,2.155234,0.510369,2.441372,-3.992315,3.663172,True,,,sample_0007_real_12935.json,SPECTR,X-Shift,SPECTR | X-Shift,C:\Users\domin\Downloads\jsony\jsony\xshift\sonics,0.268027,0.455216,0.704677,0.205617,0.090806,0.165293,shift,0.05,0.066481,0.000112,1,0.06356800000000001,0.06356800000000001,0.294219,0.230651,0.06356800000000001,0.461302,0,0,0,0.694958,0.45515,0.30504200000000004,0.5448500000000001,0.42494600000000005,0,0,0,0,0.33006685714285716,0.510369,0.36034299999999997,0.0019212499999999855,0.7326344,0.731973,0.4445512511904763,0,0,0,0,0,0,0,0.42494600000000005,0.18891027598838817,0.08714468813399544,0
8,fake_29238_suno_1,1,fake,1,0.968572,1,0.972929,1,1,0,0.305956,0.180516,0.01,4.51662,0.99829,4.950669,-0.503112,4.899868,True,,,sample_0008_fake_29238_suno_1.json,SPECTR,X-Shift,SPECTR | X-Shift,C:\Users\domin\Downloads\jsony\jsony\xshift\sonics,0.002508,0.414118,0.472105,0.19761,0.158383,0.15777,shift,0.05,0.054796,0.000182,1,0.004357000000000055,0.004357000000000055,0.468572,0.47292900000000004,-0.004357000000000055,0.9458580000000001,0,0,0,0.305956,0.180516,0.694044,0.819484,0.756764,1,1,1,1,1.0,0.99829,0.9876672500000001,0.874222,0.9799735999999999,0.997492,0.9729408083333334,1,1,1,1,1,1,1,0.756764,0.7362865778775667,0.6964225499781196,0
8,real_07251,0,real,0,0.102044,0,0.102044,1,1,1,0.673738,0.405573,0.01,,0.0,,0.0,5.0,True,,,sample_0008_real_07251.json,SPECTR,X-Shift,SPECTR | X-Shift,C:\Users\domin\Downloads\jsony\jsony\xshift\sonics,0.0,0.485373,0.627931,0.26843,0.1742,0.079981,shift,0.05,0.0,0.0,1,0.0,0.0,0.397956,0.397956,0.0,0.795912,0,0,0,0.673738,0.405573,0.32626200000000005,0.594427,0.46034450000000005,0,0,0,0,,0.0,,1.0,1.0,1.0,0.75,0,0,0,0,0,0,0,0.46034450000000005,0.345258375,0.274795283763,0
8,real_07252,0,real,0,0.014744,0,0.034168,1,1,0,0.592723,0.461538,0.01,3.423602,0.998022,4.476445,-3.392092,3.602272,True,,,sample_0008_real_07252.json,SPECTR,X-Shift,SPECTR | X-Shift,C:\Users\domin\Downloads\jsony\jsony\xshift\sonics,0.075214,0.443249,0.638923,0.259225,0.100784,0.083376,shift,0.05,0.198656,0.006097,1,0.019423999999999997,0.019423999999999997,0.485256,0.465832,0.019423999999999997,0.931664,0,0,0,0.592723,0.461538,0.407277,0.538462,0.4728695,0,0,0,0,0.6924577142857142,0.998022,0.86911125,0.15197700000000003,0.7204544,0.924786,0.7261347273809524,0,0,0,0,0,1,0,0.4728695,0.34336696546926726,0.31990264051695944,0
8,real_18998,0,real,0,0.223812,0,0.187353,1,1,1,0.807497,0.561338,0.01,4.393652,0.999919,4.995009,-0.252666,4.821559,True,,,sample_0008_real_18998.json,SPECTR,X-Shift,SPECTR | X-Shift,C:\Users\domin\Downloads\jsony\jsony\xshift\sonics,0.011158,0.450269,0.808162,0.285216,0.24128,0.106367,shift,0.05,0.104141,0.017151,1,-0.03645900000000002,0.03645900000000002,0.276188,0.312647,-0.03645900000000002,0.625294,0,0,0,0.807497,0.561338,0.19250299999999998,0.438662,0.3155825,0,0,0,0,0.9696148571428572,0.999919,0.9987522499999999,0.9368335,0.9643117999999999,0.988842,0.9763789011904761,0,0,0,0,0,1,0,0.3155825,0.3081280945849434,0.1926706487753976,0
9,real_06334,0,real,0,0.036459,0,0.006513,1,1,1,0.515143,0.333333,0.01,3.545446,0.994017,4.473332,-3.930039,3.944139,True,,,sample_0009_real_06334.json,SPECTR,X-Shift,SPECTR | X-Shift,C:\Users\domin\Downloads\jsony\jsony\xshift\sonics,0.092541,0.492984,0.614858,0.263114,0.208198,0.187833,shift,0.05,0.174242,0.006382,1,-0.029946,0.029946,0.463541,0.493487,-0.029946000000000028,0.986974,0,0,0,0.515143,0.333333,0.484857,0.666667,0.575762,0,0,0,0,0.7272702857142858,0.994017,0.868333,0.01749025000000004,0.7888278,0.907459,0.7172328892857144,0,0,0,0,0,1,0,0.575762,0.4129554428009215,0.4075762852029967,0
9,real_10022,0,real,0,0.320486,0,0.207232,1,1,0,0.700089,0.422111,0.01,1.3453,0.998911,4.728756,-3.992622,2.760941,True,,,sample_0009_real_10022.json,SPECTR,X-Shift,SPECTR | X-Shift,C:\Users\domin\Downloads\jsony\jsony\xshift\sonics,1.127879,0.456273,0.749647,0.412231,0.221944,0.098928,shift,0.05,0.107822,0.00039,1,-0.113254,0.113254,0.179514,0.29276800000000003,-0.11325400000000002,0.5855360000000001,0,0,0,0.700089,0.422111,0.29991100000000004,0.577889,0.4389,0,0,0,0,0.09865714285714285,0.998911,0.9321889999999999,0.0018445000000000267,0.5521882,0.0,0.43063164047619046,0,0,0,0,0,0,0,0.4389,0.189004227005,0.11066877906359969,0
9,real_13937,0,real,0,0.015592,0,0.016828,1,1,1,0.69547,0.48,0.01,4.383345,0.99983,4.968109,-0.290432,4.178628,True,,,sample_0009_real_13937.json,SPECTR,X-Shift,SPECTR | X-Shift,C:\Users\domin\Downloads\jsony\jsony\xshift\sonics,0.017055,0.473415,0.783296,0.44664,0.112059,0.079495,shift,0.05,0.14357,0.059814,1,0.0012359999999999993,0.0012359999999999993,0.484408,0.483172,0.0012360000000000149,0.966344,0,0,0,0.69547,0.48,0.30452999999999997,0.52,0.412265,0,0,0,0,0.96667,0.99983,0.99202725,0.927392,0.8357256,0.982945,0.9507649749999999,0,0,0,0,0,1,0,0.412265,0.39196712241837495,0.3787750769462621,0
9,real_19731,0,real,0,0.025304,0,0.030221,1,1,0,0.691734,0.352227,0.01,2.748971,0.676173,2.190264,-3.650637,2.986601,True,,,sample_0009_real_19731.json,SPECTR,X-Shift,SPECTR | X-Shift,C:\Users\domin\Downloads\jsony\jsony\xshift\sonics,0.23861,0.521308,0.694129,0.316231,0.249414,0.108717,shift,0.05,0.099141,0.000324,1,0.004917000000000001,0.004917000000000001,0.474696,0.469779,0.004917000000000005,0.939558,0,0,0,0.691734,0.352227,0.30826600000000004,0.6477729999999999,0.4780195,0,0,0,0,0.49970600000000004,0.676173,0.297566,0.08734074999999997,0.5973202,0.76139,0.4865826583333333,0,0,0,0,0,0,0,0.4780195,0.2325959990451708,0.2185374316708826,0
10,fake_01429_suno_1,1,fake,1,0.952207,1,0.968553,1,1,1,0.518602,0.309804,0.01,3.838117,0.997789,4.875216,-1.01544,4.220607,True,,,sample_0010_fake_01429_suno_1.json,SPECTR,X-Shift,SPECTR | X-Shift,C:\Users\domin\Downloads\jsony\jsony\xshift\sonics,0.031121,0.501312,0.52773,0.286773,0.255662,0.207566,shift,0.05,0.095426,0.00047,1,0.01634599999999997,0.01634599999999997,0.452207,0.468553,-0.01634599999999997,0.937106,0,0,0,0.518602,0.309804,0.481398,0.690196,0.585797,0,0,0,0,0.8108905714285715,0.997789,0.968804,0.74614,0.8441214,0.968879,0.8894373285714287,0,0,0,0,0,1,0,0.585797,0.5210297187651572,0.48826007563314144,0
10,fake_18908_suno_1,1,fake,1,0.986005,1,0.997783,1,1,1,0.369713,0.287449,0.01,2.989807,0.905668,4.067717,-2.459156,3.577844,True,,,sample_0010_fake_18908_suno_1.json,SPECTR,X-Shift,SPECTR | X-Shift,C:\Users\domin\Downloads\jsony\jsony\xshift\sonics,0.189223,0.515338,0.510204,0.16269,0.16512,0.182438,shift,0.05,0.23639,0.002532,1,0.011777999999999955,0.011777999999999955,0.486005,0.497783,-0.011777999999999955,0.995566,0,0,0,0.369713,0.287449,0.630287,0.7125509999999999,0.671419,1,1,1,1,0.5685162857142857,0.905668,0.76692925,0.38521099999999997,0.7155688,0.810777,0.6921117226190475,1,1,1,1,1,0,0,0.671419,0.4646969606891583,0.4626364943654625,0
10,fake_46798_udio_1,1,fake,1,0.925904,1,0.824665,1,1,1,0.389147,0.165829,0.01,3.563746,0.952273,4.11594,-2.191668,3.356395,True,,,sample_0010_fake_46798_udio_1.json,SPECTR,X-Shift,SPECTR | X-Shift,C:\Users\domin\Downloads\jsony\jsony\xshift\sonics,0.106327,0.464325,0.520971,0.130529,0.096244,0.22687,shift,0.05,0.08677,0.00031,1,-0.10123899999999997,0.10123899999999997,0.42590399999999995,0.324665,0.10123899999999997,0.64933,0,0,0,0.389147,0.165829,0.610853,0.834171,0.722512,1,1,1,1,0.7324988571428571,0.952273,0.778985,0.452083,0.671279,0.8936729999999999,0.7467986428571428,1,1,1,1,1,1,1,0.722512,0.539570981048,0.35035962512389784,0
10,fake_50637_suno_0,1,fake,1,0.986509,1,0.985624,1,1,0,0.497472,0.393162,0.01,4.131433,0.990988,4.779606,-1.104483,4.38699,True,,,sample_0010_fake_50637_suno_0.json,SPECTR,X-Shift,SPECTR | X-Shift,C:\Users\domin\Downloads\jsony\jsony\xshift\sonics,0.028719,0.535381,0.562881,0.270202,0.27064,0.126446,shift,0.05,0.076698,0.000279,1,-0.0008850000000000247,0.0008850000000000247,0.48650899999999997,0.48562399999999994,0.0008850000000000247,0.9712479999999999,0,0,0,0.497472,0.393162,0.502528,0.606838,0.554683,0,0,0,0,0.8946951428571429,0.990988,0.9449015000000001,0.72387925,0.877398,0.971281,0.9005238154761904,0,0,0,0,0,1,0,0.554683,0.49950525153977976,0.48514347654750795,0
11,real_07265,0,real,0,0.070582,0,0.074874,1,1,0,0.875336,0.650602,0.01,3.997608,0.99833,4.49488,-1.099172,3.44989,True,,,sample_0011_real_07265.json,SPECTR,X-Shift,SPECTR | X-Shift,C:\Users\domin\Downloads\jsony\jsony\xshift\sonics,0.029066,0.428949,0.8095,0.388192,0.207804,0.062667,shift,0.05,0.076275,0.001568,1,0.00429199999999999,0.00429199999999999,0.42941799999999997,0.425126,0.0042919999999999625,0.850252,0,0,0,0.875336,0.650602,0.124664,0.349398,0.237031,0,0,0,0,0.8564594285714285,0.99833,0.87372,0.7252069999999999,0.689978,0.970934,0.8524380714285714,0,0,0,0,0,1,0,0.237031,0.2020542485087857,0.17179702890309206,0
11,real_09534,0,real,0,0.073964,0,0.02629,1,1,1,0.639285,0.563492,0.01,,0.995198,4.537969,-2.36783,3.88923,True,,,sample_0011_real_09534.json,SPECTR,X-Shift,SPECTR | X-Shift,C:\Users\domin\Downloads\jsony\jsony\xshift\sonics,0.035589,0.469451,0.778657,0.343728,0.207212,0.168023,shift,0.05,0.152466,0.001645,1,-0.047674,0.047674,0.42603599999999997,0.47371,-0.04767400000000005,0.94742,0,0,0,0.639285,0.563492,0.360715,0.436508,0.3986115,0,0,0,0,,0.995198,0.8844922500000001,0.4080425,0.777846,0.964411,0.8059979500000001,0,0,0,0,0,0,0,0.3986115,0.32128005184642505,0.30438714672034006,0
11,real_12741,0,real,1,0.524701,0,0.486083,0,1,0,0.854298,0.564912,0.01,2.498427,0.999582,4.232248,-3.114539,3.426139,True,,,sample_0011_real_12741.json,SPECTR,X-Shift,SPECTR | X-Shift,C:\Users\domin\Downloads\jsony\jsony\xshift\sonics,0.160972,0.423745,0.832523,0.422733,0.159884,0.072336,shift,0.05,0.064021,0.000673,0,-0.038617999999999986,0.038617999999999986,0.024700999999999973,0.013917000000000013,0.01078399999999996,0.027834000000000025,1,1,1,0.854298,0.564912,0.145702,0.43508800000000003,0.290395,0,0,0,0,0.428122,0.999582,0.8080620000000001,0.22136524999999996,0.6852278,0.839028,0.6635645083333332,0,0,0,0,0,0,0,0.0,0.0,0.0,-1
11,real_13325,0,real,0,0.019523,0,0.006786,1,1,0,0.510855,0.286385,0.01,3.456059,0.852591,3.853555,-2.593659,4.036339,True,,,sample_0011_real_13325.json,SPECTR,X-Shift,SPECTR | X-Shift,C:\Users\domin\Downloads\jsony\jsony\xshift\sonics,0.197293,0.469555,0.626202,0.167521,0.124632,0.110171,shift,0.05,0.216596,0.001823,1,-0.012736999999999998,0.012736999999999998,0.480477,0.493214,-0.012736999999999998,0.986428,0,0,0,0.510855,0.286385,0.48914500000000005,0.713615,0.60138,0,1,1,0,0.7017311428571429,0.852591,0.71338875,0.35158524999999996,0.8072678,0.8027070000000001,0.7048784904761906,0,1,1,0,0,1,0,0.60138,0.4238998266025715,0.41814665815592134,0
12,fake_13581_udio_0,1,fake,1,0.943562,1,0.961393,1,1,0,0.156043,0.115385,0.01,3.744141,0.907012,3.887054,-2.67718,3.396148,True,,,sample_0012_fake_13581_udio_0.json,SPECTR,X-Shift,SPECTR | X-Shift,C:\Users\domin\Downloads\jsony\jsony\xshift\sonics,0.0848,0.51394,0.565517,0.193377,0.160813,0.097137,shift,0.05,0.078527,0.0003,1,0.01783100000000004,0.01783100000000004,0.443562,0.46139300000000005,-0.01783100000000004,0.9227860000000001,0,0,0,0.156043,0.115385,0.8439570000000001,0.884615,0.8642860000000001,1,1,1,1,0.7840402857142857,0.907012,0.7217635,0.330705,0.6792296,0.9152,0.7229917309523811,1,1,1,1,1,1,1,0.8642860000000001,0.6248716311779098,0.5766227930481387,0
12,real_00689,0,real,0,0.01097,0,0.010392,1,1,1,0.776907,0.47541,0.01,4.13278,0.99419,4.769973,-0.384582,4.291317,True,,,sample_0012_real_00689.json,SPECTR,X-Shift,SPECTR | X-Shift,C:\Users\domin\Downloads\jsony\jsony\xshift\sonics,0.022738,0.467609,0.63813,0.295197,0.170768,0.084221,shift,0.05,0.064118,0.002609,1,-0.0005780000000000004,0.0005780000000000004,0.48903,0.489608,-0.0005779999999999674,0.979216,0,0,0,0.776907,0.47541,0.22309299999999999,0.52459,0.3738415,0,0,0,0,0.8950800000000001,0.99419,0.9424932500000001,0.9038545,0.8582634,0.977262,0.9285238583333334,0,0,0,0,0,1,0,0.3738415,0.3471207519851208,0.33990619427586205,0
12,real_03041,0,real,0,0.313033,0,0.198326,1,1,0,0.596249,0.359712,0.01,3.293013,0.917203,4.090539,-1.941374,3.627299,True,,,sample_0012_real_03041.json,SPECTR,X-Shift,SPECTR | X-Shift,C:\Users\domin\Downloads\jsony\jsony\xshift\sonics,0.068786,0.377047,0.573985,0.15686,0.082259,0.155914,shift,0.05,0.074039,0.000381,1,-0.114707,0.114707,0.186967,0.301674,-0.114707,0.603348,0,0,0,0.596249,0.359712,0.40375099999999997,0.640288,0.5220195,0,0,0,0,0.6551465714285715,0.917203,0.7726347499999999,0.5146565000000001,0.7254598,0.931214,0.7527191035714286,0,0,0,0,0,1,0,0.5220195,0.3929340500868053,0.23707597325177382,0
12,real_11262,0,real,1,0.93651,1,0.924974,0,0,0,0.852258,0.661692,0.01,4.385934,0.999131,4.91528,-0.651771,4.668185,True,,,sample_0012_real_11262.json,SPECTR,X-Shift,SPECTR | X-Shift,C:\Users\domin\Downloads\jsony\jsony\xshift\sonics,0.016154,0.378683,0.809817,0.381693,0.063815,0.069472,shift,0.05,0.068658,0.00116,1,-0.01153599999999999,0.01153599999999999,0.43650999999999995,0.42497399999999996,0.01153599999999999,0.8499479999999999,0,0,0,0.852258,0.661692,0.14774200000000004,0.33830800000000005,0.24302500000000005,0,0,0,0,0.9674097142857142,0.999131,0.97882,0.83705725,0.933637,0.983846,0.949983494047619,0,0,0,0,0,1,0,0.24302500000000005,0.23086973864092264,0.1962272726183749,0
13,fake_13018_udio_0,1,fake,1,0.953723,1,0.944629,1,1,0,0.462772,0.120773,0.01,,0.997872,4.557877,-1.555558,3.435631,True,,,sample_0013_fake_13018_udio_0.json,SPECTR,X-Shift,SPECTR | X-Shift,C:\Users\domin\Downloads\jsony\jsony\xshift\sonics,0.017559,0.464332,0.50872,0.176128,0.123616,0.170197,shift,0.05,0.084677,0.00079,1,-0.009093999999999935,0.009093999999999935,0.453723,0.44462900000000005,0.009093999999999935,0.8892580000000001,0,0,0,0.462772,0.120773,0.537228,0.879227,0.7082275,0,1,1,0,,0.997872,0.8894692500000001,0.6111105,0.6871262,0.982441,0.83360379,0,1,1,0,0,0,0,0.7082275,0.590381128182225,0.5250011412850691,0
13,fake_14334_suno_1,1,fake,1,0.959377,1,0.940773,1,1,1,0.470863,0.323741,0.01,3.917518,0.954331,4.507986,-1.852484,4.134286,True,,,sample_0013_fake_14334_suno_1.json,SPECTR,X-Shift,SPECTR | X-Shift,C:\Users\domin\Downloads\jsony\jsony\xshift\sonics,0.106993,0.450537,0.512849,0.179425,0.117963,0.15848,shift,0.05,0.083107,0.000483,1,-0.018604000000000065,0.018604000000000065,0.45937700000000004,0.44077299999999997,0.018604000000000065,0.8815459999999999,0,0,0,0.470863,0.323741,0.529137,0.6762589999999999,0.602698,0,0,0,0,0.8335765714285713,0.954331,0.8769965,0.536879,0.8268572000000001,0.893007,0.8202745452380952,0,0,0,0,0,1,0,0.602698,0.49437782786590945,0.43581679664388095,0
13,fake_46348_udio_1,1,fake,1,0.961091,1,0.975409,1,1,1,0.53012,0.389222,0.01,2.854233,0.992876,4.641686,-1.630051,3.488629,True,,,sample_0013_fake_46348_udio_1.json,SPECTR,X-Shift,SPECTR | X-Shift,C:\Users\domin\Downloads\jsony\jsony\xshift\sonics,0.139039,0.553558,0.57909,0.166849,0.131536,0.197784,shift,0.05,0.064483,0.000146,1,0.014317999999999942,0.014317999999999942,0.46109100000000003,0.47540899999999997,-0.014317999999999942,0.9508179999999999,0,0,0,0.53012,0.389222,0.46987999999999996,0.610778,0.5403290000000001,0,0,0,0,0.529780857142857,0.992876,0.9104215,0.59248725,0.6977258,0.860961,0.7640420678571428,0,0,0,0,0,0,0,0.5403290000000001,0.41283408648318215,0.39253008044176624,0
13,real_13270,0,real,0,0.40863,1,0.611827,1,0,0,0.436616,0.27044,0.01,3.267091,0.652754,2.440387,-1.54945,2.726547,True,,,sample_0013_real_13270.json,SPECTR,X-Shift,SPECTR | X-Shift,C:\Users\domin\Downloads\jsony\jsony\xshift\sonics,0.377014,0.392189,0.504356,0.147722,0.128677,0.201687,shift,0.05,0.066441,0.000458,0,0.20319700000000002,0.20319700000000002,0.09137,0.11182700000000001,-0.020457000000000003,0.22365400000000002,0,0,0,0.436616,0.27044,0.563384,0.72956,0.6464719999999999,0,1,1,0,0.6477402857142858,0.652754,0.36009674999999997,0.6126375,0.5453094,0.622986,0.5735873226190477,0,0,0,0,0,0,0,0.0,0.0,0.0,1
14,fake_30470_udio_1,1,fake,1,0.983061,1,0.986379,1,1,1,0.440778,0.148515,0.01,3.174785,0.939311,3.974181,-2.201474,3.034405,True,,,sample_0014_fake_30470_udio_1.json,SPECTR,X-Shift,SPECTR | X-Shift,C:\Users\domin\Downloads\jsony\jsony\xshift\sonics,0.340387,0.53833,0.552153,0.092114,0.082644,0.106085,shift,0.05,0.066394,0.000203,1,0.003318000000000043,0.003318000000000043,0.48306099999999996,0.486379,-0.003318000000000043,0.972758,0,0,0,0.440778,0.148515,0.559222,0.851485,0.7053535,0,1,1,0,0.6213671428571429,0.939311,0.74354525,0.44963149999999996,0.606881,0.659613,0.6700581488095237,0,1,1,0,0,1,0,0.7053535,0.4726278604663184,0.45975253229149493,0
14,fake_46574_suno_1,1,fake,1,0.973303,1,0.929235,1,1,1,0.267289,0.122449,0.01,4.484061,0.999313,4.971838,-0.429889,4.933243,True,,,sample_0014_fake_46574_suno_1.json,SPECTR,X-Shift,SPECTR | X-Shift,C:\Users\domin\Downloads\jsony\jsony\xshift\sonics,0.010656,0.446059,0.563506,0.316964,0.154235,0.089535,shift,0.05,0.189361,0.012562,1,-0.044067999999999996,0.044067999999999996,0.47330300000000003,0.42923500000000003,0.044067999999999996,0.8584700000000001,0,0,0,0.267289,0.122449,0.732711,0.877551,0.805131,1,1,1,1,0.9954459999999999,0.999313,0.9929595,0.89252775,0.9866486,0.989344,0.9760398083333333,1,1,1,1,1,1,1,0.805131,0.785839906923225,0.6746199848963811,0
14,real_00224,0,real,0,0.017777,1,0.792171,1,0,0,0.729764,0.514403,0.01,3.321164,0.998181,3.7516,-2.859946,2.664498,True,,,sample_0014_real_00224.json,SPECTR,X-Shift,SPECTR | X-Shift,C:\Users\domin\Downloads\jsony\jsony\xshift\sonics,0.105869,0.349223,0.748727,0.371368,0.06757,0.092885,shift,0.05,0.26839,0.003893,0,0.7743939999999999,0.7743939999999999,0.482223,0.29217099999999996,0.19005200000000005,0.5843419999999999,0,0,0,0.729764,0.514403,0.27023600000000003,0.48559699999999995,0.3779165,0,0,0,0,0.6631897142857143,0.998181,0.6879,0.28501350000000003,0.5328996,0.894131,0.6768858023809524,0,0,0,0,0,1,0,0.0,0.0,0.0,1
14,real_12041,0,real,0,0.166397,0,0.022139,1,1,0,0.638167,0.409283,0.01,3.343098,0.983833,4.016271,-3.988028,3.826565,True,,,sample_0014_real_12041.json,SPECTR,X-Shift,SPECTR | X-Shift,C:\Users\domin\Downloads\jsony\jsony\xshift\sonics,0.207685,0.352219,0.645508,0.281727,0.109529,0.150819,shift,0.05,0.238619,0.04686,1,-0.144258,0.144258,0.333603,0.477861,-0.144258,0.955722,0,0,0,0.638167,0.409283,0.36183299999999996,0.5907169999999999,0.47627499999999995,0,0,0,0,0.6694565714285714,0.983833,0.7540677499999999,0.0029930000000000234,0.765313,0.792315,0.6613297202380951,0,0,0,0,0,1,0,0.47627499999999995,0.3149748125063987,0.3010283577582404,0
15,fake_09896_suno_1,1,fake,0,0.010297,0,0.010089,0,0,1,0.498583,0.259259,0.01,4.58391,0.999861,4.998809,-0.095769,4.997943,True,,,sample_0015_fake_09896_suno_1.json,SPECTR,X-Shift,SPECTR | X-Shift,C:\Users\domin\Downloads\jsony\jsony\xshift\sonics,0.00202,0.488205,0.54711,0.162057,0.10566,0.156895,shift,0.05,0.095686,0.018616,1,-0.00020799999999999985,0.00020799999999999985,0.489703,0.489911,-0.00020799999999998597,0.979822,0,0,0,0.498583,0.259259,0.501417,0.740741,0.6210789999999999,0,1,1,0,1.0,0.999861,0.9997022499999999,0.97605775,0.9995886,0.99798,0.9955316,0,1,1,0,0,1,0,0.6210789999999999,0.6183037705964,0.6058276371133058,0
15,fake_43253_udio_0,1,fake,1,0.95284,1,0.957509,1,1,1,0.779933,0.333333,0.01,3.621796,0.999644,4.652939,-2.153999,3.036604,True,,,sample_0015_fake_43253_udio_0.json,SPECTR,X-Shift,SPECTR | X-Shift,C:\Users\domin\Downloads\jsony\jsony\xshift\sonics,0.149835,0.452,0.552977,0.148942,0.083062,0.148635,shift,0.05,0.082058,0.000941,1,0.004669000000000034,0.004669000000000034,0.45284,0.45750900000000005,-0.004669000000000034,0.9150180000000001,0,0,0,0.779933,0.333333,0.220067,0.666667,0.443367,0,0,0,0,0.7490845714285713,0.999644,0.91323475,0.46150024999999995,0.6073208,0.8501650000000001,0.763491561904762,0,0,0,0,0,1,0,0.443367,0.3385069633270286,0.3097399645695711,0
15,fake_49262_suno_1,1,fake,1,0.970632,1,0.958837,1,1,1,0.546599,0.263804,0.01,4.166696,0.986509,4.636378,-0.924558,3.842697,True,,,sample_0015_fake_49262_suno_1.json,SPECTR,X-Shift,SPECTR | X-Shift,C:\Users\domin\Downloads\jsony\jsony\xshift\sonics,0.01779,0.551163,0.530544,0.179926,0.188937,0.171993,shift,0.05,0.069155,0.000631,1,-0.011795,0.011795,0.47063200000000005,0.45883700000000005,0.011795,0.9176740000000001,0,0,0,0.546599,0.263804,0.45340100000000005,0.7361960000000001,0.5947985,0,1,1,0,0.9047702857142857,0.986509,0.9090944999999999,0.7688605,0.7685394,0.98221,0.8866639476190477,0,1,1,0,0,1,0,0.5947985,0.5273863860478881,0.4839687744301097,0
15,real_12285,0,real,0,0.393704,0,0.437478,1,1,1,0.631573,0.512,0.01,4.09082,0.999681,4.667369,-3.981896,4.148713,True,,,sample_0015_real_12285.json,SPECTR,X-Shift,SPECTR | X-Shift,C:\Users\domin\Downloads\jsony\jsony\xshift\sonics,0.05701,0.380488,0.654342,0.373297,0.192925,0.097412,shift,0.05,0.059425,0.001671,1,0.04377399999999998,0.04377399999999998,0.106296,0.06252200000000002,0.04377399999999998,0.12504400000000004,0,1,1,0.631573,0.512,0.36842699999999995,0.488,0.42821349999999997,0,0,0,0,0.8830914285714285,0.999681,0.91684225,0.00452600000000003,0.8297426,0.94299,0.7628122130952381,0,0,0,0,0,1,0,0.42821349999999997,0.3266464876122577,0.040845183396987166,0
16,fake_24388_suno_1,1,fake,1,0.947162,1,0.952753,1,1,0,0.541532,0.295597,0.01,3.959074,0.981938,4.021281,-2.133475,3.392214,True,,,sample_0016_fake_24388_suno_1.json,SPECTR,X-Shift,SPECTR | X-Shift,C:\Users\domin\Downloads\jsony\jsony\xshift\sonics,0.092947,0.470793,0.512042,0.166976,0.135871,0.165763,shift,0.05,0.072345,0.000251,1,0.005591000000000013,0.005591000000000013,0.44716199999999995,0.45275299999999996,-0.005591000000000013,0.9055059999999999,0,0,0,0.541532,0.295597,0.458468,0.704403,0.5814355,0,1,1,0,0.8454497142857144,0.981938,0.75532025,0.46663125000000005,0.6784428,0.907053,0.7724725023809524,0,1,1,0,0,1,0,0.5814355,0.44914293565812025,0.4067016230960418,0
16,fake_25170_suno_0,1,fake,1,0.982017,1,0.988647,1,1,1,0.59913,0.389706,0.01,4.528185,0.999503,4.994299,-0.235962,4.988512,True,,,sample_0016_fake_25170_suno_0.json,SPECTR,X-Shift,SPECTR | X-Shift,C:\Users\domin\Downloads\jsony\jsony\xshift\sonics,0.001875,0.52555,0.554253,0.274688,0.217426,0.16779,shift,0.05,0.171135,0.017159,1,0.006630000000000025,0.006630000000000025,0.48201700000000003,0.48864700000000005,-0.006630000000000025,0.9772940000000001,0,0,0,0.59913,0.389706,0.40086999999999995,0.610294,0.505582,0,0,0,0,1.0,0.999503,0.99857475,0.9410095,0.9977024,0.998125,0.9891524416666666,0,0,0,0,0,1,0,0.505582,0.5000976697627166,0.4887424520730844,0
16,real_00268,0,real,1,0.828106,0,0.103237,0,1,0,0.759005,0.462687,0.01,4.025197,0.989714,4.30893,-1.615728,3.647309,True,,,sample_0016_real_00268.json,SPECTR,X-Shift,SPECTR | X-Shift,C:\Users\domin\Downloads\jsony\jsony\xshift\sonics,0.073799,0.424896,0.748147,0.342738,0.157471,0.104183,shift,0.05,0.212635,0.008923,0,-0.724869,0.724869,0.328106,0.396763,-0.06865699999999997,0.793526,0,0,0,0.759005,0.462687,0.24099499999999996,0.5373129999999999,0.38915399999999994,0,0,0,0,0.864342,0.989714,0.8272325,0.596068,0.7294617999999999,0.926201,0.8221698833333333,0,0,0,0,0,1,0,0.0,0.0,0.0,-1
16,real_06665,0,real,0,0.376892,0,0.339403,1,1,1,0.912352,0.645933,0.01,3.633986,0.968724,4.129047,-3.052034,4.00575,True,,,sample_0016_real_06665.json,SPECTR,X-Shift,SPECTR | X-Shift,C:\Users\domin\Downloads\jsony\jsony\xshift\sonics,0.191483,0.450054,0.837371,0.503265,0.111955,0.063625,shift,0.05,0.0742,0.004501,1,-0.037488999999999995,0.037488999999999995,0.123108,0.160597,-0.037488999999999995,0.321194,0,0,0,0.912352,0.645933,0.08764799999999995,0.354067,0.22085749999999998,0,0,0,0,0.7525674285714287,0.968724,0.78226175,0.23699150000000002,0.80115,0.808517,0.7250352797619048,0,0,0,0,0,1,0,0.22085749999999998,0.1601294793000149,0.05143262797428898,0
17,fake_18041_udio_1,1,fake,1,0.989428,1,0.988262,1,1,1,0.60469,0.364706,0.01,4.003066,0.986144,4.705107,-1.8202,4.08058,True,,,sample_0017_fake_18041_udio_1.json,SPECTR,X-Shift,SPECTR | X-Shift,C:\Users\domin\Downloads\jsony\jsony\xshift\sonics,0.03841,0.43858,0.495033,0.159595,0.135909,0.188265,shift,0.05,0.090443,0.00055,1,-0.0011660000000000004,0.0011660000000000004,0.489428,0.488262,0.0011660000000000004,0.976524,0,0,0,0.60469,0.364706,0.39531000000000005,0.635294,0.515302,0,0,0,0,0.858018857142857,0.986144,0.92627675,0.54495,0.8161160000000001,0.96159,0.848849267857143,0,0,0,0,0,1,0,0.515302,0.43741372542532153,0.42714500080723666,0
17,fake_38961_udio_0,1,fake,1,0.972802,1,0.966067,1,1,1,0.60268,0.177665,0.01,4.373449,0.999788,4.843056,-0.399477,4.150736,True,,,sample_0017_fake_38961_udio_0.json,SPECTR,X-Shift,SPECTR | X-Shift,C:\Users\domin\Downloads\jsony\jsony\xshift\sonics,0.034577,0.411063,0.446399,0.168736,0.118733,0.164947,shift,0.05,0.111859,0.006279,1,-0.0067349999999999355,0.0067349999999999355,0.47280199999999994,0.466067,0.0067349999999999355,0.932134,0,0,0,0.60268,0.177665,0.39732,0.822335,0.6098275,0,1,1,0,0.9638425714285714,0.999788,0.960764,0.90013075,0.8301472000000001,0.965423,0.9366825869047619,0,1,1,0,0,1,0,0.6098275,0.5712148002656636,0.5324487366308341,0
17,real_19661,0,real,0,0.292505,0,0.127951,1,1,0,0.578208,0.4102,0.01,1.557572,0.342164,1.627737,-3.752271,2.408976,True,,,sample_0017_real_19661.json,SPECTR,X-Shift,SPECTR | X-Shift,C:\Users\domin\Downloads\jsony\jsony\xshift\sonics,0.168873,0.498472,0.652926,0.281912,0.216158,0.151496,shift,0.05,0.068766,0.000111,1,-0.164554,0.164554,0.20749499999999999,0.37204899999999996,-0.16455399999999998,0.7440979999999999,0,0,0,0.578208,0.4102,0.42179199999999994,0.5898,0.5057959999999999,0,0,0,0,0.1593062857142857,0.342164,0.15693425,0.06193225000000002,0.4817952,0.831127,0.33887649761904765,0,0,0,0,0,0,0,0.5057959999999999,0.1714023769897238,0.12754016591329947,0
17,real_20757,0,real,0,0.243013,0,0.130322,1,1,1,0.700568,0.454545,0.01,4.193817,0.893469,3.557118,-1.661066,3.037131,True,,,sample_0017_real_20757.json,SPECTR,X-Shift,SPECTR | X-Shift,C:\Users\domin\Downloads\jsony\jsony\xshift\sonics,0.059521,0.434825,0.621917,0.250996,0.132523,0.107299,shift,0.05,0.061336,0.000163,1,-0.11269100000000001,0.11269100000000001,0.25698699999999997,0.369678,-0.11269100000000004,0.739356,0,0,0,0.700568,0.454545,0.29943200000000003,0.545455,0.4224435,0,0,0,0,0.9125191428571429,0.893469,0.6392795,0.5847335,0.6074262,0.940479,0.7629843904761905,0,0,0,0,0,1,0,0.4224435,0.32231779635812857,0.2383075966441605,0
18,fake_14886_suno_0,1,fake,1,0.947674,1,0.955622,1,1,1,0.560468,0.303704,0.01,3.549569,0.995451,4.898752,-1.2571,3.738384,True,,,sample_0018_fake_14886_suno_0.json,SPECTR,X-Shift,SPECTR | X-Shift,C:\Users\domin\Downloads\jsony\jsony\xshift\sonics,0.086972,0.509893,0.553031,0.199672,0.144986,0.180456,shift,0.05,0.087786,0.000543,1,0.007947999999999955,0.007947999999999955,0.447674,0.45562199999999997,-0.007947999999999955,0.9112439999999999,0,0,0,0.560468,0.303704,0.43953200000000003,0.696296,0.567914,0,0,0,0,0.7284482857142857,0.995451,0.974688,0.6857249999999999,0.7476768,0.913028,0.8408361809523809,0,0,0,0,0,1,0,0.567914,0.47752263886939045,0.4351396395338988,0
18,fake_42122_suno_1,1,fake,1,0.962436,1,0.973782,1,1,1,0.384522,0.303797,0.01,4.434099,0.996127,4.860706,-0.7196,4.50968,True,,,sample_0018_fake_42122_suno_1.json,SPECTR,X-Shift,SPECTR | X-Shift,C:\Users\domin\Downloads\jsony\jsony\xshift\sonics,0.011206,0.517017,0.536013,0.111465,0.118383,0.168943,shift,0.05,0.10232,0.001467,1,0.011346000000000078,0.011346000000000078,0.46243599999999996,0.47378200000000004,-0.011346000000000078,0.9475640000000001,0,0,0,0.384522,0.303797,0.615478,0.696203,0.6558405,1,0,1,0,0.9811711428571428,0.996127,0.9651765000000001,0.8201,0.9019360000000001,0.988794,0.9422174404761906,1,0,1,0,0,1,0,0.6558405,0.6179443572706251,0.5855418269527827,0
18,real_11244,0,real,0,0.012558,0,0.012995,1,1,1,0.705039,0.577982,0.01,,0.99994,4.904987,-3.981369,4.749075,True,,,sample_0018_real_11244.json,SPECTR,X-Shift,SPECTR | X-Shift,C:\Users\domin\Downloads\jsony\jsony\xshift\sonics,0.073292,0.416113,0.749934,0.438859,0.233552,0.093944,shift,0.05,0.078873,0.017334,1,0.0004369999999999999,0.0004369999999999999,0.487442,0.487005,0.0004369999999999652,0.97401,0,0,0,0.705039,0.577982,0.29496100000000003,0.422018,0.3584895,0,0,0,0,,0.99994,0.97624675,0.004657750000000016,0.9498150000000001,0.926708,0.7714735,0,0,0,0,0,0,0,0.3584895,0.27656514927825004,0.26937722104850836,0
18,real_19119,0,real,0,0.198344,1,0.907268,1,0,0,0.604058,0.383886,0.01,4.07156,0.88223,3.895993,-3.449421,3.240926,True,,,sample_0018_real_19119.json,SPECTR,X-Shift,SPECTR | X-Shift,C:\Users\domin\Downloads\jsony\jsony\xshift\sonics,0.105409,0.499265,0.676524,0.192833,0.133355,0.118071,shift,0.05,0.102321,0.004509,0,0.708924,0.708924,0.30165600000000004,0.40726799999999996,-0.10561199999999993,0.8145359999999999,0,0,0,0.604058,0.383886,0.395942,0.616114,0.506028,0,0,0,0,0.8775885714285714,0.88223,0.72399825,0.13764474999999998,0.6481852,0.894591,0.6940396285714284,0,0,0,0,0,1,0,0.0,0.0,0.0,1
19,fake_06014_udio_0,1,fake,1,0.928647,1,0.960891,1,1,1,0.73648,0.406061,0.01,,0.9988,4.711483,-3.776368,4.124657,True,,,sample_0019_fake_06014_udio_0.json,SPECTR,X-Shift,SPECTR | X-Shift,C:\Users\domin\Downloads\jsony\jsony\xshift\sonics,0.048873,0.413546,0.439847,0.102285,0.071583,0.232295,shift,0.05,0.108384,0.001884,1,0.03224400000000005,0.03224400000000005,0.428647,0.46089100000000005,-0.03224400000000005,0.9217820000000001,0,0,0,0.73648,0.406061,0.26352,0.593939,0.4287295,0,0,0,0,,0.9988,0.9278707500000001,0.05590799999999996,0.8249314,0.9511270000000001,0.7517274300000001,0,0,0,0,0,0,0,0.4287295,0.322287725200185,0.29707902391047697,0
19,fake_32764_suno_0,1,fake,1,0.949883,1,0.948529,1,1,1,0.485632,0.333333,0.01,4.04754,0.968356,4.416133,-1.78224,3.7816,True,,,sample_0019_fake_32764_suno_0.json,SPECTR,X-Shift,SPECTR | X-Shift,C:\Users\domin\Downloads\jsony\jsony\xshift\sonics,0.019802,0.496267,0.537199,0.25023,0.227123,0.183539,shift,0.05,0.091472,0.000392,1,-0.0013540000000000774,0.0013540000000000774,0.44988300000000003,0.44852899999999996,0.0013540000000000774,0.8970579999999999,0,0,0,0.485632,0.333333,0.5143679999999999,0.666667,0.5905175,0,0,0,0,0.8707257142857142,0.968356,0.8540332500000001,0.55444,0.75632,0.980198,0.8306788273809523,0,0,0,0,0,1,0,0.5905175,0.49053038444793157,0.44003420561209255,0
19,real_06824,0,real,0,0.05629,0,0.071515,1,1,1,0.611415,0.396825,0.01,3.583085,0.995528,4.448628,-1.878489,4.012251,True,,,sample_0019_real_06824.json,SPECTR,X-Shift,SPECTR | X-Shift,C:\Users\domin\Downloads\jsony\jsony\xshift\sonics,0.090541,0.455691,0.730773,0.332588,0.148484,0.195664,shift,0.05,0.096707,0.001343,1,0.015224999999999995,0.015224999999999995,0.44371,0.428485,0.015224999999999989,0.85697,0,0,0,0.611415,0.396825,0.38858499999999996,0.603175,0.49588,0,0,0,0,0.7380242857142857,0.995528,0.8621570000000001,0.53037775,0.8024502,0.909459,0.8063327059523809,0,0,0,0,0,1,0,0.49588,0.39984426222766667,0.3426545374012435,0
19,real_09833,0,real,0,0.102044,0,0.102044,1,1,1,0.776449,0.265152,0.01,,0.0,,0.0,5.0,True,,,sample_0019_real_09833.json,SPECTR,X-Shift,SPECTR | X-Shift,C:\Users\domin\Downloads\jsony\jsony\xshift\sonics,0.0,0.407133,0.576071,0.204129,0.110081,0.066493,shift,0.05,0.0,0.0,1,0.0,0.0,0.397956,0.397956,0.0,0.795912,0,0,0,0.776449,0.265152,0.22355100000000006,0.734848,0.4791995,0,1,1,0,,0.0,,1.0,1.0,1.0,0.75,0,1,1,0,0,0,0,0.4791995,0.359399625,0.28605047433299996,0
20,fake_09727_udio_1,1,fake,1,0.938023,1,0.974534,1,1,1,0.635866,0.274725,0.01,3.789495,0.999197,4.88352,-3.931474,4.507502,True,,,sample_0020_fake_09727_udio_1.json,SPECTR,X-Shift,SPECTR | X-Shift,C:\Users\domin\Downloads\jsony\jsony\xshift\sonics,0.04581,0.34205,0.369943,0.146028,0.10628,0.254776,shift,0.05,0.267329,0.022987,1,0.03651099999999996,0.03651099999999996,0.43802300000000005,0.474534,-0.03651099999999996,0.949068,0,0,0,0.635866,0.274725,0.36413399999999996,0.725275,0.5447044999999999,0,1,1,0,0.7969985714285714,0.999197,0.97088,0.017131499999999966,0.9015004,0.95419,0.7733162452380952,0,1,1,0,0,1,0,0.5447044999999999,0.42122883870429395,0.39977481149140687,0
20,fake_41199_suno_0,1,fake,1,0.684031,1,0.838166,1,1,1,0.487415,0.310638,0.01,3.907565,0.982223,4.529672,-1.210343,3.517439,True,,,sample_0020_fake_41199_suno_0.json,SPECTR,X-Shift,SPECTR | X-Shift,C:\Users\domin\Downloads\jsony\jsony\xshift\sonics,0.043056,0.503657,0.54439,0.316469,0.303138,0.125803,shift,0.05,0.08158,0.000363,1,0.15413500000000002,0.15413500000000002,0.18403099999999994,0.33816599999999997,-0.15413500000000002,0.6763319999999999,0,0,0,0.487415,0.310638,0.5125850000000001,0.689362,0.6009735,0,0,0,0,0.8307328571428572,0.982223,0.8824179999999999,0.69741425,0.7034878,0.956944,0.8422033178571429,0,0,0,0,0,1,0,0.6009735,0.5061418756442196,0.34231994703820634,0
20,real_00193,0,real,0,0.054188,0,0.057647,1,1,0,0.657463,0.392713,0.01,3.939353,0.919306,3.785937,-2.265504,2.718736,True,,,sample_0020_real_00193.json,SPECTR,X-Shift,SPECTR | X-Shift,C:\Users\domin\Downloads\jsony\jsony\xshift\sonics,0.073012,0.454236,0.592266,0.216207,0.175079,0.216212,shift,0.05,0.264967,0.006812,1,0.003458999999999997,0.003458999999999997,0.445812,0.442353,0.00345899999999999,0.884706,0,0,0,0.657463,0.392713,0.342537,0.607287,0.474912,0,0,0,0,0.8398151428571429,0.919306,0.69648425,0.433624,0.5437472,0.926988,0.7266607654761904,0,0,0,0,0,1,0,0.474912,0.34509991745382856,0.30531196757090684,0
20,real_06651,0,real,0,0.197359,0,0.072524,1,1,1,0.690808,0.405556,0.01,1.358764,0.59415,1.727645,-3.857548,3.381166,True,,,sample_0020_real_06651.json,SPECTR,X-Shift,SPECTR | X-Shift,C:\Users\domin\Downloads\jsony\jsony\xshift\sonics,0.480318,0.487492,0.654058,0.250976,0.195345,0.141772,shift,0.05,0.079267,0.000149,1,-0.124835,0.124835,0.302641,0.42747599999999997,-0.12483499999999997,0.8549519999999999,0,0,0,0.690808,0.405556,0.309192,0.594444,0.451818,0,0,0,0,0.10250400000000003,0.59415,0.18191125000000002,0.035613000000000006,0.6762332,0.519682,0.3516822416666667,0,0,0,0,0,0,0,0.451818,0.15889636706535,0.13584876681525512,0
21,fake_07770_udio_0,1,fake,1,0.959785,1,0.975267,1,1,1,0.58148,0.274725,0.01,2.306734,0.996851,3.36099,-3.991198,3.020644,True,,,sample_0021_fake_07770_udio_0.json,SPECTR,X-Shift,SPECTR | X-Shift,C:\Users\domin\Downloads\jsony\jsony\xshift\sonics,0.246058,0.493715,0.553269,0.118117,0.098599,0.27571,shift,0.05,0.067565,0.000179,1,0.015481999999999996,0.015481999999999996,0.459785,0.475267,-0.015481999999999996,0.950534,0,0,0,0.58148,0.274725,0.41852,0.725275,0.5718975,0,1,1,0,0.3733525714285714,0.996851,0.5902475,0.0022005000000000496,0.6041288,0.753942,0.5534537285714286,0,1,1,0,0,0,0,0.5718975,0.3165188037356786,0.3008618845900895,0
21,fake_19538_udio_0,1,fake,1,0.983757,1,0.986362,1,1,1,0.680329,0.274725,0.01,3.695079,0.987565,4.34295,-1.456003,3.205614,True,,,sample_0021_fake_19538_udio_0.json,SPECTR,X-Shift,SPECTR | X-Shift,C:\Users\domin\Downloads\jsony\jsony\xshift\sonics,0.029988,0.506462,0.533903,0.099318,0.078315,0.120797,shift,0.05,0.065896,0.000208,1,0.0026049999999999685,0.0026049999999999685,0.483757,0.48636199999999996,-0.0026049999999999685,0.9727239999999999,0,0,0,0.680329,0.274725,0.31967100000000004,0.725275,0.522473,0,1,1,0,0.7700225714285713,0.987565,0.8357375,0.63599925,0.6411228,0.970012,0.8067431869047619,0,1,1,0,0,1,0,0.522473,0.42150153309169164,0.4100046572750826,0
21,fake_23884_suno_1,1,fake,1,0.678553,1,0.661347,1,1,1,0.49339,0.298893,0.01,4.423386,0.978929,4.649119,-1.226298,4.015719,True,,,sample_0021_fake_23884_suno_1.json,SPECTR,X-Shift,SPECTR | X-Shift,C:\Users\domin\Downloads\jsony\jsony\xshift\sonics,0.017057,0.493456,0.533243,0.218278,0.202719,0.161485,shift,0.05,0.096163,0.001146,1,-0.017205999999999944,0.017205999999999944,0.17855299999999996,0.16134700000000002,0.017205999999999944,0.32269400000000004,0,0,0,0.49339,0.298893,0.50661,0.7011069999999999,0.6038585,0,1,1,0,0.9781102857142857,0.978929,0.91227975,0.6934255,0.8031438,0.982943,0.8914718892857142,0,1,1,0,0,1,0,0.6038585,0.5383228778562374,0.17371356274694072,0
21,real_01021,0,real,0,0.146942,0,0.179962,1,1,1,0.775052,0.40708,0.01,3.443458,0.8219,3.360719,-1.851683,2.844848,True,,,sample_0021_real_01021.json,SPECTR,X-Shift,SPECTR | X-Shift,C:\Users\domin\Downloads\jsony\jsony\xshift\sonics,0.073585,0.367015,0.695492,0.251877,0.184398,0.126728,shift,0.05,0.11722,0.000963,1,0.03302000000000002,0.03302000000000002,0.353058,0.320038,0.033019999999999994,0.640076,0,0,0,0.775052,0.40708,0.22494800000000004,0.59292,0.408934,0,0,0,0,0.6981308571428572,0.8219,0.59017975,0.53707925,0.5689696,0.926415,0.6904457428571429,0,0,0,0,0,0,0,0.408934,0.28234673940954286,0.18072337157430254,0
22,fake_12630_suno_1,1,fake,0,0.32672,0,0.24013,0,0,1,0.479677,0.295238,0.01,4.532967,0.999931,4.998202,-0.060843,4.991524,True,,,sample_0022_fake_12630_suno_1.json,SPECTR,X-Shift,SPECTR | X-Shift,C:\Users\domin\Downloads\jsony\jsony\xshift\sonics,0.000921,0.362997,0.500117,0.226171,0.071385,0.121648,shift,0.05,0.114472,0.023438,1,-0.08659,0.08659,0.17328,0.25987,-0.08659,0.51974,0,0,0,0.479677,0.295238,0.520323,0.704762,0.6125425,0,1,1,0,1.0,0.999931,0.9995505,0.98478925,0.9983048,0.999079,0.996942425,0,1,1,0,0,1,0,0.6125425,0.6106696053655625,0.31738942069269743,0
22,fake_23853_udio_1,1,fake,1,0.960786,1,0.965744,1,1,1,0.758697,0.318182,0.01,3.870007,0.997355,4.590176,-3.981261,3.441761,True,,,sample_0022_fake_23853_udio_1.json,SPECTR,X-Shift,SPECTR | X-Shift,C:\Users\domin\Downloads\jsony\jsony\xshift\sonics,0.062258,0.548574,0.504343,0.131394,0.135862,0.272411,shift,0.05,0.064409,0.000858,1,0.004958000000000018,0.004958000000000018,0.46078600000000003,0.46574400000000005,-0.004958000000000018,0.9314880000000001,0,0,0,0.758697,0.318182,0.24130300000000005,0.681818,0.46156050000000004,0,0,0,0,0.820002,0.997355,0.8975439999999999,0.004684750000000015,0.6883522,0.937742,0.7242799916666667,0,0,0,0,0,1,0,0.46156050000000004,0.33429903509366254,0.31139553960132554,0
22,fake_37097_udio_0,1,fake,1,0.976906,1,0.971808,1,1,1,0.407924,0.227513,0.01,3.421311,0.968625,4.163935,-2.383399,3.355564,True,,,sample_0022_fake_37097_udio_0.json,SPECTR,X-Shift,SPECTR | X-Shift,C:\Users\domin\Downloads\jsony\jsony\xshift\sonics,0.109436,0.479824,0.529284,0.091047,0.075304,0.210243,shift,0.05,0.08369,0.00022,1,-0.005098000000000047,0.005098000000000047,0.47690600000000005,0.471808,0.005098000000000047,0.943616,0,0,0,0.407924,0.227513,0.592076,0.772487,0.6822815,0,1,1,0,0.691803142857143,0.968625,0.7909837500000001,0.40415025000000004,0.6711128000000001,0.890564,0.7362064904761905,0,1,1,0,0,1,0,0.6822815,0.502300068631831,0.4739783815620938,0
22,fake_52861_suno_1,1,fake,1,0.75708,1,0.749562,1,1,1,0.459068,0.283582,0.01,4.558871,0.999452,4.989446,-0.170357,4.979831,True,,,sample_0022_fake_52861_suno_1.json,SPECTR,X-Shift,SPECTR | X-Shift,C:\Users\domin\Downloads\jsony\jsony\xshift\sonics,0.00114,0.428339,0.534202,0.180072,0.106111,0.09563,shift,0.05,0.128203,0.009949,1,-0.007518000000000025,0.007518000000000025,0.25708,0.24956199999999995,0.007518000000000025,0.4991239999999999,0,0,0,0.459068,0.283582,0.540932,0.716418,0.628675,0,1,1,0,1.0,0.999452,0.9973615,0.95741075,0.9959662,0.99886,0.9915084083333333,0,1,1,0,0,1,0,0.628675,0.6233365486089583,0.31112223148789764,0
23,fake_31014_suno_0,1,fake,0,0.208286,0,0.186961,0,0,0,0.506484,0.225225,0.01,4.574315,0.999905,4.998351,-0.151468,4.997262,True,,,sample_0023_fake_31014_suno_0.json,SPECTR,X-Shift,SPECTR | X-Shift,C:\Users\domin\Downloads\jsony\jsony\xshift\sonics,0.001303,0.425282,0.455183,0.173187,0.09298,0.067239,shift,0.05,0.080551,0.00621,1,-0.02132500000000001,0.02132500000000001,0.29171400000000003,0.313039,-0.021324999999999983,0.626078,0,0,0,0.506484,0.225225,0.49351599999999995,0.774775,0.6341455,0,1,1,0,1.0,0.999905,0.9995877500000001,0.962133,0.9994524,0.998697,0.9932958583333334,0,1,1,0,0,1,0,0.6341455,0.6298940987307209,0.3943628375451323,0
23,fake_44098_suno_0,1,fake,1,0.95689,1,0.994032,1,1,0,0.599271,0.410959,0.01,2.900914,0.860317,3.52094,-2.429172,3.436684,True,,,sample_0023_fake_44098_suno_0.json,SPECTR,X-Shift,SPECTR | X-Shift,C:\Users\domin\Downloads\jsony\jsony\xshift\sonics,0.112128,0.540212,0.576531,0.238023,0.226289,0.181511,shift,0.05,0.22458,0.002539,1,0.03714200000000001,0.03714200000000001,0.45689,0.494032,-0.03714200000000001,0.988064,0,0,0,0.599271,0.410959,0.400729,0.5890409999999999,0.49488499999999996,0,0,0,0,0.5431182857142858,0.860317,0.630235,0.39270700000000003,0.6873368,0.887872,0.6669310142857143,0,0,0,0,0,0,0,0.49488499999999996,0.3300541550047857,0.3261146286106486,0
23,real_01192,0,real,0,0.067391,0,0.101409,1,1,1,0.711369,0.401361,0.01,2.192475,0.936324,3.835941,-3.987631,3.112679,True,,,sample_0023_real_01192.json,SPECTR,X-Shift,SPECTR | X-Shift,C:\Users\domin\Downloads\jsony\jsony\xshift\sonics,0.236308,0.459589,0.66894,0.294653,0.162294,0.103311,shift,0.05,0.082441,0.00041,1,0.03401799999999999,0.03401799999999999,0.432609,0.39859100000000003,0.03401799999999999,0.7971820000000001,0,0,0,0.711369,0.401361,0.28863099999999997,0.5986389999999999,0.44363499999999995,0,0,0,0,0.3407071428571428,0.936324,0.70898525,0.0030922500000000186,0.6225358,0.763692,0.5625560738095238,0,0,0,0,0,0,0,0.44363499999999995,0.24956956380448805,0.1989523640127894,0
23,real_09723,0,real,0,0.109324,0,0.085379,1,1,1,0.559689,0.316327,0.01,3.50936,0.999601,4.480123,-3.556312,4.023558,True,,,sample_0023_real_09723.json,SPECTR,X-Shift,SPECTR | X-Shift,C:\Users\domin\Downloads\jsony\jsony\xshift\sonics,0.120135,0.446428,0.722267,0.397071,0.162022,0.097393,shift,0.05,0.080664,0.002464,1,-0.023945000000000008,0.023945000000000008,0.390676,0.414621,-0.023944999999999994,0.829242,0,0,0,0.559689,0.316327,0.440311,0.683673,0.561992,0,0,0,0,0.71696,0.999601,0.87003075,0.11092199999999997,0.8047116000000001,0.879865,0.7303483916666668,0,0,0,0,0,1,0,0.561992,0.41044995332953343,0.340362340198889,0
24,fake_05418_udio_0,1,fake,1,0.976122,1,0.988019,1,1,1,0.590909,0.240642,0.01,3.855295,0.998434,4.569531,-3.836629,3.449435,True,,,sample_0024_fake_05418_udio_0.json,SPECTR,X-Shift,SPECTR | X-Shift,C:\Users\domin\Downloads\jsony\jsony\xshift\sonics,0.050751,0.516702,0.571386,0.202301,0.133608,0.11116,shift,0.05,0.081411,0.000422,1,0.011896999999999935,0.011896999999999935,0.47612200000000005,0.488019,-0.011896999999999935,0.976038,0,0,0,0.590909,0.240642,0.409091,0.759358,0.5842244999999999,0,1,1,0,0.8157985714285714,0.998434,0.8923827499999999,0.04084275000000004,0.6898869999999999,0.949249,0.7310990119047619,0,1,1,0,0,1,0,0.5842244999999999,0.42712595468055353,0.4168911625544981,0
24,fake_23504_suno_1,1,fake,0,0.386542,0,0.452249,0,0,0,0.379759,0.215517,0.01,4.091988,0.967893,4.174647,-1.969705,3.644064,True,,,sample_0024_fake_23504_suno_1.json,SPECTR,X-Shift,SPECTR | X-Shift,C:\Users\domin\Downloads\jsony\jsony\xshift\sonics,0.028626,0.433087,0.499756,0.163372,0.109085,0.1461,shift,0.05,0.084093,0.000243,1,0.06570700000000002,0.06570700000000002,0.113458,0.04775099999999999,0.06570700000000002,0.09550199999999998,1,1,1,0.379759,0.215517,0.620241,0.784483,0.702362,1,1,1,1,0.8834251428571428,0.967893,0.79366175,0.5075737499999999,0.7288128,0.971374,0.8087900738095238,1,1,1,1,1,1,1,0.702362,0.5680634138210048,0.05425119214673359,0
24,fake_26293_suno_0,1,fake,1,0.988799,1,0.955027,1,1,0,0.337521,0.274809,0.01,3.548789,0.897178,3.753357,-1.979621,3.187418,True,,,sample_0024_fake_26293_suno_0.json,SPECTR,X-Shift,SPECTR | X-Shift,C:\Users\domin\Downloads\jsony\jsony\xshift\sonics,0.133352,0.475648,0.486916,0.209354,0.203804,0.173195,shift,0.05,0.170629,0.003094,1,-0.033772000000000024,0.033772000000000024,0.488799,0.45502699999999996,0.033772000000000024,0.9100539999999999,0,0,0,0.337521,0.274809,0.662479,0.7251909999999999,0.693835,1,1,1,1,0.7282254285714286,0.897178,0.68833925,0.50509475,0.6374836,0.866648,0.7204948380952381,1,1,1,1,1,1,1,0.693835,0.4999045359898095,0.45494012259567007,0
24,real_07293,0,real,0,0.347454,0,0.363511,1,1,0,0.769603,0.36803,0.01,4.0,0.947105,3.982042,-2.240611,3.458689,True,,,sample_0024_real_07293.json,SPECTR,X-Shift,SPECTR | X-Shift,C:\Users\domin\Downloads\jsony\jsony\xshift\sonics,0.198544,0.406807,0.731318,0.308251,0.114717,0.102884,shift,0.05,0.084188,0.000594,1,0.016056999999999988,0.016056999999999988,0.15254600000000001,0.13648900000000003,0.016056999999999988,0.27297800000000005,0,0,0,0.769603,0.36803,0.23039699999999996,0.6319699999999999,0.43118349999999994,0,0,0,0,0.8571428571428571,0.947105,0.7455105,0.43984725,0.6917378000000001,0.801456,0.7471332345238095,0,0,0,0,0,1,0,0.43118349999999994,0.32215152302829697,0.08794027845321847,0
